analysis,label_variant,estimator,hypothesis,model,site,contrast,registered_contrast,status,point_estimate,ci_low,ci_high,ci_low_bonferroni6,ci_high_bonferroni6,p_two_sided_bootstrap,ci_side,reaches_materiality,interval_excludes_materiality,within_materiality_bounds,verdict,materiality_applied,verdict_with_stage10_materiality
primary,primary,original,H1,M1,,external C0 - source C0,False,not_registered,0.0734191025,0.0667566189,0.0801875479,0.0642492898,0.0821666227,0.0009995002,hypothesised,True,True,False,confirmed,0.0200000000,
primary,primary,original,H1,M2,,external C0 - source C0,False,not_registered,0.0763164185,0.0687250749,0.0837796694,0.0662980357,0.0858181391,0.0009995002,hypothesised,True,True,False,confirmed,0.0200000000,
primary,primary,original,H1,M3,,external C0 - source C0,True,confirmatory,0.0468788769,0.0407778223,0.0530729958,0.0388103884,0.0555111498,0.0009995002,hypothesised,True,True,False,confirmed,0.0200000000,
primary,primary,original,H1,M4,,external C0 - source C0,True,confirmatory,0.0383897131,0.0335627288,0.0430422775,0.0315473567,0.0444230339,0.0009995002,hypothesised,True,True,False,confirmed,0.0200000000,
primary,primary,original,H2,M3,,interaction C1,True,confirmatory,0.0024330739,-0.0027439646,0.0076055151,-0.0046373363,0.0099721169,0.3548225887,spans_zero,False,False,True,inconclusive,0.0200000000,
primary,primary,original,H2,M3,,interaction C2,False,not_registered,-0.0218901425,-0.0278898538,-0.0160228016,-0.0298624891,-0.0142128201,0.0009995002,opposite,False,False,False,opposite_direction_material,0.0200000000,
primary,primary,original,H2,M4,,interaction C1,True,confirmatory,0.0096347572,0.0048106648,0.0143993206,0.0033234327,0.0158178427,0.0029985007,hypothesised,False,False,True,same_direction_not_material,0.0200000000,
primary,primary,original,H2,M4,,interaction C2,False,not_registered,-0.0136841906,-0.0185333965,-0.0086682602,-0.0206197208,-0.0071341595,0.0009995002,opposite,False,False,True,opposite_direction_not_material,0.0200000000,
primary,primary,original,H3,M3,,transfer gap M3 - transfer gap M1,False,not_registered,-0.0265402256,-0.0321155127,-0.0211694274,-0.0339572585,-0.0194062876,0.0009995002,opposite,,,,opposite_direction_not_material,,opposite_direction_material
primary,primary,original,H3,M4,,transfer gap M4 - transfer gap M1,False,not_registered,-0.0350293894,-0.0408057293,-0.0291571799,-0.0428717298,-0.0276209052,0.0009995002,opposite,,,,opposite_direction_not_material,,opposite_direction_material
primary,primary,original,H4,M3,source,C2 - C1,True,secondary,0.0474566844,0.0422430453,0.0523702498,0.0403447175,0.0541449150,0.0009995002,hypothesised,,,,confirmed,,
primary,primary,original,H4,M4,source,C2 - C1,True,secondary,0.0173261415,0.0125245461,0.0217231913,0.0110154235,0.0234527484,0.0009995002,hypothesised,,,,confirmed,,
primary,primary,original,H4,M3,external,C2 - C1,True,secondary,0.0231334680,0.0211415162,0.0249913512,0.0205523039,0.0254977689,0.0009995002,hypothesised,,,,confirmed,,
primary,primary,original,H4,M4,external,C2 - C1,True,secondary,-0.0059928062,-0.0079593530,-0.0040763269,-0.0083972895,-0.0033953605,0.0009995002,opposite,,,,opposite_direction_not_material,,
primary,primary,evaluable_study,H1,M1,,external C0 - source C0,False,not_registered,0.0119719568,-0.0002196983,0.0244113906,-0.0038516779,0.0283653922,0.0589705147,spans_zero,False,False,False,inconclusive,0.0200000000,
primary,primary,evaluable_study,H1,M2,,external C0 - source C0,False,not_registered,-0.0172904005,-0.0292168134,-0.0054204312,-0.0337959478,-0.0020531636,0.0049975012,opposite,False,False,False,opposite_direction_not_material,0.0200000000,
primary,primary,evaluable_study,H1,M3,,external C0 - source C0,True,confirmatory,-0.0042243912,-0.0144850205,0.0061481246,-0.0182080829,0.0100121155,0.4527736132,spans_zero,False,False,True,inconclusive,0.0200000000,
primary,primary,evaluable_study,H1,M4,,external C0 - source C0,True,confirmatory,-0.0017788687,-0.0107936275,0.0063945024,-0.0141080268,0.0089594528,0.6546726637,spans_zero,False,False,True,inconclusive,0.0200000000,
primary,primary,evaluable_study,H2,M3,,interaction C1,True,confirmatory,0.0048082241,-0.0037841393,0.0134494084,-0.0071581097,0.0177504158,0.2588705647,spans_zero,False,False,True,inconclusive,0.0200000000,
primary,primary,evaluable_study,H2,M3,,interaction C2,False,not_registered,-0.0472291042,-0.0572051243,-0.0374155876,-0.0607962293,-0.0345659648,0.0009995002,opposite,False,False,False,opposite_direction_material,0.0200000000,
primary,primary,evaluable_study,H2,M4,,interaction C1,True,confirmatory,0.0088865754,0.0002257503,0.0173196392,-0.0017857599,0.0198316951,0.0449775112,hypothesised,False,False,True,same_direction_not_material,0.0200000000,
primary,primary,evaluable_study,H2,M4,,interaction C2,False,not_registered,-0.0289042225,-0.0376878146,-0.0199327819,-0.0410516921,-0.0170639980,0.0009995002,opposite,False,False,False,opposite_direction_material,0.0200000000,
primary,primary,evaluable_study,H3,M3,,transfer gap M3 - transfer gap M1,False,not_registered,-0.0161963479,-0.0255958719,-0.0069506502,-0.0284953910,-0.0034685955,0.0019990005,opposite,,,,opposite_direction_not_material,,opposite_direction_not_material
primary,primary,evaluable_study,H3,M4,,transfer gap M4 - transfer gap M1,False,not_registered,-0.0137508255,-0.0243414125,-0.0028558082,-0.0277173121,0.0005481335,0.0109945027,opposite,,,,opposite_direction_not_material,,opposite_direction_not_material
primary,primary,evaluable_study,H4,M3,source,C2 - C1,True,secondary,0.0783371829,0.0690932547,0.0865351348,0.0658344833,0.0902985071,0.0009995002,hypothesised,,,,confirmed,,
primary,primary,evaluable_study,H4,M4,source,C2 - C1,True,secondary,0.0300572622,0.0214592875,0.0383288174,0.0185033806,0.0417499802,0.0009995002,hypothesised,,,,confirmed,,
primary,primary,evaluable_study,H4,M3,external,C2 - C1,True,secondary,0.0262998546,0.0239745015,0.0285531052,0.0232144519,0.0291091966,0.0009995002,hypothesised,,,,confirmed,,
primary,primary,evaluable_study,H4,M4,external,C2 - C1,True,secondary,-0.0077335358,-0.0100939804,-0.0054390336,-0.0105920658,-0.0046120516,0.0009995002,opposite,,,,opposite_direction_not_material,,
primary,primary,cell_micro,H1,M1,,external C0 - source C0,False,not_registered,0.0156307590,0.0047614465,0.0269197992,0.0001779147,0.0304343520,0.0099950025,hypothesised,False,False,False,same_direction_not_material,0.0200000000,
primary,primary,cell_micro,H1,M2,,external C0 - source C0,False,not_registered,-0.0013344463,-0.0136070830,0.0108862641,-0.0177880467,0.0143653141,0.7966016992,spans_zero,False,False,True,inconclusive,0.0200000000,
primary,primary,cell_micro,H1,M3,,external C0 - source C0,True,confirmatory,-0.0026398566,-0.0120135767,0.0068862360,-0.0148198494,0.0101134875,0.5677161419,spans_zero,False,False,True,inconclusive,0.0200000000,
primary,primary,cell_micro,H1,M4,,external C0 - source C0,True,confirmatory,0.0075924450,-0.0004247586,0.0153896920,-0.0037445935,0.0178101110,0.0669665167,spans_zero,False,False,True,inconclusive,0.0200000000,
primary,primary,cell_micro,H2,M3,,interaction C1,True,confirmatory,0.0044248314,-0.0032666782,0.0124623110,-0.0061416171,0.0154796830,0.2618690655,spans_zero,False,False,True,inconclusive,0.0200000000,
primary,primary,cell_micro,H2,M3,,interaction C2,False,not_registered,-0.0434627494,-0.0525407099,-0.0349091835,-0.0553378946,-0.0321766447,0.0009995002,opposite,False,False,False,opposite_direction_material,0.0200000000,
primary,primary,cell_micro,H2,M4,,interaction C1,True,confirmatory,-0.0067971725,-0.0144254043,0.0004606546,-0.0164447351,0.0026339743,0.0749625187,spans_zero,False,False,True,inconclusive,0.0200000000,
primary,primary,cell_micro,H2,M4,,interaction C2,False,not_registered,-0.0245768569,-0.0325490959,-0.0168603498,-0.0351262889,-0.0142399752,0.0009995002,opposite,False,False,False,opposite_direction_material,0.0200000000,
primary,primary,cell_micro,H3,M3,,transfer gap M3 - transfer gap M1,False,not_registered,-0.0182706156,-0.0264485856,-0.0098716452,-0.0293778504,-0.0067527178,0.0009995002,opposite,,,,opposite_direction_not_material,,opposite_direction_not_material
primary,primary,cell_micro,H3,M4,,transfer gap M4 - transfer gap M1,False,not_registered,-0.0080383140,-0.0166762751,0.0008721037,-0.0200108715,0.0039447187,0.0679660170,spans_zero,,,,inconclusive,,inconclusive
primary,primary,cell_micro,H4,M3,source,C2 - C1,True,secondary,0.0772657772,0.0692136779,0.0849155501,0.0665450522,0.0878705961,0.0009995002,hypothesised,,,,confirmed,,
primary,primary,cell_micro,H4,M4,source,C2 - C1,True,secondary,0.0224852490,0.0148927129,0.0297350539,0.0122733316,0.0323773356,0.0009995002,hypothesised,,,,confirmed,,
primary,primary,cell_micro,H4,M3,external,C2 - C1,True,secondary,0.0293781965,0.0273151536,0.0313934273,0.0266073304,0.0320469247,0.0009995002,hypothesised,,,,confirmed,,
primary,primary,cell_micro,H4,M4,external,C2 - C1,True,secondary,0.0047055646,0.0024658231,0.0068362847,0.0019409687,0.0076240659,0.0009995002,hypothesised,,,,confirmed,,
primary,primary,pathology_macro,H1,M1,,external C0 - source C0,False,not_registered,0.0474402718,0.0362075539,0.0587863342,0.0326866458,0.0629257399,0.0009995002,hypothesised,True,True,False,confirmed,0.0200000000,
primary,primary,pathology_macro,H1,M2,,external C0 - source C0,False,not_registered,0.0157343244,0.0043897138,0.0270946807,-0.0008286732,0.0307829526,0.0149925037,hypothesised,False,False,False,same_direction_not_material,0.0200000000,
primary,primary,pathology_macro,H1,M3,,external C0 - source C0,True,confirmatory,0.0187546450,0.0088560744,0.0286951156,0.0055207108,0.0339420771,0.0009995002,hypothesised,False,False,False,same_direction_not_material,0.0200000000,
primary,primary,pathology_macro,H1,M4,,external C0 - source C0,True,confirmatory,0.0062860200,-0.0022084083,0.0142522547,-0.0046271779,0.0163001931,0.1489255372,spans_zero,False,False,True,inconclusive,0.0200000000,
primary,primary,pathology_macro,H2,M3,,interaction C1,True,confirmatory,0.0058620243,-0.0028075739,0.0145775386,-0.0063714619,0.0180616324,0.1789105447,spans_zero,False,False,True,inconclusive,0.0200000000,
primary,primary,pathology_macro,H2,M3,,interaction C2,False,not_registered,-0.0454811048,-0.0560245012,-0.0361099843,-0.0586417413,-0.0324568658,0.0009995002,opposite,False,False,False,opposite_direction_material,0.0200000000,
primary,primary,pathology_macro,H2,M4,,interaction C1,True,confirmatory,-0.0199198971,-0.0282494492,-0.0117911297,-0.0310591479,-0.0092237949,0.0009995002,opposite,False,False,False,opposite_direction_not_material,0.0200000000,
primary,primary,pathology_macro,H2,M4,,interaction C2,False,not_registered,-0.0265126204,-0.0348930575,-0.0181910910,-0.0376245635,-0.0156346498,0.0009995002,opposite,False,False,False,opposite_direction_material,0.0200000000,
primary,primary,pathology_macro,H3,M3,,transfer gap M3 - transfer gap M1,False,not_registered,-0.0286856268,-0.0370207520,-0.0200950388,-0.0400751068,-0.0166118227,0.0009995002,opposite,,,,opposite_direction_not_material,,opposite_direction_material
primary,primary,pathology_macro,H3,M4,,transfer gap M4 - transfer gap M1,False,not_registered,-0.0411542518,-0.0503100604,-0.0321094168,-0.0536384631,-0.0293766895,0.0009995002,opposite,,,,opposite_direction_not_material,,opposite_direction_material
primary,primary,pathology_macro,H4,M3,source,C2 - C1,True,secondary,0.0761403160,0.0671590823,0.0852854157,0.0639539493,0.0883561421,0.0009995002,hypothesised,,,,confirmed,,
primary,primary,pathology_macro,H4,M4,source,C2 - C1,True,secondary,0.0194696658,0.0111479403,0.0275516444,0.0087373263,0.0298260659,0.0009995002,hypothesised,,,,confirmed,,
primary,primary,pathology_macro,H4,M3,external,C2 - C1,True,secondary,0.0247971868,0.0224120726,0.0271178213,0.0216013931,0.0280235288,0.0009995002,hypothesised,,,,confirmed,,
primary,primary,pathology_macro,H4,M4,external,C2 - C1,True,secondary,0.0128769426,0.0107142419,0.0149929221,0.0099618405,0.0157648655,0.0009995002,hypothesised,,,,confirmed,,
primary,unmentioned_negative,original,H1,M1,,external C0 - source C0,False,not_registered,0.0649690358,0.0532224225,0.0774033908,0.0492146106,0.0816221374,0.0009995002,hypothesised,True,True,False,confirmed,0.0200000000,
primary,unmentioned_negative,original,H1,M2,,external C0 - source C0,False,not_registered,0.0729372143,0.0665638944,0.0796266617,0.0647947257,0.0814940853,0.0009995002,hypothesised,True,True,False,confirmed,0.0200000000,
primary,unmentioned_negative,original,H1,M3,,external C0 - source C0,True,confirmatory,0.0828272137,0.0723783338,0.0941985317,0.0686130275,0.0987634868,0.0009995002,hypothesised,True,True,False,confirmed,0.0200000000,
primary,unmentioned_negative,original,H1,M4,,external C0 - source C0,True,confirmatory,0.1306613481,0.1211684595,0.1406705614,0.1181387858,0.1447908778,0.0009995002,hypothesised,True,True,False,confirmed,0.0200000000,
primary,unmentioned_negative,original,H2,M3,,interaction C1,True,confirmatory,-0.0326966808,-0.0371569364,-0.0279300318,-0.0389791155,-0.0263885292,0.0009995002,opposite,False,False,False,opposite_direction_material,0.0200000000,
primary,unmentioned_negative,original,H2,M3,,interaction C2,False,not_registered,0.0104738774,0.0046017198,0.0158041387,0.0027658399,0.0179387346,0.0019990005,hypothesised,False,False,True,same_direction_not_material,0.0200000000,
primary,unmentioned_negative,original,H2,M4,,interaction C1,True,confirmatory,-0.0353602553,-0.0401902892,-0.0303213245,-0.0419552455,-0.0289077887,0.0009995002,opposite,False,False,False,opposite_direction_material,0.0200000000,
primary,unmentioned_negative,original,H2,M4,,interaction C2,False,not_registered,0.0157571257,0.0104521652,0.0210420256,0.0083506704,0.0226121283,0.0009995002,hypothesised,False,False,False,same_direction_not_material,0.0200000000,
primary,unmentioned_negative,original,H3,M3,,transfer gap M3 - transfer gap M1,False,not_registered,0.0178581779,0.0126435561,0.0232100031,0.0110098647,0.0252804410,0.0009995002,hypothesised,,,,confirmed,,same_direction_not_material
primary,unmentioned_negative,original,H3,M4,,transfer gap M4 - transfer gap M1,False,not_registered,0.0656923123,0.0588237052,0.0725097842,0.0563365395,0.0754767043,0.0009995002,hypothesised,,,,confirmed,,confirmed
primary,unmentioned_negative,original,H4,M3,source,C2 - C1,True,secondary,0.0180732770,0.0130489628,0.0229813504,0.0113325700,0.0249995353,0.0009995002,hypothesised,,,,confirmed,,
primary,unmentioned_negative,original,H4,M4,source,C2 - C1,True,secondary,0.0215212571,0.0169785715,0.0263124379,0.0157778971,0.0278506366,0.0009995002,hypothesised,,,,confirmed,,
primary,unmentioned_negative,original,H4,M3,external,C2 - C1,True,secondary,0.0612438352,0.0597596323,0.0627236124,0.0591224506,0.0631526614,0.0009995002,hypothesised,,,,confirmed,,
primary,unmentioned_negative,original,H4,M4,external,C2 - C1,True,secondary,0.0726386381,0.0710410052,0.0741514196,0.0703995729,0.0747513931,0.0009995002,hypothesised,,,,confirmed,,
primary,unmentioned_negative,evaluable_study,H1,M1,,external C0 - source C0,False,not_registered,0.0649470846,0.0531938372,0.0773813703,0.0492000159,0.0816076973,0.0009995002,hypothesised,True,True,False,confirmed,0.0200000000,
primary,unmentioned_negative,evaluable_study,H1,M2,,external C0 - source C0,False,not_registered,0.0728920537,0.0664929933,0.0795634565,0.0647572127,0.0814794734,0.0009995002,hypothesised,True,True,False,confirmed,0.0200000000,
primary,unmentioned_negative,evaluable_study,H1,M3,,external C0 - source C0,True,confirmatory,0.0828272137,0.0723783338,0.0941985317,0.0686130275,0.0987634868,0.0009995002,hypothesised,True,True,False,confirmed,0.0200000000,
primary,unmentioned_negative,evaluable_study,H1,M4,,external C0 - source C0,True,confirmatory,0.1306289410,0.1211298813,0.1406399633,0.1180171333,0.1447055746,0.0009995002,hypothesised,True,True,False,confirmed,0.0200000000,
primary,unmentioned_negative,evaluable_study,H2,M3,,interaction C1,True,confirmatory,-0.0327237029,-0.0372060530,-0.0279810331,-0.0390153618,-0.0264339588,0.0009995002,opposite,False,False,False,opposite_direction_material,0.0200000000,
primary,unmentioned_negative,evaluable_study,H2,M3,,interaction C2,False,not_registered,0.0104417107,0.0045684543,0.0158031346,0.0027658399,0.0179387346,0.0019990005,hypothesised,False,False,True,same_direction_not_material,0.0200000000,
primary,unmentioned_negative,evaluable_study,H2,M4,,interaction C1,True,confirmatory,-0.0353278482,-0.0401686104,-0.0302765253,-0.0419443034,-0.0288858100,0.0009995002,opposite,False,False,False,opposite_direction_material,0.0200000000,
primary,unmentioned_negative,evaluable_study,H2,M4,,interaction C2,False,not_registered,0.0157581466,0.0104521826,0.0210451421,0.0083512380,0.0226148314,0.0009995002,hypothesised,False,False,False,same_direction_not_material,0.0200000000,
primary,unmentioned_negative,evaluable_study,H3,M3,,transfer gap M3 - transfer gap M1,False,not_registered,0.0178801292,0.0126512383,0.0232142483,0.0110385182,0.0253172666,0.0009995002,hypothesised,,,,confirmed,,same_direction_not_material
primary,unmentioned_negative,evaluable_study,H3,M4,,transfer gap M4 - transfer gap M1,False,not_registered,0.0656818564,0.0588124122,0.0725097842,0.0563207303,0.0754704821,0.0009995002,hypothesised,,,,confirmed,,confirmed
primary,unmentioned_negative,evaluable_study,H4,M3,source,C2 - C1,True,secondary,0.0180784216,0.0130489628,0.0229814960,0.0113371016,0.0250034779,0.0009995002,hypothesised,,,,confirmed,,
primary,unmentioned_negative,evaluable_study,H4,M4,source,C2 - C1,True,secondary,0.0215526433,0.0169963860,0.0263381099,0.0158194195,0.0279751638,0.0009995002,hypothesised,,,,confirmed,,
primary,unmentioned_negative,evaluable_study,H4,M3,external,C2 - C1,True,secondary,0.0612438352,0.0597596323,0.0627236124,0.0591224506,0.0631526614,0.0009995002,hypothesised,,,,confirmed,,
primary,unmentioned_negative,evaluable_study,H4,M4,external,C2 - C1,True,secondary,0.0726386381,0.0710410052,0.0741514196,0.0703995729,0.0747513931,0.0009995002,hypothesised,,,,confirmed,,
primary,unmentioned_negative,cell_micro,H1,M1,,external C0 - source C0,False,not_registered,0.0664992393,0.0547284922,0.0790018193,0.0505576376,0.0833565420,0.0009995002,hypothesised,True,True,False,confirmed,0.0200000000,
primary,unmentioned_negative,cell_micro,H1,M2,,external C0 - source C0,False,not_registered,0.0706349373,0.0641773694,0.0774135184,0.0626168407,0.0795289173,0.0009995002,hypothesised,True,True,False,confirmed,0.0200000000,
primary,unmentioned_negative,cell_micro,H1,M3,,external C0 - source C0,True,confirmatory,0.0837239417,0.0731671992,0.0952002038,0.0691633421,0.0996923239,0.0009995002,hypothesised,True,True,False,confirmed,0.0200000000,
primary,unmentioned_negative,cell_micro,H1,M4,,external C0 - source C0,True,confirmatory,0.1308145840,0.1212767538,0.1408801420,0.1178639205,0.1447439838,0.0009995002,hypothesised,True,True,False,confirmed,0.0200000000,
primary,unmentioned_negative,cell_micro,H2,M3,,interaction C1,True,confirmatory,-0.0336622204,-0.0380810639,-0.0288608080,-0.0397232883,-0.0273332401,0.0009995002,opposite,False,False,False,opposite_direction_material,0.0200000000,
primary,unmentioned_negative,cell_micro,H2,M3,,interaction C2,False,not_registered,0.0105123175,0.0046386766,0.0158492325,0.0029076576,0.0179990979,0.0019990005,hypothesised,False,False,True,same_direction_not_material,0.0200000000,
primary,unmentioned_negative,cell_micro,H2,M4,,interaction C1,True,confirmatory,-0.0352650722,-0.0400454687,-0.0301465950,-0.0416346303,-0.0286963669,0.0009995002,opposite,False,False,False,opposite_direction_material,0.0200000000,
primary,unmentioned_negative,cell_micro,H2,M4,,interaction C2,False,not_registered,0.0162744240,0.0110533760,0.0216470391,0.0088316149,0.0232621671,0.0009995002,hypothesised,False,False,False,same_direction_not_material,0.0200000000,
primary,unmentioned_negative,cell_micro,H3,M3,,transfer gap M3 - transfer gap M1,False,not_registered,0.0172247024,0.0120317867,0.0225948668,0.0106475153,0.0244511064,0.0009995002,hypothesised,,,,confirmed,,same_direction_not_material
primary,unmentioned_negative,cell_micro,H3,M4,,transfer gap M4 - transfer gap M1,False,not_registered,0.0643153447,0.0574487616,0.0710795441,0.0548809001,0.0739264314,0.0009995002,hypothesised,,,,confirmed,,confirmed
primary,unmentioned_negative,cell_micro,H4,M3,source,C2 - C1,True,secondary,0.0186255121,0.0136380656,0.0235137534,0.0118846230,0.0254417946,0.0009995002,hypothesised,,,,confirmed,,
primary,unmentioned_negative,cell_micro,H4,M4,source,C2 - C1,True,secondary,0.0206950539,0.0161889895,0.0254504345,0.0149762284,0.0269782885,0.0009995002,hypothesised,,,,confirmed,,
primary,unmentioned_negative,cell_micro,H4,M3,external,C2 - C1,True,secondary,0.0628000500,0.0613454126,0.0643173041,0.0606988050,0.0646862458,0.0009995002,hypothesised,,,,confirmed,,
primary,unmentioned_negative,cell_micro,H4,M4,external,C2 - C1,True,secondary,0.0722345501,0.0706469602,0.0737206965,0.0700343795,0.0743388952,0.0009995002,hypothesised,,,,confirmed,,
primary,unmentioned_negative,pathology_macro,H1,M1,,external C0 - source C0,False,not_registered,0.0687293926,0.0568719184,0.0812664136,0.0528810802,0.0855640641,0.0009995002,hypothesised,True,True,False,confirmed,0.0200000000,
primary,unmentioned_negative,pathology_macro,H1,M2,,external C0 - source C0,False,not_registered,0.0670751505,0.0606444101,0.0738655590,0.0590473405,0.0760808645,0.0009995002,hypothesised,True,True,False,confirmed,0.0200000000,
primary,unmentioned_negative,pathology_macro,H1,M3,,external C0 - source C0,True,confirmatory,0.0860967805,0.0755025869,0.0975132338,0.0715210674,0.1020627024,0.0009995002,hypothesised,True,True,False,confirmed,0.0200000000,
primary,unmentioned_negative,pathology_macro,H1,M4,,external C0 - source C0,True,confirmatory,0.1344427276,0.1248736093,0.1445168526,0.1215267200,0.1484974432,0.0009995002,hypothesised,True,True,False,confirmed,0.0200000000,
primary,unmentioned_negative,pathology_macro,H2,M3,,interaction C1,True,confirmatory,-0.0352810741,-0.0397330217,-0.0304062844,-0.0413626142,-0.0289028366,0.0009995002,opposite,False,False,False,opposite_direction_material,0.0200000000,
primary,unmentioned_negative,pathology_macro,H2,M3,,interaction C2,False,not_registered,0.0101757579,0.0043161991,0.0155485421,0.0025709382,0.0176803061,0.0019990005,hypothesised,False,False,True,same_direction_not_material,0.0200000000,
primary,unmentioned_negative,pathology_macro,H2,M4,,interaction C1,True,confirmatory,-0.0351046373,-0.0398415022,-0.0300279397,-0.0416144064,-0.0285294343,0.0009995002,opposite,False,False,False,opposite_direction_material,0.0200000000,
primary,unmentioned_negative,pathology_macro,H2,M4,,interaction C2,False,not_registered,0.0160983785,0.0108692222,0.0214644586,0.0086518128,0.0231557137,0.0009995002,hypothesised,False,False,False,same_direction_not_material,0.0200000000,
primary,unmentioned_negative,pathology_macro,H3,M3,,transfer gap M3 - transfer gap M1,False,not_registered,0.0173673879,0.0121766015,0.0227350370,0.0107899319,0.0245941602,0.0009995002,hypothesised,,,,confirmed,,same_direction_not_material
primary,unmentioned_negative,pathology_macro,H3,M4,,transfer gap M4 - transfer gap M1,False,not_registered,0.0657133351,0.0588177006,0.0725877407,0.0563337248,0.0754129132,0.0009995002,hypothesised,,,,confirmed,,confirmed
primary,unmentioned_negative,pathology_macro,H4,M3,source,C2 - C1,True,secondary,0.0182534652,0.0132927884,0.0230824945,0.0115075376,0.0250771964,0.0009995002,hypothesised,,,,confirmed,,
primary,unmentioned_negative,pathology_macro,H4,M4,source,C2 - C1,True,secondary,0.0197917372,0.0152599709,0.0245141839,0.0140179723,0.0260614946,0.0009995002,hypothesised,,,,confirmed,,
primary,unmentioned_negative,pathology_macro,H4,M3,external,C2 - C1,True,secondary,0.0637102973,0.0622344212,0.0652548635,0.0615900171,0.0656273930,0.0009995002,hypothesised,,,,confirmed,,
primary,unmentioned_negative,pathology_macro,H4,M4,external,C2 - C1,True,secondary,0.0709947529,0.0694482214,0.0724806632,0.0687664036,0.0730806076,0.0009995002,hypothesised,,,,confirmed,,
primary,uncertain_positive,original,H1,M1,,external C0 - source C0,False,not_registered,0.1074974920,0.1001129037,0.1148228139,0.0981655145,0.1174916819,0.0009995002,hypothesised,True,True,False,confirmed,0.0200000000,
primary,uncertain_positive,original,H1,M2,,external C0 - source C0,False,not_registered,0.0878404424,0.0801811332,0.0954731541,0.0776819085,0.0975923547,0.0009995002,hypothesised,True,True,False,confirmed,0.0200000000,
primary,uncertain_positive,original,H1,M3,,external C0 - source C0,True,confirmatory,0.0637819453,0.0570127114,0.0704801941,0.0552264957,0.0728080420,0.0009995002,hypothesised,True,True,False,confirmed,0.0200000000,
primary,uncertain_positive,original,H1,M4,,external C0 - source C0,True,confirmatory,0.0380271265,0.0325134686,0.0432549164,0.0301241543,0.0453011882,0.0009995002,hypothesised,True,True,False,confirmed,0.0200000000,
primary,uncertain_positive,original,H2,M3,,interaction C1,True,confirmatory,0.0183694958,0.0131808754,0.0238022622,0.0116946203,0.0256892797,0.0009995002,hypothesised,False,False,False,same_direction_not_material,0.0200000000,
primary,uncertain_positive,original,H2,M3,,interaction C2,False,not_registered,-0.0224372982,-0.0286710510,-0.0161774347,-0.0304830190,-0.0137172570,0.0009995002,opposite,False,False,False,opposite_direction_material,0.0200000000,
primary,uncertain_positive,original,H2,M4,,interaction C1,True,confirmatory,0.0252727706,0.0202973713,0.0301133805,0.0183170872,0.0314095721,0.0009995002,hypothesised,True,True,False,confirmed,0.0200000000,
primary,uncertain_positive,original,H2,M4,,interaction C2,False,not_registered,-0.0111285451,-0.0163920752,-0.0058565362,-0.0182783445,-0.0039430976,0.0009995002,opposite,False,False,True,opposite_direction_not_material,0.0200000000,
primary,uncertain_positive,original,H3,M3,,transfer gap M3 - transfer gap M1,False,not_registered,-0.0437155467,-0.0493561515,-0.0382420310,-0.0518489154,-0.0360378749,0.0009995002,opposite,,,,opposite_direction_not_material,,opposite_direction_material
primary,uncertain_positive,original,H3,M4,,transfer gap M4 - transfer gap M1,False,not_registered,-0.0694703656,-0.0756449733,-0.0632435507,-0.0771590077,-0.0613682375,0.0009995002,opposite,,,,opposite_direction_not_material,,opposite_direction_material
primary,uncertain_positive,original,H4,M3,source,C2 - C1,True,secondary,0.0551862767,0.0494842721,0.0605582652,0.0479243221,0.0621569490,0.0009995002,hypothesised,,,,confirmed,,
primary,uncertain_positive,original,H4,M4,source,C2 - C1,True,secondary,0.0203675031,0.0154618785,0.0249327258,0.0139139550,0.0264814532,0.0009995002,hypothesised,,,,confirmed,,
primary,uncertain_positive,original,H4,M3,external,C2 - C1,True,secondary,0.0143794827,0.0122357593,0.0163438589,0.0116952922,0.0169457940,0.0009995002,hypothesised,,,,confirmed,,
primary,uncertain_positive,original,H4,M4,external,C2 - C1,True,secondary,-0.0160338125,-0.0178735540,-0.0141505441,-0.0184179789,-0.0134558438,0.0009995002,opposite,,,,opposite_direction_not_material,,
primary,uncertain_positive,evaluable_study,H1,M1,,external C0 - source C0,False,not_registered,0.0269725108,0.0138610698,0.0394942925,0.0097392728,0.0441453195,0.0009995002,hypothesised,True,False,False,confirmed,0.0200000000,
primary,uncertain_positive,evaluable_study,H1,M2,,external C0 - source C0,False,not_registered,-0.0206515926,-0.0321940201,-0.0092350129,-0.0363312948,-0.0061396024,0.0009995002,opposite,False,False,False,opposite_direction_material,0.0200000000,
primary,uncertain_positive,evaluable_study,H1,M3,,external C0 - source C0,True,confirmatory,-0.0025234151,-0.0135042749,0.0080208264,-0.0171662163,0.0121151349,0.6406796602,spans_zero,False,False,True,inconclusive,0.0200000000,
primary,uncertain_positive,evaluable_study,H1,M4,,external C0 - source C0,True,confirmatory,-0.0175855365,-0.0268960647,-0.0090650106,-0.0308033092,-0.0060169290,0.0009995002,opposite,False,False,False,opposite_direction_not_material,0.0200000000,
primary,uncertain_positive,evaluable_study,H2,M3,,interaction C1,True,confirmatory,0.0258354301,0.0176933358,0.0342517297,0.0156982506,0.0375229418,0.0009995002,hypothesised,True,False,False,confirmed,0.0200000000,
primary,uncertain_positive,evaluable_study,H2,M3,,interaction C2,False,not_registered,-0.0445593112,-0.0541013130,-0.0347124449,-0.0571816898,-0.0309046288,0.0009995002,opposite,False,False,False,opposite_direction_material,0.0200000000,
primary,uncertain_positive,evaluable_study,H2,M4,,interaction C1,True,confirmatory,0.0278155835,0.0196878927,0.0360102841,0.0162404398,0.0381832814,0.0009995002,hypothesised,True,False,False,confirmed,0.0200000000,
primary,uncertain_positive,evaluable_study,H2,M4,,interaction C2,False,not_registered,-0.0227281719,-0.0311116439,-0.0141604176,-0.0349127284,-0.0107934243,0.0009995002,opposite,False,False,False,opposite_direction_material,0.0200000000,
primary,uncertain_positive,evaluable_study,H3,M3,,transfer gap M3 - transfer gap M1,False,not_registered,-0.0294959259,-0.0383638832,-0.0204956485,-0.0424315101,-0.0167387442,0.0009995002,opposite,,,,opposite_direction_not_material,,opposite_direction_material
primary,uncertain_positive,evaluable_study,H3,M4,,transfer gap M4 - transfer gap M1,False,not_registered,-0.0445580473,-0.0550769586,-0.0338844549,-0.0573966538,-0.0296688920,0.0009995002,opposite,,,,opposite_direction_not_material,,opposite_direction_material
primary,uncertain_positive,evaluable_study,H4,M3,source,C2 - C1,True,secondary,0.0834823532,0.0742055794,0.0920002238,0.0712736046,0.0947048759,0.0009995002,hypothesised,,,,confirmed,,
primary,uncertain_positive,evaluable_study,H4,M4,source,C2 - C1,True,secondary,0.0319378033,0.0237504319,0.0398146707,0.0202498188,0.0428890359,0.0009995002,hypothesised,,,,confirmed,,
primary,uncertain_positive,evaluable_study,H4,M3,external,C2 - C1,True,secondary,0.0130876119,0.0107996581,0.0152475055,0.0101687705,0.0158673205,0.0009995002,hypothesised,,,,confirmed,,
primary,uncertain_positive,evaluable_study,H4,M4,external,C2 - C1,True,secondary,-0.0186059522,-0.0206713876,-0.0165400475,-0.0212944007,-0.0156877914,0.0009995002,opposite,,,,opposite_direction_not_material,,
primary,uncertain_positive,cell_micro,H1,M1,,external C0 - source C0,False,not_registered,0.0368921701,0.0255720092,0.0488252840,0.0212136920,0.0520336623,0.0009995002,hypothesised,True,True,False,confirmed,0.0200000000,
primary,uncertain_positive,cell_micro,H1,M2,,external C0 - source C0,False,not_registered,-0.0116324404,-0.0231969407,-0.0001508792,-0.0274885292,0.0034041011,0.0459770115,opposite,False,False,False,opposite_direction_not_material,0.0200000000,
primary,uncertain_positive,cell_micro,H1,M3,,external C0 - source C0,True,confirmatory,0.0013149390,-0.0084491807,0.0107882909,-0.0121637884,0.0137832222,0.8425787106,spans_zero,False,False,True,inconclusive,0.0200000000,
primary,uncertain_positive,cell_micro,H1,M4,,external C0 - source C0,True,confirmatory,-0.0099060443,-0.0186958797,-0.0017049686,-0.0222067686,0.0007445938,0.0159920040,opposite,False,False,True,opposite_direction_not_material,0.0200000000,
primary,uncertain_positive,cell_micro,H2,M3,,interaction C1,True,confirmatory,0.0286584160,0.0214058859,0.0362682463,0.0187686993,0.0392477603,0.0009995002,hypothesised,True,True,False,confirmed,0.0200000000,
primary,uncertain_positive,cell_micro,H2,M3,,interaction C2,False,not_registered,-0.0379849596,-0.0464683214,-0.0293526664,-0.0500655261,-0.0264137586,0.0009995002,opposite,False,False,False,opposite_direction_material,0.0200000000,
primary,uncertain_positive,cell_micro,H2,M4,,interaction C1,True,confirmatory,0.0196243099,0.0124576742,0.0263616708,0.0100876310,0.0285804970,0.0009995002,hypothesised,False,False,False,same_direction_not_material,0.0200000000,
primary,uncertain_positive,cell_micro,H2,M4,,interaction C2,False,not_registered,-0.0159730300,-0.0237312597,-0.0085365924,-0.0257075798,-0.0063149059,0.0009995002,opposite,False,False,False,opposite_direction_not_material,0.0200000000,
primary,uncertain_positive,cell_micro,H3,M3,,transfer gap M3 - transfer gap M1,False,not_registered,-0.0355772311,-0.0437986810,-0.0276645161,-0.0475799359,-0.0238032476,0.0009995002,opposite,,,,opposite_direction_not_material,,opposite_direction_material
primary,uncertain_positive,cell_micro,H3,M4,,transfer gap M4 - transfer gap M1,False,not_registered,-0.0467982143,-0.0554432075,-0.0381113242,-0.0580185219,-0.0348854912,0.0009995002,opposite,,,,opposite_direction_not_material,,opposite_direction_material
primary,uncertain_positive,cell_micro,H4,M3,source,C2 - C1,True,secondary,0.0815912331,0.0728996368,0.0897066976,0.0703998427,0.0916396179,0.0009995002,hypothesised,,,,confirmed,,
primary,uncertain_positive,cell_micro,H4,M4,source,C2 - C1,True,secondary,0.0234291766,0.0161410193,0.0302361244,0.0139378892,0.0324528349,0.0009995002,hypothesised,,,,confirmed,,
primary,uncertain_positive,cell_micro,H4,M3,external,C2 - C1,True,secondary,0.0149478575,0.0127934676,0.0168882469,0.0122248957,0.0175029505,0.0009995002,hypothesised,,,,confirmed,,
primary,uncertain_positive,cell_micro,H4,M4,external,C2 - C1,True,secondary,-0.0121681632,-0.0141221628,-0.0102864916,-0.0146722028,-0.0094456156,0.0009995002,opposite,,,,opposite_direction_not_material,,
primary,uncertain_positive,pathology_macro,H1,M1,,external C0 - source C0,False,not_registered,0.0416377454,0.0305217867,0.0531417953,0.0268708122,0.0567462484,0.0009995002,hypothesised,True,True,False,confirmed,0.0200000000,
primary,uncertain_positive,pathology_macro,H1,M2,,external C0 - source C0,False,not_registered,-0.0057540276,-0.0173139090,0.0054093059,-0.0208322642,0.0084661582,0.2888555722,spans_zero,False,False,True,inconclusive,0.0200000000,
primary,uncertain_positive,pathology_macro,H1,M3,,external C0 - source C0,True,confirmatory,0.0043389678,-0.0057455700,0.0143267067,-0.0089067628,0.0175310649,0.4217891054,spans_zero,False,False,True,inconclusive,0.0200000000,
primary,uncertain_positive,pathology_macro,H1,M4,,external C0 - source C0,True,confirmatory,-0.0084043036,-0.0171334126,-0.0001617201,-0.0204325667,0.0032541174,0.0479760120,opposite,False,False,True,opposite_direction_not_material,0.0200000000,
primary,uncertain_positive,pathology_macro,H2,M3,,interaction C1,True,confirmatory,0.0267070893,0.0190015493,0.0354006180,0.0165982592,0.0379822968,0.0009995002,hypothesised,True,False,False,confirmed,0.0200000000,
primary,uncertain_positive,pathology_macro,H2,M3,,interaction C2,False,not_registered,-0.0419590338,-0.0514221824,-0.0326407145,-0.0550299076,-0.0295227966,0.0009995002,opposite,False,False,False,opposite_direction_material,0.0200000000,
primary,uncertain_positive,pathology_macro,H2,M4,,interaction C1,True,confirmatory,0.0078255263,0.0000921053,0.0154280789,-0.0026003598,0.0181296141,0.0499750125,hypothesised,False,False,True,same_direction_not_material,0.0200000000,
primary,uncertain_positive,pathology_macro,H2,M4,,interaction C2,False,not_registered,-0.0180691069,-0.0260745981,-0.0104111875,-0.0287150327,-0.0076593284,0.0009995002,opposite,False,False,False,opposite_direction_not_material,0.0200000000,
primary,uncertain_positive,pathology_macro,H3,M3,,transfer gap M3 - transfer gap M1,False,not_registered,-0.0372987777,-0.0455408382,-0.0287639475,-0.0490616402,-0.0253075982,0.0009995002,opposite,,,,opposite_direction_not_material,,opposite_direction_material
primary,uncertain_positive,pathology_macro,H3,M4,,transfer gap M4 - transfer gap M1,False,not_registered,-0.0500420490,-0.0587291516,-0.0411798604,-0.0612152416,-0.0376412223,0.0009995002,opposite,,,,opposite_direction_not_material,,opposite_direction_material
primary,uncertain_positive,pathology_macro,H4,M3,source,C2 - C1,True,secondary,0.0774330883,0.0678999620,0.0864745342,0.0646973746,0.0894322445,0.0009995002,hypothesised,,,,confirmed,,
primary,uncertain_positive,pathology_macro,H4,M4,source,C2 - C1,True,secondary,0.0174981458,0.0094460437,0.0253760528,0.0069476923,0.0279591874,0.0009995002,hypothesised,,,,confirmed,,
primary,uncertain_positive,pathology_macro,H4,M3,external,C2 - C1,True,secondary,0.0087669652,0.0065991457,0.0107843941,0.0058169054,0.0115185955,0.0009995002,hypothesised,,,,confirmed,,
primary,uncertain_positive,pathology_macro,H4,M4,external,C2 - C1,True,secondary,-0.0083964874,-0.0102722010,-0.0064683368,-0.0108832803,-0.0055563623,0.0009995002,opposite,,,,opposite_direction_not_material,,
primary,uncertain_negative,original,H1,M1,,external C0 - source C0,False,not_registered,0.1033395002,0.0961671611,0.1104096975,0.0943017140,0.1127695880,0.0009995002,hypothesised,True,True,False,confirmed,0.0200000000,
primary,uncertain_negative,original,H1,M2,,external C0 - source C0,False,not_registered,0.1346616612,0.1270237485,0.1426455073,0.1233522874,0.1456995348,0.0009995002,hypothesised,True,True,False,confirmed,0.0200000000,
primary,uncertain_negative,original,H1,M3,,external C0 - source C0,True,confirmatory,0.0970516363,0.0904412367,0.1042304682,0.0886604020,0.1064160881,0.0009995002,hypothesised,True,True,False,confirmed,0.0200000000,
primary,uncertain_negative,original,H1,M4,,external C0 - source C0,True,confirmatory,0.1137492266,0.1079353176,0.1198718117,0.1061018115,0.1221663740,0.0009995002,hypothesised,True,True,False,confirmed,0.0200000000,
primary,uncertain_negative,original,H2,M3,,interaction C1,True,confirmatory,-0.0158758949,-0.0209934700,-0.0108523138,-0.0237545096,-0.0087228290,0.0009995002,opposite,False,False,False,opposite_direction_not_material,0.0200000000,
primary,uncertain_negative,original,H2,M3,,interaction C2,False,not_registered,-0.0183018959,-0.0246733253,-0.0124753739,-0.0265329421,-0.0104946950,0.0009995002,opposite,False,False,False,opposite_direction_not_material,0.0200000000,
primary,uncertain_negative,original,H2,M4,,interaction C1,True,confirmatory,-0.0102138485,-0.0153537381,-0.0048618389,-0.0172839950,-0.0031098624,0.0009995002,opposite,False,False,True,opposite_direction_not_material,0.0200000000,
primary,uncertain_negative,original,H2,M4,,interaction C2,False,not_registered,-0.0149183885,-0.0201473053,-0.0095937436,-0.0222677777,-0.0075378250,0.0009995002,opposite,False,False,False,opposite_direction_not_material,0.0200000000,
primary,uncertain_negative,original,H3,M3,,transfer gap M3 - transfer gap M1,False,not_registered,-0.0062878639,-0.0117842800,-0.0007620011,-0.0136859534,0.0006535714,0.0229885057,opposite,,,,opposite_direction_not_material,,opposite_direction_not_material
primary,uncertain_negative,original,H3,M4,,transfer gap M4 - transfer gap M1,False,not_registered,0.0104097264,0.0044634983,0.0162480618,0.0025215993,0.0184941093,0.0009995002,hypothesised,,,,confirmed,,same_direction_not_material
primary,uncertain_negative,original,H4,M3,source,C2 - C1,True,secondary,0.0384729361,0.0330633394,0.0436687300,0.0313499368,0.0452073295,0.0009995002,hypothesised,,,,confirmed,,
primary,uncertain_negative,original,H4,M4,source,C2 - C1,True,secondary,0.0170669081,0.0119997016,0.0219653968,0.0102594865,0.0236885186,0.0009995002,hypothesised,,,,confirmed,,
primary,uncertain_negative,original,H4,M3,external,C2 - C1,True,secondary,0.0360469351,0.0340518611,0.0380045151,0.0335218515,0.0386416007,0.0009995002,hypothesised,,,,confirmed,,
primary,uncertain_negative,original,H4,M4,external,C2 - C1,True,secondary,0.0123623681,0.0103537387,0.0143319564,0.0098615823,0.0149751204,0.0009995002,hypothesised,,,,confirmed,,
primary,uncertain_negative,evaluable_study,H1,M1,,external C0 - source C0,False,not_registered,0.0156222907,0.0051377152,0.0269650914,-0.0003888774,0.0302273117,0.0109945027,hypothesised,False,False,False,same_direction_not_material,0.0200000000,
primary,uncertain_negative,evaluable_study,H1,M2,,external C0 - source C0,False,not_registered,0.0184178852,0.0076606102,0.0292145895,0.0039912206,0.0331698353,0.0019990005,hypothesised,False,False,False,same_direction_not_material,0.0200000000,
primary,uncertain_negative,evaluable_study,H1,M3,,external C0 - source C0,True,confirmatory,0.0231707839,0.0140523353,0.0330652777,0.0104708445,0.0362788967,0.0009995002,hypothesised,True,False,False,confirmed,0.0200000000,
primary,uncertain_negative,evaluable_study,H1,M4,,external C0 - source C0,True,confirmatory,0.0474933485,0.0387706794,0.0563330313,0.0360575713,0.0598975705,0.0009995002,hypothesised,True,True,False,confirmed,0.0200000000,
primary,uncertain_negative,evaluable_study,H2,M3,,interaction C1,True,confirmatory,-0.0220190297,-0.0299488665,-0.0142962504,-0.0340225306,-0.0102991565,0.0009995002,opposite,False,False,False,opposite_direction_material,0.0200000000,
primary,uncertain_negative,evaluable_study,H2,M3,,interaction C2,False,not_registered,-0.0390250282,-0.0485716605,-0.0300025143,-0.0516848847,-0.0273248409,0.0009995002,opposite,False,False,False,opposite_direction_material,0.0200000000,
primary,uncertain_negative,evaluable_study,H2,M4,,interaction C1,True,confirmatory,-0.0179178600,-0.0261429023,-0.0091854679,-0.0292180084,-0.0066318849,0.0009995002,opposite,False,False,False,opposite_direction_not_material,0.0200000000,
primary,uncertain_negative,evaluable_study,H2,M4,,interaction C2,False,not_registered,-0.0297006102,-0.0382757910,-0.0211877072,-0.0409582304,-0.0181262048,0.0009995002,opposite,False,False,False,opposite_direction_material,0.0200000000,
primary,uncertain_negative,evaluable_study,H3,M3,,transfer gap M3 - transfer gap M1,False,not_registered,0.0075484932,-0.0013509275,0.0162718886,-0.0039062428,0.0188376527,0.0949525237,spans_zero,,,,inconclusive,,inconclusive
primary,uncertain_negative,evaluable_study,H3,M4,,transfer gap M4 - transfer gap M1,False,not_registered,0.0318710578,0.0218508294,0.0416651977,0.0187525718,0.0452071431,0.0009995002,hypothesised,,,,confirmed,,confirmed
primary,uncertain_negative,evaluable_study,H4,M3,source,C2 - C1,True,secondary,0.0535213848,0.0447996823,0.0616199851,0.0419919118,0.0640857857,0.0009995002,hypothesised,,,,confirmed,,
primary,uncertain_negative,evaluable_study,H4,M4,source,C2 - C1,True,secondary,0.0244168455,0.0160467398,0.0327125646,0.0133235136,0.0352906303,0.0009995002,hypothesised,,,,confirmed,,
primary,uncertain_negative,evaluable_study,H4,M3,external,C2 - C1,True,secondary,0.0365153862,0.0343700643,0.0386086475,0.0337091768,0.0392095817,0.0009995002,hypothesised,,,,confirmed,,
primary,uncertain_negative,evaluable_study,H4,M4,external,C2 - C1,True,secondary,0.0126340953,0.0103566544,0.0147878730,0.0097859235,0.0155640755,0.0009995002,hypothesised,,,,confirmed,,
primary,uncertain_negative,cell_micro,H1,M1,,external C0 - source C0,False,not_registered,0.0272571765,0.0178699028,0.0370145729,0.0142174069,0.0403298486,0.0009995002,hypothesised,True,False,False,confirmed,0.0200000000,
primary,uncertain_negative,cell_micro,H1,M2,,external C0 - source C0,False,not_registered,0.0339663869,0.0235084196,0.0446254732,0.0197929738,0.0490022600,0.0009995002,hypothesised,True,True,False,confirmed,0.0200000000,
primary,uncertain_negative,cell_micro,H1,M3,,external C0 - source C0,True,confirmatory,0.0393361351,0.0305392124,0.0482677994,0.0276447154,0.0516137916,0.0009995002,hypothesised,True,True,False,confirmed,0.0200000000,
primary,uncertain_negative,cell_micro,H1,M4,,external C0 - source C0,True,confirmatory,0.0721891954,0.0640824477,0.0803032810,0.0619180590,0.0841492384,0.0009995002,hypothesised,True,True,False,confirmed,0.0200000000,
primary,uncertain_negative,cell_micro,H2,M3,,interaction C1,True,confirmatory,-0.0245918276,-0.0318037216,-0.0175425503,-0.0346959230,-0.0150262110,0.0009995002,opposite,False,False,False,opposite_direction_material,0.0200000000,
primary,uncertain_negative,cell_micro,H2,M3,,interaction C2,False,not_registered,-0.0372445953,-0.0457126621,-0.0293150377,-0.0481523992,-0.0266706020,0.0009995002,opposite,False,False,False,opposite_direction_material,0.0200000000,
primary,uncertain_negative,cell_micro,H2,M4,,interaction C1,True,confirmatory,-0.0320599114,-0.0392968376,-0.0246719226,-0.0417384048,-0.0225343644,0.0009995002,opposite,False,False,False,opposite_direction_material,0.0200000000,
primary,uncertain_negative,cell_micro,H2,M4,,interaction C2,False,not_registered,-0.0274848813,-0.0349637549,-0.0198456041,-0.0370700144,-0.0179732658,0.0009995002,opposite,False,False,False,opposite_direction_material,0.0200000000,
primary,uncertain_negative,cell_micro,H3,M3,,transfer gap M3 - transfer gap M1,False,not_registered,0.0120789586,0.0045517954,0.0195752410,0.0016875872,0.0219061653,0.0009995002,hypothesised,,,,confirmed,,same_direction_not_material
primary,uncertain_negative,cell_micro,H3,M4,,transfer gap M4 - transfer gap M1,False,not_registered,0.0449320189,0.0364764041,0.0528783493,0.0340134351,0.0563373485,0.0009995002,hypothesised,,,,confirmed,,confirmed
primary,uncertain_negative,cell_micro,H4,M3,source,C2 - C1,True,secondary,0.0522106344,0.0441710890,0.0597826916,0.0424901214,0.0614806109,0.0009995002,hypothesised,,,,confirmed,,
primary,uncertain_negative,cell_micro,H4,M4,source,C2 - C1,True,secondary,0.0187899402,0.0114809182,0.0259288827,0.0090293011,0.0284163665,0.0009995002,hypothesised,,,,confirmed,,
primary,uncertain_negative,cell_micro,H4,M3,external,C2 - C1,True,secondary,0.0395578667,0.0375481700,0.0414748031,0.0368544446,0.0421704926,0.0009995002,hypothesised,,,,confirmed,,
primary,uncertain_negative,cell_micro,H4,M4,external,C2 - C1,True,secondary,0.0233649703,0.0212596237,0.0252900715,0.0205592133,0.0261170685,0.0009995002,hypothesised,,,,confirmed,,
primary,uncertain_negative,pathology_macro,H1,M1,,external C0 - source C0,False,not_registered,0.0345440480,0.0251331571,0.0445268178,0.0219436162,0.0483535681,0.0009995002,hypothesised,True,True,False,confirmed,0.0200000000,
primary,uncertain_negative,pathology_macro,H1,M2,,external C0 - source C0,False,not_registered,0.0493279203,0.0386108905,0.0599079544,0.0354468304,0.0637020787,0.0009995002,hypothesised,True,True,False,confirmed,0.0200000000,
primary,uncertain_negative,pathology_macro,H1,M3,,external C0 - source C0,True,confirmatory,0.0515208658,0.0426116809,0.0607733481,0.0389977220,0.0645073935,0.0009995002,hypothesised,True,True,False,confirmed,0.0200000000,
primary,uncertain_negative,pathology_macro,H1,M4,,external C0 - source C0,True,confirmatory,0.0896784568,0.0812299003,0.0980129004,0.0786868963,0.1015178910,0.0009995002,hypothesised,True,True,False,confirmed,0.0200000000,
primary,uncertain_negative,pathology_macro,H2,M3,,interaction C1,True,confirmatory,-0.0219253321,-0.0299249299,-0.0139530602,-0.0336040069,-0.0116993675,0.0009995002,opposite,False,False,False,opposite_direction_material,0.0200000000,
primary,uncertain_negative,pathology_macro,H2,M3,,interaction C2,False,not_registered,-0.0363459120,-0.0456357623,-0.0274018714,-0.0489787815,-0.0249145966,0.0009995002,opposite,False,False,False,opposite_direction_material,0.0200000000,
primary,uncertain_negative,pathology_macro,H2,M4,,interaction C1,True,confirmatory,-0.0355685178,-0.0434460925,-0.0275483102,-0.0461708285,-0.0254496442,0.0009995002,opposite,False,False,False,opposite_direction_material,0.0200000000,
primary,uncertain_negative,pathology_macro,H2,M4,,interaction C2,False,not_registered,-0.0287918392,-0.0365004581,-0.0203753999,-0.0391495857,-0.0183923383,0.0009995002,opposite,False,False,False,opposite_direction_material,0.0200000000,
primary,uncertain_negative,pathology_macro,H3,M3,,transfer gap M3 - transfer gap M1,False,not_registered,0.0169768178,0.0091055805,0.0249394339,0.0060747826,0.0276525074,0.0009995002,hypothesised,,,,confirmed,,same_direction_not_material
primary,uncertain_negative,pathology_macro,H3,M4,,transfer gap M4 - transfer gap M1,False,not_registered,0.0551344088,0.0467960000,0.0638595399,0.0430916968,0.0668500938,0.0009995002,hypothesised,,,,confirmed,,confirmed
primary,uncertain_negative,pathology_macro,H4,M3,source,C2 - C1,True,secondary,0.0520804360,0.0434319875,0.0602758102,0.0410309729,0.0631567224,0.0009995002,hypothesised,,,,confirmed,,
primary,uncertain_negative,pathology_macro,H4,M4,source,C2 - C1,True,secondary,0.0176953055,0.0094949081,0.0256769091,0.0071140669,0.0280448671,0.0009995002,hypothesised,,,,confirmed,,
primary,uncertain_negative,pathology_macro,H4,M3,external,C2 - C1,True,secondary,0.0376598562,0.0356872483,0.0396198415,0.0347592223,0.0403200547,0.0009995002,hypothesised,,,,confirmed,,
primary,uncertain_negative,pathology_macro,H4,M4,external,C2 - C1,True,secondary,0.0244719840,0.0223980668,0.0264695007,0.0217674056,0.0272180300,0.0009995002,hypothesised,,,,confirmed,,
coverage70,primary,original,H1,M1,,external C0 - source C0,False,not_registered,0.0690327800,0.0623723018,0.0759063579,0.0601834743,0.0781636437,0.0009995002,hypothesised,True,True,False,confirmed,0.0200000000,
coverage70,primary,original,H1,M2,,external C0 - source C0,False,not_registered,0.0768533200,0.0692792187,0.0843737435,0.0669072910,0.0869740446,0.0009995002,hypothesised,True,True,False,confirmed,0.0200000000,
coverage70,primary,original,H1,M3,,external C0 - source C0,True,confirmatory,0.0393831751,0.0331947420,0.0457816498,0.0303740384,0.0484480700,0.0009995002,hypothesised,True,True,False,confirmed,0.0200000000,
coverage70,primary,original,H1,M4,,external C0 - source C0,True,confirmatory,0.0391702670,0.0342977466,0.0439008724,0.0322692260,0.0454077335,0.0009995002,hypothesised,True,True,False,confirmed,0.0200000000,
coverage70,primary,original,H2,M3,,interaction C1,True,confirmatory,0.0019731902,-0.0038187917,0.0077162077,-0.0057286280,0.0104015972,0.5027486257,spans_zero,False,False,True,inconclusive,0.0200000000,
coverage70,primary,original,H2,M3,,interaction C2,False,not_registered,-0.0246014657,-0.0314136560,-0.0182044352,-0.0343410972,-0.0163202696,0.0009995002,opposite,False,False,False,opposite_direction_material,0.0200000000,
coverage70,primary,original,H2,M4,,interaction C1,True,confirmatory,0.0066090440,0.0013223067,0.0117985298,-0.0003447502,0.0129396087,0.0129935032,hypothesised,False,False,True,same_direction_not_material,0.0200000000,
coverage70,primary,original,H2,M4,,interaction C2,False,not_registered,-0.0160735200,-0.0215608018,-0.0105927273,-0.0229870841,-0.0091620034,0.0009995002,opposite,False,False,False,opposite_direction_not_material,0.0200000000,
coverage70,primary,original,H3,M3,,transfer gap M3 - transfer gap M1,False,not_registered,-0.0296496049,-0.0355191834,-0.0236259627,-0.0381185195,-0.0216622791,0.0009995002,opposite,,,,opposite_direction_not_material,,opposite_direction_material
coverage70,primary,original,H3,M4,,transfer gap M4 - transfer gap M1,False,not_registered,-0.0298625130,-0.0357875654,-0.0237640477,-0.0384657451,-0.0214502436,0.0009995002,opposite,,,,opposite_direction_not_material,,opposite_direction_material
coverage70,primary,original,H4,M3,source,C2 - C1,True,secondary,0.0499611941,0.0440704974,0.0555250178,0.0418254944,0.0578509639,0.0009995002,hypothesised,,,,confirmed,,
coverage70,primary,original,H4,M4,source,C2 - C1,True,secondary,0.0178122387,0.0131229394,0.0225650377,0.0115002256,0.0239727361,0.0009995002,hypothesised,,,,confirmed,,
coverage70,primary,original,H4,M3,external,C2 - C1,True,secondary,0.0233865382,0.0211929007,0.0255243305,0.0205763833,0.0261456928,0.0009995002,hypothesised,,,,confirmed,,
coverage70,primary,original,H4,M4,external,C2 - C1,True,secondary,-0.0048703253,-0.0070276963,-0.0027827797,-0.0077404189,-0.0020531687,0.0009995002,opposite,,,,opposite_direction_not_material,,
coverage70,primary,evaluable_study,H1,M1,,external C0 - source C0,False,not_registered,0.0081104142,-0.0049037410,0.0211179889,-0.0080763514,0.0246998060,0.2038980510,spans_zero,False,False,False,inconclusive,0.0200000000,
coverage70,primary,evaluable_study,H1,M2,,external C0 - source C0,False,not_registered,-0.0123306640,-0.0249214793,0.0001454323,-0.0295223718,0.0042726199,0.0559720140,spans_zero,False,False,False,inconclusive,0.0200000000,
coverage70,primary,evaluable_study,H1,M3,,external C0 - source C0,True,confirmatory,-0.0069010671,-0.0170113719,0.0033883174,-0.0209271087,0.0075768875,0.1869065467,spans_zero,False,False,True,inconclusive,0.0200000000,
coverage70,primary,evaluable_study,H1,M4,,external C0 - source C0,True,confirmatory,0.0028724451,-0.0058335159,0.0110037407,-0.0091691660,0.0139012453,0.5257371314,spans_zero,False,False,True,inconclusive,0.0200000000,
coverage70,primary,evaluable_study,H2,M3,,interaction C1,True,confirmatory,0.0035606363,-0.0059174967,0.0125413548,-0.0088714245,0.0163841383,0.4537731134,spans_zero,False,False,True,inconclusive,0.0200000000,
coverage70,primary,evaluable_study,H2,M3,,interaction C2,False,not_registered,-0.0488340253,-0.0598481822,-0.0384310573,-0.0642159347,-0.0350779906,0.0009995002,opposite,False,False,False,opposite_direction_material,0.0200000000,
coverage70,primary,evaluable_study,H2,M4,,interaction C1,True,confirmatory,0.0019961262,-0.0075581079,0.0109728844,-0.0106953762,0.0135561644,0.6476761619,spans_zero,False,False,True,inconclusive,0.0200000000,
coverage70,primary,evaluable_study,H2,M4,,interaction C2,False,not_registered,-0.0329422886,-0.0422695590,-0.0232544215,-0.0452150914,-0.0207197674,0.0009995002,opposite,False,False,False,opposite_direction_material,0.0200000000,
coverage70,primary,evaluable_study,H3,M3,,transfer gap M3 - transfer gap M1,False,not_registered,-0.0150114813,-0.0252799884,-0.0048288681,-0.0287336350,-0.0011755577,0.0039980010,opposite,,,,opposite_direction_not_material,,opposite_direction_not_material
coverage70,primary,evaluable_study,H3,M4,,transfer gap M4 - transfer gap M1,False,not_registered,-0.0052379691,-0.0161484857,0.0060721303,-0.0210350889,0.0102023804,0.3538230885,spans_zero,,,,inconclusive,,inconclusive
coverage70,primary,evaluable_study,H4,M3,source,C2 - C1,True,secondary,0.0784833513,0.0685216164,0.0877345281,0.0653733676,0.0905509960,0.0009995002,hypothesised,,,,confirmed,,
coverage70,primary,evaluable_study,H4,M4,source,C2 - C1,True,secondary,0.0284803202,0.0195433868,0.0370539872,0.0166266207,0.0401218833,0.0009995002,hypothesised,,,,confirmed,,
coverage70,primary,evaluable_study,H4,M3,external,C2 - C1,True,secondary,0.0260886898,0.0234619470,0.0286127038,0.0228059457,0.0293385618,0.0009995002,hypothesised,,,,confirmed,,
coverage70,primary,evaluable_study,H4,M4,external,C2 - C1,True,secondary,-0.0064580947,-0.0090652947,-0.0039483621,-0.0099461447,-0.0031088573,0.0009995002,opposite,,,,opposite_direction_not_material,,
coverage70,primary,cell_micro,H1,M1,,external C0 - source C0,False,not_registered,0.0122267829,0.0010411469,0.0236936579,-0.0028284555,0.0272264464,0.0289855072,hypothesised,False,False,False,same_direction_not_material,0.0200000000,
coverage70,primary,cell_micro,H1,M2,,external C0 - source C0,False,not_registered,0.0060928401,-0.0062337974,0.0186294234,-0.0119506607,0.0228970473,0.3488255872,spans_zero,False,False,True,inconclusive,0.0200000000,
coverage70,primary,cell_micro,H1,M3,,external C0 - source C0,True,confirmatory,-0.0058890620,-0.0151455770,0.0035692783,-0.0189157285,0.0071290855,0.2278860570,spans_zero,False,False,True,inconclusive,0.0200000000,
coverage70,primary,cell_micro,H1,M4,,external C0 - source C0,True,confirmatory,0.0114341014,0.0030573592,0.0192238458,-0.0002911048,0.0213526713,0.0109945027,hypothesised,False,False,True,same_direction_not_material,0.0200000000,
coverage70,primary,cell_micro,H2,M3,,interaction C1,True,confirmatory,0.0026300020,-0.0053892721,0.0107695290,-0.0083232680,0.0135292755,0.5307346327,spans_zero,False,False,True,inconclusive,0.0200000000,
coverage70,primary,cell_micro,H2,M3,,interaction C2,False,not_registered,-0.0431239965,-0.0525947528,-0.0343551649,-0.0562462881,-0.0311977444,0.0009995002,opposite,False,False,False,opposite_direction_material,0.0200000000,
coverage70,primary,cell_micro,H2,M4,,interaction C1,True,confirmatory,-0.0114827152,-0.0196964821,-0.0034565490,-0.0224061384,-0.0010270861,0.0059970015,opposite,False,False,True,opposite_direction_not_material,0.0200000000,
coverage70,primary,cell_micro,H2,M4,,interaction C2,False,not_registered,-0.0280028620,-0.0363138186,-0.0198002811,-0.0393313463,-0.0175410135,0.0009995002,opposite,False,False,False,opposite_direction_material,0.0200000000,
coverage70,primary,cell_micro,H3,M3,,transfer gap M3 - transfer gap M1,False,not_registered,-0.0181158449,-0.0269378733,-0.0091983362,-0.0301370087,-0.0054630688,0.0009995002,opposite,,,,opposite_direction_not_material,,opposite_direction_not_material
coverage70,primary,cell_micro,H3,M4,,transfer gap M4 - transfer gap M1,False,not_registered,-0.0007926815,-0.0101012638,0.0085919858,-0.0127857453,0.0119552608,0.8355822089,spans_zero,,,,inconclusive,,inconclusive
coverage70,primary,cell_micro,H4,M3,source,C2 - C1,True,secondary,0.0750397462,0.0664514940,0.0833530753,0.0632407799,0.0864309272,0.0009995002,hypothesised,,,,confirmed,,
coverage70,primary,cell_micro,H4,M4,source,C2 - C1,True,secondary,0.0223264651,0.0145834757,0.0299492222,0.0120102405,0.0323375435,0.0009995002,hypothesised,,,,confirmed,,
coverage70,primary,cell_micro,H4,M3,external,C2 - C1,True,secondary,0.0292857477,0.0268543558,0.0316334992,0.0261425904,0.0324989604,0.0009995002,hypothesised,,,,confirmed,,
coverage70,primary,cell_micro,H4,M4,external,C2 - C1,True,secondary,0.0058063183,0.0034598187,0.0082520056,0.0027502497,0.0088110719,0.0009995002,hypothesised,,,,confirmed,,
coverage70,primary,pathology_macro,H1,M1,,external C0 - source C0,False,not_registered,0.0464925326,0.0351259750,0.0578554889,0.0310363421,0.0623801635,0.0009995002,hypothesised,True,True,False,confirmed,0.0200000000,
coverage70,primary,pathology_macro,H1,M2,,external C0 - source C0,False,not_registered,0.0196720046,0.0075356075,0.0317353780,0.0018142755,0.0351900400,0.0069965017,hypothesised,False,False,False,same_direction_not_material,0.0200000000,
coverage70,primary,pathology_macro,H1,M3,,external C0 - source C0,True,confirmatory,0.0140270413,0.0038155393,0.0241144480,0.0006848242,0.0297678371,0.0069965017,hypothesised,False,False,False,same_direction_not_material,0.0200000000,
coverage70,primary,pathology_macro,H1,M4,,external C0 - source C0,True,confirmatory,0.0102016666,0.0016698910,0.0181882060,-0.0015282499,0.0208310024,0.0189905047,hypothesised,False,False,True,same_direction_not_material,0.0200000000,
coverage70,primary,pathology_macro,H2,M3,,interaction C1,True,confirmatory,0.0066701306,-0.0020701015,0.0156129659,-0.0055683596,0.0190274874,0.1449275362,spans_zero,False,False,True,inconclusive,0.0200000000,
coverage70,primary,pathology_macro,H2,M3,,interaction C2,False,not_registered,-0.0453130700,-0.0560586657,-0.0354518941,-0.0600647271,-0.0325058348,0.0009995002,opposite,False,False,False,opposite_direction_material,0.0200000000,
coverage70,primary,pathology_macro,H2,M4,,interaction C1,True,confirmatory,-0.0206950313,-0.0296264341,-0.0119068566,-0.0331582170,-0.0089917577,0.0009995002,opposite,False,False,False,opposite_direction_material,0.0200000000,
coverage70,primary,pathology_macro,H2,M4,,interaction C2,False,not_registered,-0.0301629781,-0.0392191927,-0.0213171358,-0.0419134835,-0.0188696842,0.0009995002,opposite,False,False,False,opposite_direction_material,0.0200000000,
coverage70,primary,pathology_macro,H3,M3,,transfer gap M3 - transfer gap M1,False,not_registered,-0.0324654913,-0.0412371808,-0.0232371524,-0.0453454783,-0.0196870213,0.0009995002,opposite,,,,opposite_direction_not_material,,opposite_direction_material
coverage70,primary,pathology_macro,H3,M4,,transfer gap M4 - transfer gap M1,False,not_registered,-0.0362908660,-0.0461159579,-0.0259898635,-0.0492592443,-0.0220809213,0.0009995002,opposite,,,,opposite_direction_not_material,,opposite_direction_material
coverage70,primary,pathology_macro,H4,M3,source,C2 - C1,True,secondary,0.0760239823,0.0661997559,0.0852427511,0.0629720622,0.0897361952,0.0009995002,hypothesised,,,,confirmed,,
coverage70,primary,pathology_macro,H4,M4,source,C2 - C1,True,secondary,0.0220058854,0.0132582402,0.0304494212,0.0105552958,0.0327497226,0.0009995002,hypothesised,,,,confirmed,,
coverage70,primary,pathology_macro,H4,M3,external,C2 - C1,True,secondary,0.0240407817,0.0211147574,0.0267069863,0.0198660991,0.0277794636,0.0009995002,hypothesised,,,,confirmed,,
coverage70,primary,pathology_macro,H4,M4,external,C2 - C1,True,secondary,0.0125379385,0.0103225624,0.0149098397,0.0093903015,0.0154308039,0.0009995002,hypothesised,,,,confirmed,,
coverage90,primary,original,H1,M1,,external C0 - source C0,False,not_registered,0.0782049614,0.0716411517,0.0849481428,0.0692465631,0.0871413145,0.0009995002,hypothesised,True,True,False,confirmed,0.0200000000,
coverage90,primary,original,H1,M2,,external C0 - source C0,False,not_registered,0.0777257216,0.0700556404,0.0850425008,0.0674141212,0.0879005996,0.0009995002,hypothesised,True,True,False,confirmed,0.0200000000,
coverage90,primary,original,H1,M3,,external C0 - source C0,True,confirmatory,0.0548313868,0.0488183628,0.0611232525,0.0464356479,0.0630032833,0.0009995002,hypothesised,True,True,False,confirmed,0.0200000000,
coverage90,primary,original,H1,M4,,external C0 - source C0,True,confirmatory,0.0374457243,0.0324880434,0.0421398548,0.0308984022,0.0435456842,0.0009995002,hypothesised,True,True,False,confirmed,0.0200000000,
coverage90,primary,original,H2,M3,,interaction C1,True,confirmatory,0.0002143514,-0.0042071667,0.0047528450,-0.0059260144,0.0064220424,0.9165417291,spans_zero,False,False,True,inconclusive,0.0200000000,
coverage90,primary,original,H2,M3,,interaction C2,False,not_registered,-0.0238166427,-0.0291993865,-0.0183872201,-0.0311965132,-0.0167446489,0.0009995002,opposite,False,False,False,opposite_direction_material,0.0200000000,
coverage90,primary,original,H2,M4,,interaction C1,True,confirmatory,0.0104450160,0.0060250085,0.0146314103,0.0046127334,0.0163059858,0.0009995002,hypothesised,False,False,True,same_direction_not_material,0.0200000000,
coverage90,primary,original,H2,M4,,interaction C2,False,not_registered,-0.0139913034,-0.0188042792,-0.0095670259,-0.0203853208,-0.0078711275,0.0009995002,opposite,False,False,True,opposite_direction_not_material,0.0200000000,
coverage90,primary,original,H3,M3,,transfer gap M3 - transfer gap M1,False,not_registered,-0.0233735746,-0.0282745340,-0.0186217948,-0.0301098966,-0.0166990589,0.0009995002,opposite,,,,opposite_direction_not_material,,opposite_direction_material
coverage90,primary,original,H3,M4,,transfer gap M4 - transfer gap M1,False,not_registered,-0.0407592371,-0.0463594997,-0.0350409267,-0.0479471643,-0.0329251392,0.0009995002,opposite,,,,opposite_direction_not_material,,opposite_direction_material
coverage90,primary,original,H4,M3,source,C2 - C1,True,secondary,0.0465718658,0.0417422784,0.0511311926,0.0400424319,0.0530697782,0.0009995002,hypothesised,,,,confirmed,,
coverage90,primary,original,H4,M4,source,C2 - C1,True,secondary,0.0183187912,0.0141564980,0.0223140913,0.0128320949,0.0235255519,0.0009995002,hypothesised,,,,confirmed,,
coverage90,primary,original,H4,M3,external,C2 - C1,True,secondary,0.0225408717,0.0209167695,0.0241054646,0.0204321865,0.0245468583,0.0009995002,hypothesised,,,,confirmed,,
coverage90,primary,original,H4,M4,external,C2 - C1,True,secondary,-0.0061175281,-0.0078404639,-0.0043349644,-0.0083680110,-0.0038136469,0.0009995002,opposite,,,,opposite_direction_not_material,,
coverage90,primary,evaluable_study,H1,M1,,external C0 - source C0,False,not_registered,0.0170460674,0.0052741143,0.0290515041,0.0008046252,0.0332807702,0.0059970015,hypothesised,False,False,False,same_direction_not_material,0.0200000000,
coverage90,primary,evaluable_study,H1,M2,,external C0 - source C0,False,not_registered,-0.0180157295,-0.0296784876,-0.0066701198,-0.0342437877,-0.0033664249,0.0029985007,opposite,False,False,False,opposite_direction_not_material,0.0200000000,
coverage90,primary,evaluable_study,H1,M3,,external C0 - source C0,True,confirmatory,-0.0010328369,-0.0109026918,0.0093198649,-0.0143912523,0.0132686148,0.8335832084,spans_zero,False,False,True,inconclusive,0.0200000000,
coverage90,primary,evaluable_study,H1,M4,,external C0 - source C0,True,confirmatory,-0.0058453812,-0.0146526321,0.0022416786,-0.0179379530,0.0050124660,0.1809095452,spans_zero,False,False,True,inconclusive,0.0200000000,
coverage90,primary,evaluable_study,H2,M3,,interaction C1,True,confirmatory,0.0050560281,-0.0027097985,0.0129311532,-0.0059471712,0.0159709652,0.1939030485,spans_zero,False,False,True,inconclusive,0.0200000000,
coverage90,primary,evaluable_study,H2,M3,,interaction C2,False,not_registered,-0.0497572742,-0.0592667796,-0.0403908624,-0.0625488346,-0.0364629041,0.0009995002,opposite,False,False,False,opposite_direction_material,0.0200000000,
coverage90,primary,evaluable_study,H2,M4,,interaction C1,True,confirmatory,0.0119051015,0.0042787351,0.0194278365,0.0017033927,0.0225253511,0.0029985007,hypothesised,False,False,True,same_direction_not_material,0.0200000000,
coverage90,primary,evaluable_study,H2,M4,,interaction C2,False,not_registered,-0.0286346447,-0.0370652150,-0.0207427087,-0.0400627470,-0.0182285858,0.0009995002,opposite,False,False,False,opposite_direction_material,0.0200000000,
coverage90,primary,evaluable_study,H3,M3,,transfer gap M3 - transfer gap M1,False,not_registered,-0.0180789042,-0.0266332241,-0.0094151363,-0.0293497881,-0.0065130375,0.0009995002,opposite,,,,opposite_direction_not_material,,opposite_direction_not_material
coverage90,primary,evaluable_study,H3,M4,,transfer gap M4 - transfer gap M1,False,not_registered,-0.0228914485,-0.0330973092,-0.0122854627,-0.0355613526,-0.0086347954,0.0009995002,opposite,,,,opposite_direction_not_material,,opposite_direction_material
coverage90,primary,evaluable_study,H4,M3,source,C2 - C1,True,secondary,0.0813477402,0.0725586110,0.0893186776,0.0694939646,0.0927326736,0.0009995002,hypothesised,,,,confirmed,,
coverage90,primary,evaluable_study,H4,M4,source,C2 - C1,True,secondary,0.0327951174,0.0249635343,0.0403043576,0.0222489029,0.0433133732,0.0009995002,hypothesised,,,,confirmed,,
coverage90,primary,evaluable_study,H4,M3,external,C2 - C1,True,secondary,0.0265344379,0.0246021153,0.0284448499,0.0240251032,0.0289931797,0.0009995002,hypothesised,,,,confirmed,,
coverage90,primary,evaluable_study,H4,M4,external,C2 - C1,True,secondary,-0.0077446288,-0.0098823337,-0.0055452086,-0.0104963883,-0.0048758258,0.0009995002,opposite,,,,opposite_direction_not_material,,
coverage90,primary,cell_micro,H1,M1,,external C0 - source C0,False,not_registered,0.0193003693,0.0086482752,0.0300340863,0.0046835281,0.0337776559,0.0019990005,hypothesised,False,False,False,same_direction_not_material,0.0200000000,
coverage90,primary,cell_micro,H1,M2,,external C0 - source C0,False,not_registered,-0.0024799639,-0.0139298523,0.0090942281,-0.0187242922,0.0126705560,0.6576711644,spans_zero,False,False,True,inconclusive,0.0200000000,
coverage90,primary,cell_micro,H1,M3,,external C0 - source C0,True,confirmatory,-0.0010783384,-0.0103591645,0.0083217882,-0.0130459757,0.0121800336,0.7966016992,spans_zero,False,False,True,inconclusive,0.0200000000,
coverage90,primary,cell_micro,H1,M4,,external C0 - source C0,True,confirmatory,0.0030674845,-0.0049957608,0.0108007277,-0.0079984527,0.0130305208,0.4397801099,spans_zero,False,False,True,inconclusive,0.0200000000,
coverage90,primary,cell_micro,H2,M3,,interaction C1,True,confirmatory,0.0067147188,-0.0003452997,0.0137775014,-0.0028059963,0.0168156302,0.0589705147,spans_zero,False,False,True,inconclusive,0.0200000000,
coverage90,primary,cell_micro,H2,M3,,interaction C2,False,not_registered,-0.0472132933,-0.0560244727,-0.0385989992,-0.0588639412,-0.0359592003,0.0009995002,opposite,False,False,False,opposite_direction_material,0.0200000000,
coverage90,primary,cell_micro,H2,M4,,interaction C1,True,confirmatory,-0.0027591292,-0.0096064365,0.0040409615,-0.0117448638,0.0063803882,0.4137931034,spans_zero,False,False,True,inconclusive,0.0200000000,
coverage90,primary,cell_micro,H2,M4,,interaction C2,False,not_registered,-0.0230245320,-0.0306360795,-0.0158994600,-0.0334478615,-0.0141201628,0.0009995002,opposite,False,False,False,opposite_direction_material,0.0200000000,
coverage90,primary,cell_micro,H3,M3,,transfer gap M3 - transfer gap M1,False,not_registered,-0.0203787077,-0.0277922074,-0.0126776355,-0.0303804076,-0.0099197620,0.0009995002,opposite,,,,opposite_direction_not_material,,opposite_direction_material
coverage90,primary,cell_micro,H3,M4,,transfer gap M4 - transfer gap M1,False,not_registered,-0.0162328848,-0.0244666492,-0.0076206464,-0.0263371912,-0.0044982347,0.0009995002,opposite,,,,opposite_direction_not_material,,opposite_direction_not_material
coverage90,primary,cell_micro,H4,M3,source,C2 - C1,True,secondary,0.0822506118,0.0742072175,0.0898984542,0.0711722740,0.0927724694,0.0009995002,hypothesised,,,,confirmed,,
coverage90,primary,cell_micro,H4,M4,source,C2 - C1,True,secondary,0.0254044435,0.0186583332,0.0321100241,0.0158695004,0.0346635369,0.0009995002,hypothesised,,,,confirmed,,
coverage90,primary,cell_micro,H4,M3,external,C2 - C1,True,secondary,0.0283225997,0.0265318214,0.0300978296,0.0259304858,0.0305264465,0.0009995002,hypothesised,,,,confirmed,,
coverage90,primary,cell_micro,H4,M4,external,C2 - C1,True,secondary,0.0051390407,0.0031003735,0.0071072089,0.0024963885,0.0076951668,0.0009995002,hypothesised,,,,confirmed,,
coverage90,primary,pathology_macro,H1,M1,,external C0 - source C0,False,not_registered,0.0492507418,0.0387510686,0.0598293385,0.0342461481,0.0637945541,0.0009995002,hypothesised,True,True,False,confirmed,0.0200000000,
coverage90,primary,pathology_macro,H1,M2,,external C0 - source C0,False,not_registered,0.0156615673,0.0047033208,0.0267528008,-0.0006686161,0.0307828570,0.0119940030,hypothesised,False,False,False,same_direction_not_material,0.0200000000,
coverage90,primary,pathology_macro,H1,M3,,external C0 - source C0,True,confirmatory,0.0217094624,0.0120443150,0.0316548462,0.0089553387,0.0364424022,0.0009995002,hypothesised,True,False,False,confirmed,0.0200000000,
coverage90,primary,pathology_macro,H1,M4,,external C0 - source C0,True,confirmatory,0.0026191307,-0.0057821059,0.0102732392,-0.0088501916,0.0128315990,0.5307346327,spans_zero,False,False,True,inconclusive,0.0200000000,
coverage90,primary,pathology_macro,H2,M3,,interaction C1,True,confirmatory,0.0053395199,-0.0027683698,0.0132898219,-0.0059300755,0.0167900934,0.1629185407,spans_zero,False,False,True,inconclusive,0.0200000000,
coverage90,primary,pathology_macro,H2,M3,,interaction C2,False,not_registered,-0.0490933497,-0.0586740980,-0.0398241192,-0.0620533574,-0.0364240033,0.0009995002,opposite,False,False,False,opposite_direction_material,0.0200000000,
coverage90,primary,pathology_macro,H2,M4,,interaction C1,True,confirmatory,-0.0189775313,-0.0264740530,-0.0116856786,-0.0293664505,-0.0092414027,0.0009995002,opposite,False,False,False,opposite_direction_not_material,0.0200000000,
coverage90,primary,pathology_macro,H2,M4,,interaction C2,False,not_registered,-0.0259515474,-0.0334354459,-0.0185063883,-0.0363883883,-0.0163486102,0.0009995002,opposite,False,False,False,opposite_direction_material,0.0200000000,
coverage90,primary,pathology_macro,H3,M3,,transfer gap M3 - transfer gap M1,False,not_registered,-0.0275412794,-0.0350561501,-0.0193891134,-0.0379567635,-0.0167424059,0.0009995002,opposite,,,,opposite_direction_not_material,,opposite_direction_material
coverage90,primary,pathology_macro,H3,M4,,transfer gap M4 - transfer gap M1,False,not_registered,-0.0466316111,-0.0548213772,-0.0382841083,-0.0573229060,-0.0352873936,0.0009995002,opposite,,,,opposite_direction_not_material,,opposite_direction_material
coverage90,primary,pathology_macro,H4,M3,source,C2 - C1,True,secondary,0.0798473533,0.0709207663,0.0887858904,0.0680514133,0.0922749659,0.0009995002,hypothesised,,,,confirmed,,
coverage90,primary,pathology_macro,H4,M4,source,C2 - C1,True,secondary,0.0212513129,0.0136311100,0.0288561208,0.0109871776,0.0314176782,0.0009995002,hypothesised,,,,confirmed,,
coverage90,primary,pathology_macro,H4,M3,external,C2 - C1,True,secondary,0.0254144838,0.0233128000,0.0274106913,0.0227395272,0.0280242257,0.0009995002,hypothesised,,,,confirmed,,
coverage90,primary,pathology_macro,H4,M4,external,C2 - C1,True,secondary,0.0142772968,0.0122814955,0.0162435516,0.0117712033,0.0169157875,0.0009995002,hypothesised,,,,confirmed,,
T5,primary,original,H1,M1,,external C0 - source C0,False,not_registered,0.0695655552,0.0624006452,0.0765965871,0.0599758462,0.0785643766,0.0009995002,hypothesised,True,True,False,confirmed,0.0200000000,
T5,primary,original,H1,M2,,external C0 - source C0,False,not_registered,0.0661350816,0.0580709540,0.0741942723,0.0552975255,0.0764314908,0.0009995002,hypothesised,True,True,False,confirmed,0.0200000000,
T5,primary,original,H1,M3,,external C0 - source C0,True,confirmatory,0.0381181173,0.0315793553,0.0448550598,0.0293119646,0.0471203765,0.0009995002,hypothesised,True,True,False,confirmed,0.0200000000,
T5,primary,original,H1,M4,,external C0 - source C0,True,confirmatory,0.0329800496,0.0278540776,0.0381233980,0.0262150526,0.0398187223,0.0009995002,hypothesised,True,True,False,confirmed,0.0200000000,
T5,primary,original,H2,M3,,interaction C1,True,confirmatory,0.0081055078,0.0026809430,0.0134972367,0.0010902105,0.0149855410,0.0029985007,hypothesised,False,False,True,same_direction_not_material,0.0200000000,
T5,primary,original,H2,M3,,interaction C2,False,not_registered,-0.0241540853,-0.0309790447,-0.0173945210,-0.0329480947,-0.0153685811,0.0009995002,opposite,False,False,False,opposite_direction_material,0.0200000000,
T5,primary,original,H2,M4,,interaction C1,True,confirmatory,0.0120959010,0.0068525365,0.0172784599,0.0051877417,0.0187395081,0.0009995002,hypothesised,False,False,True,same_direction_not_material,0.0200000000,
T5,primary,original,H2,M4,,interaction C2,False,not_registered,-0.0130701498,-0.0182210795,-0.0076986095,-0.0199984601,-0.0063945491,0.0009995002,opposite,False,False,True,opposite_direction_not_material,0.0200000000,
T5,primary,original,H3,M3,,transfer gap M3 - transfer gap M1,False,not_registered,-0.0314474380,-0.0370591120,-0.0257058900,-0.0390202181,-0.0234665636,0.0009995002,opposite,,,,opposite_direction_not_material,,opposite_direction_material
T5,primary,original,H3,M4,,transfer gap M4 - transfer gap M1,False,not_registered,-0.0365855056,-0.0425952520,-0.0301070325,-0.0444933612,-0.0283594884,0.0009995002,opposite,,,,opposite_direction_not_material,,opposite_direction_material
T5,primary,original,H4,M3,source,C2 - C1,True,secondary,0.0516780818,0.0457058321,0.0576437990,0.0434779507,0.0594403973,0.0009995002,hypothesised,,,,confirmed,,
T5,primary,original,H4,M4,source,C2 - C1,True,secondary,0.0203822473,0.0157183293,0.0251208814,0.0143058620,0.0270592977,0.0009995002,hypothesised,,,,confirmed,,
T5,primary,original,H4,M3,external,C2 - C1,True,secondary,0.0194184887,0.0172720245,0.0215020136,0.0167997147,0.0222829444,0.0009995002,hypothesised,,,,confirmed,,
T5,primary,original,H4,M4,external,C2 - C1,True,secondary,-0.0047838034,-0.0067868793,-0.0027075765,-0.0074709967,-0.0018317725,0.0009995002,opposite,,,,opposite_direction_not_material,,
T5,primary,evaluable_study,H1,M1,,external C0 - source C0,False,not_registered,0.0133369252,0.0009028400,0.0259914212,-0.0040961460,0.0297183603,0.0359820090,hypothesised,False,False,False,same_direction_not_material,0.0200000000,
T5,primary,evaluable_study,H1,M2,,external C0 - source C0,False,not_registered,-0.0235481495,-0.0360682081,-0.0111376681,-0.0400659822,-0.0078104219,0.0009995002,opposite,False,False,False,opposite_direction_material,0.0200000000,
T5,primary,evaluable_study,H1,M3,,external C0 - source C0,True,confirmatory,-0.0114416043,-0.0217729079,-0.0008244554,-0.0259637615,0.0024432795,0.0409795102,opposite,False,False,False,opposite_direction_not_material,0.0200000000,
T5,primary,evaluable_study,H1,M4,,external C0 - source C0,True,confirmatory,-0.0056550446,-0.0145806383,0.0032733289,-0.0182415421,0.0060335780,0.2138930535,spans_zero,False,False,True,inconclusive,0.0200000000,
T5,primary,evaluable_study,H2,M3,,interaction C1,True,confirmatory,0.0125972009,0.0038232306,0.0215714176,0.0009598244,0.0239113360,0.0049975012,hypothesised,False,False,False,same_direction_not_material,0.0200000000,
T5,primary,evaluable_study,H2,M3,,interaction C2,False,not_registered,-0.0479477687,-0.0584581346,-0.0369701242,-0.0612380999,-0.0336792005,0.0009995002,opposite,False,False,False,opposite_direction_material,0.0200000000,
T5,primary,evaluable_study,H2,M4,,interaction C1,True,confirmatory,0.0123991964,0.0033012258,0.0211053744,0.0003677167,0.0239160962,0.0069965017,hypothesised,False,False,False,same_direction_not_material,0.0200000000,
T5,primary,evaluable_study,H2,M4,,interaction C2,False,not_registered,-0.0275505090,-0.0363297506,-0.0185555285,-0.0400811689,-0.0156141639,0.0009995002,opposite,False,False,False,opposite_direction_material,0.0200000000,
T5,primary,evaluable_study,H3,M3,,transfer gap M3 - transfer gap M1,False,not_registered,-0.0247785295,-0.0340026182,-0.0151054815,-0.0374176910,-0.0114321388,0.0009995002,opposite,,,,opposite_direction_not_material,,opposite_direction_material
T5,primary,evaluable_study,H3,M4,,transfer gap M4 - transfer gap M1,False,not_registered,-0.0189919698,-0.0295153313,-0.0081732492,-0.0333181284,-0.0043608466,0.0009995002,opposite,,,,opposite_direction_not_material,,opposite_direction_not_material
T5,primary,evaluable_study,H4,M3,source,C2 - C1,True,secondary,0.0826189178,0.0731923472,0.0923326302,0.0697633802,0.0957698480,0.0009995002,hypothesised,,,,confirmed,,
T5,primary,evaluable_study,H4,M4,source,C2 - C1,True,secondary,0.0339651458,0.0255387344,0.0426461124,0.0231803315,0.0460527649,0.0009995002,hypothesised,,,,confirmed,,
T5,primary,evaluable_study,H4,M3,external,C2 - C1,True,secondary,0.0220739482,0.0195385046,0.0246086343,0.0188472511,0.0254445786,0.0009995002,hypothesised,,,,confirmed,,
T5,primary,evaluable_study,H4,M4,external,C2 - C1,True,secondary,-0.0059845595,-0.0084330609,-0.0034458716,-0.0091357999,-0.0024564898,0.0009995002,opposite,,,,opposite_direction_not_material,,
T5,primary,cell_micro,H1,M1,,external C0 - source C0,False,not_registered,0.0158230662,0.0047990900,0.0264403034,0.0010962992,0.0299935665,0.0069965017,hypothesised,False,False,False,same_direction_not_material,0.0200000000,
T5,primary,cell_micro,H1,M2,,external C0 - source C0,False,not_registered,-0.0057065918,-0.0180043957,0.0065524184,-0.0228111842,0.0104455452,0.3668165917,spans_zero,False,False,True,inconclusive,0.0200000000,
T5,primary,cell_micro,H1,M3,,external C0 - source C0,True,confirmatory,-0.0089127768,-0.0180876627,0.0002646818,-0.0214145893,0.0035344783,0.0569715142,spans_zero,False,False,True,inconclusive,0.0200000000,
T5,primary,cell_micro,H1,M4,,external C0 - source C0,True,confirmatory,0.0061063166,-0.0020358760,0.0139755452,-0.0050736402,0.0168332673,0.1429285357,spans_zero,False,False,True,inconclusive,0.0200000000,
T5,primary,cell_micro,H2,M3,,interaction C1,True,confirmatory,0.0106076932,0.0026742815,0.0182302933,0.0002635963,0.0206310310,0.0049975012,hypothesised,False,False,True,same_direction_not_material,0.0200000000,
T5,primary,cell_micro,H2,M3,,interaction C2,False,not_registered,-0.0463402449,-0.0557982160,-0.0367496671,-0.0589839820,-0.0328189723,0.0009995002,opposite,False,False,False,opposite_direction_material,0.0200000000,
T5,primary,cell_micro,H2,M4,,interaction C1,True,confirmatory,-0.0048712722,-0.0121996892,0.0026429052,-0.0152822222,0.0049725523,0.2078960520,spans_zero,False,False,True,inconclusive,0.0200000000,
T5,primary,cell_micro,H2,M4,,interaction C2,False,not_registered,-0.0249370541,-0.0327383005,-0.0170138469,-0.0350945770,-0.0149440119,0.0009995002,opposite,False,False,False,opposite_direction_material,0.0200000000,
T5,primary,cell_micro,H3,M3,,transfer gap M3 - transfer gap M1,False,not_registered,-0.0247358430,-0.0329737593,-0.0163376288,-0.0356245640,-0.0131798438,0.0009995002,opposite,,,,opposite_direction_not_material,,opposite_direction_material
T5,primary,cell_micro,H3,M4,,transfer gap M4 - transfer gap M1,False,not_registered,-0.0097167496,-0.0186202736,-0.0002112643,-0.0214316136,0.0032767934,0.0469765117,opposite,,,,opposite_direction_not_material,,opposite_direction_not_material
T5,primary,cell_micro,H4,M3,source,C2 - C1,True,secondary,0.0818570631,0.0735756621,0.0907428443,0.0709479983,0.0935670445,0.0009995002,hypothesised,,,,confirmed,,
T5,primary,cell_micro,H4,M4,source,C2 - C1,True,secondary,0.0275691120,0.0205926896,0.0349479099,0.0181199801,0.0372543594,0.0009995002,hypothesised,,,,confirmed,,
T5,primary,cell_micro,H4,M3,external,C2 - C1,True,secondary,0.0249091250,0.0225356177,0.0272012296,0.0218612083,0.0279521226,0.0009995002,hypothesised,,,,confirmed,,
T5,primary,cell_micro,H4,M4,external,C2 - C1,True,secondary,0.0075033301,0.0052790503,0.0098404553,0.0045464965,0.0106116815,0.0009995002,hypothesised,,,,confirmed,,
T5,primary,pathology_macro,H1,M1,,external C0 - source C0,False,not_registered,0.0484437098,0.0372483926,0.0595708387,0.0331822278,0.0639016773,0.0009995002,hypothesised,True,True,False,confirmed,0.0200000000,
T5,primary,pathology_macro,H1,M2,,external C0 - source C0,False,not_registered,0.0106764889,-0.0016666127,0.0225009734,-0.0065212166,0.0265959540,0.0899550225,spans_zero,False,False,False,inconclusive,0.0200000000,
T5,primary,pathology_macro,H1,M3,,external C0 - source C0,True,confirmatory,0.0138031720,0.0040648315,0.0235764776,0.0000294958,0.0271390534,0.0099950025,hypothesised,False,False,False,same_direction_not_material,0.0200000000,
T5,primary,pathology_macro,H1,M4,,external C0 - source C0,True,confirmatory,0.0056272421,-0.0029298359,0.0138859132,-0.0055918550,0.0166399992,0.2018990505,spans_zero,False,False,True,inconclusive,0.0200000000,
T5,primary,pathology_macro,H2,M3,,interaction C1,True,confirmatory,0.0117860865,0.0027183788,0.0202849609,0.0005510932,0.0225184802,0.0059970015,hypothesised,False,False,False,same_direction_not_material,0.0200000000,
T5,primary,pathology_macro,H2,M3,,interaction C2,False,not_registered,-0.0499387597,-0.0602720549,-0.0391482435,-0.0636482944,-0.0353916688,0.0009995002,opposite,False,False,False,opposite_direction_material,0.0200000000,
T5,primary,pathology_macro,H2,M4,,interaction C1,True,confirmatory,-0.0184991485,-0.0270471109,-0.0098373815,-0.0300324180,-0.0072624329,0.0009995002,opposite,False,False,False,opposite_direction_not_material,0.0200000000,
T5,primary,pathology_macro,H2,M4,,interaction C2,False,not_registered,-0.0276132632,-0.0358864014,-0.0183450375,-0.0387709159,-0.0162037456,0.0009995002,opposite,False,False,False,opposite_direction_material,0.0200000000,
T5,primary,pathology_macro,H3,M3,,transfer gap M3 - transfer gap M1,False,not_registered,-0.0346405378,-0.0432026268,-0.0256014545,-0.0457845644,-0.0229420094,0.0009995002,opposite,,,,opposite_direction_not_material,,opposite_direction_material
T5,primary,pathology_macro,H3,M4,,transfer gap M4 - transfer gap M1,False,not_registered,-0.0428164677,-0.0520733379,-0.0330554734,-0.0552838972,-0.0296176205,0.0009995002,opposite,,,,opposite_direction_not_material,,opposite_direction_material
T5,primary,pathology_macro,H4,M3,source,C2 - C1,True,secondary,0.0822875398,0.0729822478,0.0924070271,0.0699700877,0.0952517194,0.0009995002,hypothesised,,,,confirmed,,
T5,primary,pathology_macro,H4,M4,source,C2 - C1,True,secondary,0.0243310734,0.0162339077,0.0325654049,0.0137774623,0.0360087813,0.0009995002,hypothesised,,,,confirmed,,
T5,primary,pathology_macro,H4,M3,external,C2 - C1,True,secondary,0.0205626936,0.0178355811,0.0233475480,0.0171078956,0.0242433480,0.0009995002,hypothesised,,,,confirmed,,
T5,primary,pathology_macro,H4,M4,external,C2 - C1,True,secondary,0.0152169588,0.0129726857,0.0175376993,0.0121850274,0.0183702380,0.0009995002,hypothesised,,,,confirmed,,
T10,primary,original,H1,M1,,external C0 - source C0,False,not_registered,0.0559227749,0.0460788597,0.0649468065,0.0434060026,0.0678440374,0.0009995002,hypothesised,True,True,False,confirmed,0.0200000000,
T10,primary,original,H1,M2,,external C0 - source C0,False,not_registered,0.0202408832,0.0082373129,0.0314071210,0.0026287938,0.0354275860,0.0019990005,hypothesised,True,False,False,confirmed,0.0200000000,
T10,primary,original,H1,M3,,external C0 - source C0,True,confirmatory,0.0221208106,0.0128672764,0.0310181343,0.0095889993,0.0345031807,0.0009995002,hypothesised,True,False,False,confirmed,0.0200000000,
T10,primary,original,H1,M4,,external C0 - source C0,True,confirmatory,0.0231737787,0.0158567652,0.0302247192,0.0127358626,0.0329518106,0.0009995002,hypothesised,True,False,False,confirmed,0.0200000000,
T10,primary,original,H2,M3,,interaction C1,True,confirmatory,0.0101146056,0.0018631014,0.0177448888,-0.0010932171,0.0205612627,0.0139930035,hypothesised,False,False,True,same_direction_not_material,0.0200000000,
T10,primary,original,H2,M3,,interaction C2,False,not_registered,-0.0218819655,-0.0319309926,-0.0122702668,-0.0346172486,-0.0087655234,0.0009995002,opposite,False,False,False,opposite_direction_material,0.0200000000,
T10,primary,original,H2,M4,,interaction C1,True,confirmatory,0.0057221072,-0.0023003393,0.0128287830,-0.0042125782,0.0163750104,0.1439280360,spans_zero,False,False,True,inconclusive,0.0200000000,
T10,primary,original,H2,M4,,interaction C2,False,not_registered,-0.0161024997,-0.0239500104,-0.0087779905,-0.0263113985,-0.0065188797,0.0009995002,opposite,False,False,False,opposite_direction_not_material,0.0200000000,
T10,primary,original,H3,M3,,transfer gap M3 - transfer gap M1,False,not_registered,-0.0338019643,-0.0424561865,-0.0256967918,-0.0448975219,-0.0225437526,0.0009995002,opposite,,,,opposite_direction_not_material,,opposite_direction_material
T10,primary,original,H3,M4,,transfer gap M4 - transfer gap M1,False,not_registered,-0.0327489962,-0.0416080853,-0.0234052749,-0.0447110615,-0.0202471988,0.0009995002,opposite,,,,opposite_direction_not_material,,opposite_direction_material
T10,primary,original,H4,M3,source,C2 - C1,True,secondary,0.0605673327,0.0523979131,0.0685628056,0.0495313122,0.0712375141,0.0009995002,hypothesised,,,,confirmed,,
T10,primary,original,H4,M4,source,C2 - C1,True,secondary,0.0198714423,0.0137433647,0.0265286513,0.0120498738,0.0291634566,0.0009995002,hypothesised,,,,confirmed,,
T10,primary,original,H4,M3,external,C2 - C1,True,secondary,0.0285707616,0.0238326839,0.0333937996,0.0220422519,0.0354919233,0.0009995002,hypothesised,,,,confirmed,,
T10,primary,original,H4,M4,external,C2 - C1,True,secondary,-0.0019531647,-0.0067490311,0.0022576251,-0.0082410633,0.0037443961,0.4137931034,spans_zero,,,,inconclusive,,
T10,primary,evaluable_study,H1,M1,,external C0 - source C0,False,not_registered,0.0250974945,0.0106550472,0.0392798825,0.0056125753,0.0435604519,0.0009995002,hypothesised,True,False,False,confirmed,0.0200000000,
T10,primary,evaluable_study,H1,M2,,external C0 - source C0,False,not_registered,-0.0464692164,-0.0632224859,-0.0305395250,-0.0692820296,-0.0259319585,0.0009995002,opposite,False,False,False,opposite_direction_material,0.0200000000,
T10,primary,evaluable_study,H1,M3,,external C0 - source C0,True,confirmatory,-0.0129909230,-0.0268939946,-0.0004527062,-0.0317882903,0.0039812129,0.0449775112,opposite,False,False,False,opposite_direction_not_material,0.0200000000,
T10,primary,evaluable_study,H1,M4,,external C0 - source C0,True,confirmatory,-0.0009059203,-0.0118212567,0.0095571314,-0.0159801532,0.0128749425,0.9055472264,spans_zero,False,False,True,inconclusive,0.0200000000,
T10,primary,evaluable_study,H2,M3,,interaction C1,True,confirmatory,0.0175962602,0.0061001221,0.0284440168,0.0011782024,0.0325076313,0.0069965017,hypothesised,False,False,False,same_direction_not_material,0.0200000000,
T10,primary,evaluable_study,H2,M3,,interaction C2,False,not_registered,-0.0374487134,-0.0515510123,-0.0239284093,-0.0562223364,-0.0185765607,0.0009995002,opposite,False,False,False,opposite_direction_material,0.0200000000,
T10,primary,evaluable_study,H2,M4,,interaction C1,True,confirmatory,0.0047470896,-0.0070048756,0.0152224312,-0.0099171426,0.0201267193,0.4127936032,spans_zero,False,False,True,inconclusive,0.0200000000,
T10,primary,evaluable_study,H2,M4,,interaction C2,False,not_registered,-0.0287316010,-0.0404238444,-0.0178758040,-0.0437266981,-0.0140511841,0.0009995002,opposite,False,False,False,opposite_direction_material,0.0200000000,
T10,primary,evaluable_study,H3,M3,,transfer gap M3 - transfer gap M1,False,not_registered,-0.0380884175,-0.0503924271,-0.0261552426,-0.0547261907,-0.0223045326,0.0009995002,opposite,,,,opposite_direction_not_material,,opposite_direction_material
T10,primary,evaluable_study,H3,M4,,transfer gap M4 - transfer gap M1,False,not_registered,-0.0260034148,-0.0388119623,-0.0120459361,-0.0439859328,-0.0069582161,0.0009995002,opposite,,,,opposite_direction_not_material,,opposite_direction_material
T10,primary,evaluable_study,H4,M3,source,C2 - C1,True,secondary,0.0881325034,0.0761925932,0.0993836461,0.0721462417,0.1036844202,0.0009995002,hypothesised,,,,confirmed,,
T10,primary,evaluable_study,H4,M4,source,C2 - C1,True,secondary,0.0308966535,0.0212999506,0.0418132975,0.0181250264,0.0454710659,0.0009995002,hypothesised,,,,confirmed,,
T10,primary,evaluable_study,H4,M3,external,C2 - C1,True,secondary,0.0330875299,0.0273493321,0.0388548585,0.0248336395,0.0416030509,0.0009995002,hypothesised,,,,confirmed,,
T10,primary,evaluable_study,H4,M4,external,C2 - C1,True,secondary,-0.0025820372,-0.0085995181,0.0027394860,-0.0102877881,0.0047155686,0.3848075962,spans_zero,,,,inconclusive,,
T10,primary,cell_micro,H1,M1,,external C0 - source C0,False,not_registered,0.0269723346,0.0139998617,0.0391061330,0.0103513109,0.0427975715,0.0009995002,hypothesised,True,False,False,confirmed,0.0200000000,
T10,primary,cell_micro,H1,M2,,external C0 - source C0,False,not_registered,-0.0272967002,-0.0435581633,-0.0116346849,-0.0490214819,-0.0055565335,0.0029985007,opposite,False,False,False,opposite_direction_material,0.0200000000,
T10,primary,cell_micro,H1,M3,,external C0 - source C0,True,confirmatory,-0.0093172683,-0.0212561851,0.0029970476,-0.0261987542,0.0057493056,0.1139430285,spans_zero,False,False,False,inconclusive,0.0200000000,
T10,primary,cell_micro,H1,M4,,external C0 - source C0,True,confirmatory,0.0125397783,0.0026017375,0.0217951859,-0.0002384323,0.0250237362,0.0129935032,hypothesised,False,False,False,same_direction_not_material,0.0200000000,
T10,primary,cell_micro,H2,M3,,interaction C1,True,confirmatory,0.0142514719,0.0041729074,0.0235914435,0.0001421115,0.0275522111,0.0089955022,hypothesised,False,False,False,same_direction_not_material,0.0200000000,
T10,primary,cell_micro,H2,M3,,interaction C2,False,not_registered,-0.0353868792,-0.0474978635,-0.0231138873,-0.0529325982,-0.0190042957,0.0009995002,opposite,False,False,False,opposite_direction_material,0.0200000000,
T10,primary,cell_micro,H2,M4,,interaction C1,True,confirmatory,-0.0092169782,-0.0188342909,-0.0001940437,-0.0214560883,0.0035596023,0.0489755122,opposite,False,False,True,opposite_direction_not_material,0.0200000000,
T10,primary,cell_micro,H2,M4,,interaction C2,False,not_registered,-0.0264875212,-0.0362737783,-0.0169005274,-0.0392937927,-0.0130346594,0.0009995002,opposite,False,False,False,opposite_direction_material,0.0200000000,
T10,primary,cell_micro,H3,M3,,transfer gap M3 - transfer gap M1,False,not_registered,-0.0362896029,-0.0471928041,-0.0254848261,-0.0526172669,-0.0211671502,0.0009995002,opposite,,,,opposite_direction_not_material,,opposite_direction_material
T10,primary,cell_micro,H3,M4,,transfer gap M4 - transfer gap M1,False,not_registered,-0.0144325563,-0.0254770180,-0.0019955297,-0.0291979581,0.0012279159,0.0169915042,opposite,,,,opposite_direction_not_material,,opposite_direction_not_material
T10,primary,cell_micro,H4,M3,source,C2 - C1,True,secondary,0.0878694811,0.0768527315,0.0984278989,0.0736664580,0.1009425675,0.0009995002,hypothesised,,,,confirmed,,
T10,primary,cell_micro,H4,M4,source,C2 - C1,True,secondary,0.0259626488,0.0181595404,0.0352461335,0.0152286804,0.0384705772,0.0009995002,hypothesised,,,,confirmed,,
T10,primary,cell_micro,H4,M3,external,C2 - C1,True,secondary,0.0382311300,0.0331129622,0.0435608655,0.0309714171,0.0458606635,0.0009995002,hypothesised,,,,confirmed,,
T10,primary,cell_micro,H4,M4,external,C2 - C1,True,secondary,0.0086921057,0.0030983905,0.0136767050,0.0015024395,0.0155155761,0.0029985007,hypothesised,,,,confirmed,,
T10,primary,pathology_macro,H1,M1,,external C0 - source C0,False,not_registered,0.0544311091,0.0403140646,0.0678300428,0.0357611273,0.0706969229,0.0009995002,hypothesised,True,True,False,confirmed,0.0200000000,
T10,primary,pathology_macro,H1,M2,,external C0 - source C0,False,not_registered,-0.0044982640,-0.0211807450,0.0123964211,-0.0261513559,0.0180408521,0.6076961519,spans_zero,False,False,False,inconclusive,0.0200000000,
T10,primary,pathology_macro,H1,M3,,external C0 - source C0,True,confirmatory,0.0126451566,-0.0005770974,0.0257359523,-0.0063598416,0.0301217587,0.0659670165,spans_zero,False,False,False,inconclusive,0.0200000000,
T10,primary,pathology_macro,H1,M4,,external C0 - source C0,True,confirmatory,0.0113626012,0.0009574181,0.0213430353,-0.0029826777,0.0247968506,0.0319840080,hypothesised,False,False,False,same_direction_not_material,0.0200000000,
T10,primary,pathology_macro,H2,M3,,interaction C1,True,confirmatory,0.0128079944,0.0012340420,0.0239124211,-0.0026740093,0.0277575684,0.0319840080,hypothesised,False,False,False,same_direction_not_material,0.0200000000,
T10,primary,pathology_macro,H2,M3,,interaction C2,False,not_registered,-0.0344948321,-0.0476202120,-0.0215204660,-0.0517199621,-0.0175464290,0.0009995002,opposite,False,False,False,opposite_direction_material,0.0200000000,
T10,primary,pathology_macro,H2,M4,,interaction C1,True,confirmatory,-0.0236552536,-0.0345750629,-0.0129615539,-0.0381426573,-0.0096777927,0.0009995002,opposite,False,False,False,opposite_direction_material,0.0200000000,
T10,primary,pathology_macro,H2,M4,,interaction C2,False,not_registered,-0.0257139979,-0.0367726722,-0.0150658787,-0.0406856294,-0.0108320464,0.0009995002,opposite,False,False,False,opposite_direction_material,0.0200000000,
T10,primary,pathology_macro,H3,M3,,transfer gap M3 - transfer gap M1,False,not_registered,-0.0417859525,-0.0539572131,-0.0299147421,-0.0589845170,-0.0269353593,0.0009995002,opposite,,,,opposite_direction_not_material,,opposite_direction_material
T10,primary,pathology_macro,H3,M4,,transfer gap M4 - transfer gap M1,False,not_registered,-0.0430685080,-0.0544417623,-0.0305783716,-0.0585482273,-0.0266574711,0.0009995002,opposite,,,,opposite_direction_not_material,,opposite_direction_material
T10,primary,pathology_macro,H4,M3,source,C2 - C1,True,secondary,0.0831580771,0.0712863708,0.0945660160,0.0666021781,0.0992460480,0.0009995002,hypothesised,,,,confirmed,,
T10,primary,pathology_macro,H4,M4,source,C2 - C1,True,secondary,0.0195210016,0.0097515447,0.0302660253,0.0068949029,0.0340658052,0.0009995002,hypothesised,,,,confirmed,,
T10,primary,pathology_macro,H4,M3,external,C2 - C1,True,secondary,0.0358552505,0.0298281595,0.0420123255,0.0276609294,0.0446643737,0.0009995002,hypothesised,,,,confirmed,,
T10,primary,pathology_macro,H4,M4,external,C2 - C1,True,secondary,0.0174622573,0.0119846923,0.0226216598,0.0106612635,0.0239990887,0.0009995002,hypothesised,,,,confirmed,,
seed20260719,primary,original,H1,M1,,external C0 - source C0,False,not_registered,0.0511126487,0.0450407096,0.0568222556,0.0428849910,0.0589778929,0.0009995002,hypothesised,True,True,False,confirmed,0.0200000000,
seed20260719,primary,original,H1,M4,,external C0 - source C0,True,confirmatory,0.0246499466,0.0181951625,0.0314697346,0.0159917865,0.0332815083,0.0009995002,hypothesised,True,False,False,confirmed,0.0200000000,
seed20260719,primary,original,H2,M4,,interaction C1,True,confirmatory,0.0088465023,0.0041998580,0.0137456366,0.0029278392,0.0148506356,0.0009995002,hypothesised,False,False,True,same_direction_not_material,0.0200000000,
seed20260719,primary,original,H2,M4,,interaction C2,False,not_registered,-0.0062155793,-0.0108676693,-0.0014736844,-0.0126834629,-0.0000501203,0.0089955022,opposite,False,False,True,opposite_direction_not_material,0.0200000000,
seed20260719,primary,original,H3,M4,,transfer gap M4 - transfer gap M1,False,not_registered,-0.0264627021,-0.0315554424,-0.0215740835,-0.0332168120,-0.0193072850,0.0009995002,opposite,,,,opposite_direction_not_material,,opposite_direction_material
seed20260719,primary,original,H4,M4,source,C2 - C1,True,secondary,0.0060255307,0.0019207363,0.0102164799,0.0008342432,0.0116161154,0.0029985007,hypothesised,,,,confirmed,,
seed20260719,primary,original,H4,M4,external,C2 - C1,True,secondary,-0.0090365509,-0.0108415671,-0.0071797135,-0.0114183745,-0.0065050668,0.0009995002,opposite,,,,opposite_direction_not_material,,
seed20260719,primary,evaluable_study,H1,M1,,external C0 - source C0,False,not_registered,-0.0082397305,-0.0194116733,0.0027202623,-0.0241498028,0.0057192268,0.1439280360,spans_zero,False,False,True,inconclusive,0.0200000000,
seed20260719,primary,evaluable_study,H1,M4,,external C0 - source C0,True,confirmatory,-0.0468586383,-0.0586166781,-0.0350254237,-0.0614063987,-0.0311380619,0.0009995002,opposite,False,False,False,opposite_direction_material,0.0200000000,
seed20260719,primary,evaluable_study,H2,M4,,interaction C1,True,confirmatory,0.0026913910,-0.0049967521,0.0108943748,-0.0077232547,0.0126901955,0.5227386307,spans_zero,False,False,True,inconclusive,0.0200000000,
seed20260719,primary,evaluable_study,H2,M4,,interaction C2,False,not_registered,-0.0130217764,-0.0208695460,-0.0050414209,-0.0240952005,-0.0026162893,0.0009995002,opposite,False,False,False,opposite_direction_not_material,0.0200000000,
seed20260719,primary,evaluable_study,H3,M4,,transfer gap M4 - transfer gap M1,False,not_registered,-0.0386189078,-0.0472691209,-0.0302403800,-0.0499897382,-0.0270834607,0.0009995002,opposite,,,,opposite_direction_not_material,,opposite_direction_material
seed20260719,primary,evaluable_study,H4,M4,source,C2 - C1,True,secondary,0.0044075035,-0.0028301800,0.0120662880,-0.0053880155,0.0138339117,0.2568715642,spans_zero,,,,inconclusive,,
seed20260719,primary,evaluable_study,H4,M4,external,C2 - C1,True,secondary,-0.0113056639,-0.0134164204,-0.0091627950,-0.0140902234,-0.0083637767,0.0009995002,opposite,,,,opposite_direction_not_material,,
seed20260719,primary,cell_micro,H1,M1,,external C0 - source C0,False,not_registered,-0.0005716662,-0.0106835356,0.0092044112,-0.0147875149,0.0125116489,0.9005497251,spans_zero,False,False,True,inconclusive,0.0200000000,
seed20260719,primary,cell_micro,H1,M4,,external C0 - source C0,True,confirmatory,-0.0293628525,-0.0397968505,-0.0188430738,-0.0430527226,-0.0146569927,0.0009995002,opposite,False,False,False,opposite_direction_material,0.0200000000,
seed20260719,primary,cell_micro,H2,M4,,interaction C1,True,confirmatory,-0.0019346726,-0.0086475321,0.0045786802,-0.0108525414,0.0065956587,0.5977011494,spans_zero,False,False,True,inconclusive,0.0200000000,
seed20260719,primary,cell_micro,H2,M4,,interaction C2,False,not_registered,-0.0085070195,-0.0151962452,-0.0018018366,-0.0177303305,0.0001135370,0.0109945027,opposite,False,False,True,opposite_direction_not_material,0.0200000000,
seed20260719,primary,cell_micro,H3,M4,,transfer gap M4 - transfer gap M1,False,not_registered,-0.0287911862,-0.0363062211,-0.0214374774,-0.0384349424,-0.0190025398,0.0009995002,opposite,,,,opposite_direction_not_material,,opposite_direction_material
seed20260719,primary,cell_micro,H4,M4,source,C2 - C1,True,secondary,0.0048234648,-0.0014325600,0.0112317274,-0.0037927887,0.0130286013,0.1269365317,spans_zero,,,,inconclusive,,
seed20260719,primary,cell_micro,H4,M4,external,C2 - C1,True,secondary,-0.0017488820,-0.0036489377,0.0002165779,-0.0045565279,0.0008371213,0.0749625187,spans_zero,,,,inconclusive,,
seed20260719,primary,pathology_macro,H1,M1,,external C0 - source C0,False,not_registered,0.0285286018,0.0180221329,0.0386623145,0.0140860806,0.0419586220,0.0009995002,hypothesised,True,False,False,confirmed,0.0200000000,
seed20260719,primary,pathology_macro,H1,M4,,external C0 - source C0,True,confirmatory,0.0153179459,0.0050320887,0.0263520690,0.0015760216,0.0302583496,0.0069965017,hypothesised,False,False,False,same_direction_not_material,0.0200000000,
seed20260719,primary,pathology_macro,H2,M4,,interaction C1,True,confirmatory,-0.0126361133,-0.0199026182,-0.0053860999,-0.0223939532,-0.0032605207,0.0009995002,opposite,False,False,True,opposite_direction_not_material,0.0200000000,
seed20260719,primary,pathology_macro,H2,M4,,interaction C2,False,not_registered,-0.0102123337,-0.0182538626,-0.0024148935,-0.0207917498,-0.0005216741,0.0059970015,opposite,False,False,True,opposite_direction_not_material,0.0200000000,
seed20260719,primary,pathology_macro,H3,M4,,transfer gap M4 - transfer gap M1,False,not_registered,-0.0132106559,-0.0210616004,-0.0055185841,-0.0238410738,-0.0022124418,0.0019990005,opposite,,,,opposite_direction_not_material,,opposite_direction_not_material
seed20260719,primary,pathology_macro,H4,M4,source,C2 - C1,True,secondary,0.0084160573,0.0018234449,0.0152583082,-0.0008365652,0.0171330851,0.0159920040,hypothesised,,,,confirmed,,
seed20260719,primary,pathology_macro,H4,M4,external,C2 - C1,True,secondary,0.0108398369,0.0086721016,0.0130017345,0.0079710960,0.0136534125,0.0009995002,hypothesised,,,,confirmed,,
findings_S1,primary,original,H1,M1,,external C0 - source C0,False,not_registered,-0.0671611330,-0.0735534931,-0.0607074155,-0.0759160341,-0.0583822682,0.0009995002,opposite,False,False,False,opposite_direction_material,0.0200000000,
findings_S1,primary,original,H1,M2,,external C0 - source C0,False,not_registered,-0.2384928588,-0.2470186450,-0.2303492374,-0.2497168082,-0.2273177557,0.0009995002,opposite,False,False,False,opposite_direction_material,0.0200000000,
findings_S1,primary,original,H1,M3,,external C0 - source C0,True,confirmatory,-0.1323946900,-0.1398499127,-0.1245875747,-0.1422765119,-0.1228725579,0.0009995002,opposite,False,False,False,opposite_direction_material,0.0200000000,
findings_S1,primary,original,H1,M4,,external C0 - source C0,True,confirmatory,-0.1079148057,-0.1141327105,-0.1013897558,-0.1164297572,-0.0988724364,0.0009995002,opposite,False,False,False,opposite_direction_material,0.0200000000,
findings_S1,primary,original,H2,M3,,interaction C1,True,confirmatory,0.0339796068,0.0281792117,0.0399372916,0.0264021161,0.0414773483,0.0009995002,hypothesised,True,True,False,confirmed,0.0200000000,
findings_S1,primary,original,H2,M3,,interaction C2,False,not_registered,-0.0177839138,-0.0249697691,-0.0109870275,-0.0270928863,-0.0084418962,0.0009995002,opposite,False,False,False,opposite_direction_not_material,0.0200000000,
findings_S1,primary,original,H2,M4,,interaction C1,True,confirmatory,0.0624902100,0.0564806086,0.0685151351,0.0550005418,0.0705070772,0.0009995002,hypothesised,True,True,False,confirmed,0.0200000000,
findings_S1,primary,original,H2,M4,,interaction C2,False,not_registered,0.0041089043,-0.0023991080,0.0107106109,-0.0045651654,0.0132437194,0.2138930535,spans_zero,False,False,True,inconclusive,0.0200000000,
findings_S1,primary,original,H3,M3,,transfer gap M3 - transfer gap M1,False,not_registered,-0.0652335571,-0.0713320015,-0.0584895267,-0.0735387410,-0.0566448463,0.0009995002,opposite,,,,opposite_direction_not_material,,opposite_direction_material
findings_S1,primary,original,H3,M4,,transfer gap M4 - transfer gap M1,False,not_registered,-0.0407536727,-0.0472548118,-0.0340543968,-0.0492626249,-0.0315316780,0.0009995002,opposite,,,,opposite_direction_not_material,,opposite_direction_material
findings_S1,primary,original,H4,M3,source,C2 - C1,True,secondary,0.0606469186,0.0539834089,0.0671252957,0.0521866230,0.0694220102,0.0009995002,hypothesised,,,,confirmed,,
findings_S1,primary,original,H4,M4,source,C2 - C1,True,secondary,0.0479364140,0.0420007054,0.0541545232,0.0399388541,0.0556929366,0.0009995002,hypothesised,,,,confirmed,,
findings_S1,primary,original,H4,M3,external,C2 - C1,True,secondary,0.0088833980,0.0077649771,0.0100021106,0.0074414353,0.0103454164,0.0009995002,hypothesised,,,,confirmed,,
findings_S1,primary,original,H4,M4,external,C2 - C1,True,secondary,-0.0104448917,-0.0116775553,-0.0092229280,-0.0121370841,-0.0088579427,0.0009995002,opposite,,,,opposite_direction_not_material,,
findings_S1,primary,evaluable_study,H1,M1,,external C0 - source C0,False,not_registered,0.0951087369,0.0865283000,0.1031305127,0.0840549588,0.1056441782,0.0009995002,hypothesised,True,True,False,confirmed,0.0200000000,
findings_S1,primary,evaluable_study,H1,M2,,external C0 - source C0,False,not_registered,-0.0002263586,-0.0106561727,0.0102739539,-0.0145045827,0.0137462214,0.9755122439,spans_zero,False,False,True,inconclusive,0.0200000000,
findings_S1,primary,evaluable_study,H1,M3,,external C0 - source C0,True,confirmatory,0.0285357986,0.0192445400,0.0381614775,0.0160134919,0.0413045714,0.0009995002,hypothesised,True,False,False,confirmed,0.0200000000,
findings_S1,primary,evaluable_study,H1,M4,,external C0 - source C0,True,confirmatory,0.0047874138,-0.0034293224,0.0127654486,-0.0057737808,0.0160936742,0.2488755622,spans_zero,False,False,True,inconclusive,0.0200000000,
findings_S1,primary,evaluable_study,H2,M3,,interaction C1,True,confirmatory,0.0345353105,0.0274274566,0.0419558987,0.0249215823,0.0442249446,0.0009995002,hypothesised,True,True,False,confirmed,0.0200000000,
findings_S1,primary,evaluable_study,H2,M3,,interaction C2,False,not_registered,0.0001916536,-0.0084177615,0.0086870668,-0.0112903901,0.0113132425,0.9945027486,spans_zero,False,False,True,inconclusive,0.0200000000,
findings_S1,primary,evaluable_study,H2,M4,,interaction C1,True,confirmatory,0.1110552747,0.1030820524,0.1184417908,0.0999969010,0.1218446815,0.0009995002,hypothesised,True,True,False,confirmed,0.0200000000,
findings_S1,primary,evaluable_study,H2,M4,,interaction C2,False,not_registered,0.0153108049,0.0072655207,0.0234198169,0.0048555384,0.0259706878,0.0009995002,hypothesised,False,False,False,same_direction_not_material,0.0200000000,
findings_S1,primary,evaluable_study,H3,M3,,transfer gap M3 - transfer gap M1,False,not_registered,-0.0665729383,-0.0743446605,-0.0580646806,-0.0773530613,-0.0546561152,0.0009995002,opposite,,,,opposite_direction_not_material,,opposite_direction_material
findings_S1,primary,evaluable_study,H3,M4,,transfer gap M4 - transfer gap M1,False,not_registered,-0.0903213232,-0.0983207509,-0.0817459122,-0.1012161343,-0.0783372413,0.0009995002,opposite,,,,opposite_direction_not_material,,opposite_direction_material
findings_S1,primary,evaluable_study,H4,M3,source,C2 - C1,True,secondary,0.0650927916,0.0580466283,0.0720701991,0.0563867660,0.0741717030,0.0009995002,hypothesised,,,,confirmed,,
findings_S1,primary,evaluable_study,H4,M4,source,C2 - C1,True,secondary,0.0516005485,0.0453360186,0.0581973720,0.0432527148,0.0599716357,0.0009995002,hypothesised,,,,confirmed,,
findings_S1,primary,evaluable_study,H4,M3,external,C2 - C1,True,secondary,0.0307491347,0.0267493191,0.0349521778,0.0253277974,0.0361923063,0.0009995002,hypothesised,,,,confirmed,,
findings_S1,primary,evaluable_study,H4,M4,external,C2 - C1,True,secondary,-0.0441439213,-0.0488628992,-0.0395476809,-0.0508697424,-0.0378418786,0.0009995002,opposite,,,,opposite_direction_not_material,,
findings_S1,primary,cell_micro,H1,M1,,external C0 - source C0,False,not_registered,0.0802935331,0.0720242904,0.0878780953,0.0697871847,0.0906306365,0.0009995002,hypothesised,True,True,False,confirmed,0.0200000000,
findings_S1,primary,cell_micro,H1,M2,,external C0 - source C0,False,not_registered,0.0077197851,-0.0020452096,0.0172120333,-0.0047094183,0.0204839402,0.1139430285,spans_zero,False,False,True,inconclusive,0.0200000000,
findings_S1,primary,cell_micro,H1,M3,,external C0 - source C0,True,confirmatory,0.0252657231,0.0167230010,0.0341369522,0.0139670340,0.0367853855,0.0009995002,hypothesised,True,False,False,confirmed,0.0200000000,
findings_S1,primary,cell_micro,H1,M4,,external C0 - source C0,True,confirmatory,0.0010933284,-0.0063209718,0.0082442785,-0.0087997112,0.0112256184,0.7556221889,spans_zero,False,False,True,inconclusive,0.0200000000,
findings_S1,primary,cell_micro,H2,M3,,interaction C1,True,confirmatory,0.0324024926,0.0259138235,0.0390858203,0.0235333174,0.0414698332,0.0009995002,hypothesised,True,True,False,confirmed,0.0200000000,
findings_S1,primary,cell_micro,H2,M3,,interaction C2,False,not_registered,0.0013555567,-0.0065917789,0.0092082880,-0.0095202693,0.0120468434,0.7296351824,spans_zero,False,False,True,inconclusive,0.0200000000,
findings_S1,primary,cell_micro,H2,M4,,interaction C1,True,confirmatory,0.0997065481,0.0929590949,0.1064405854,0.0896871433,0.1091154268,0.0009995002,hypothesised,True,True,False,confirmed,0.0200000000,
findings_S1,primary,cell_micro,H2,M4,,interaction C2,False,not_registered,0.0133474117,0.0058683417,0.0209260892,0.0027694170,0.0231989989,0.0009995002,hypothesised,False,False,False,same_direction_not_material,0.0200000000,
findings_S1,primary,cell_micro,H3,M3,,transfer gap M3 - transfer gap M1,False,not_registered,-0.0550278100,-0.0622613359,-0.0472853127,-0.0645149161,-0.0444283554,0.0009995002,opposite,,,,opposite_direction_not_material,,opposite_direction_material
findings_S1,primary,cell_micro,H3,M4,,transfer gap M4 - transfer gap M1,False,not_registered,-0.0792002047,-0.0866294997,-0.0710786287,-0.0895529174,-0.0684537517,0.0009995002,opposite,,,,opposite_direction_not_material,,opposite_direction_material
findings_S1,primary,cell_micro,H4,M3,source,C2 - C1,True,secondary,0.0663601818,0.0599453058,0.0727166584,0.0579642160,0.0747219013,0.0009995002,hypothesised,,,,confirmed,,
findings_S1,primary,cell_micro,H4,M4,source,C2 - C1,True,secondary,0.0552398984,0.0492793896,0.0613935033,0.0473357288,0.0633251006,0.0009995002,hypothesised,,,,confirmed,,
findings_S1,primary,cell_micro,H4,M3,external,C2 - C1,True,secondary,0.0353132460,0.0315325990,0.0392879076,0.0305407647,0.0404496162,0.0009995002,hypothesised,,,,confirmed,,
findings_S1,primary,cell_micro,H4,M4,external,C2 - C1,True,secondary,-0.0311192380,-0.0354169163,-0.0270449621,-0.0371548027,-0.0256774414,0.0009995002,opposite,,,,opposite_direction_not_material,,
findings_S1,primary,pathology_macro,H1,M1,,external C0 - source C0,False,not_registered,0.0763519450,0.0667860491,0.0853018177,0.0642176386,0.0883438930,0.0009995002,hypothesised,True,True,False,confirmed,0.0200000000,
findings_S1,primary,pathology_macro,H1,M2,,external C0 - source C0,False,not_registered,0.0137489660,0.0044189725,0.0226266120,0.0012340476,0.0264447136,0.0059970015,hypothesised,False,False,False,same_direction_not_material,0.0200000000,
findings_S1,primary,pathology_macro,H1,M3,,external C0 - source C0,True,confirmatory,0.0386290505,0.0288366123,0.0483644018,0.0262493589,0.0510059141,0.0009995002,hypothesised,True,True,False,confirmed,0.0200000000,
findings_S1,primary,pathology_macro,H1,M4,,external C0 - source C0,True,confirmatory,0.0009503772,-0.0067271926,0.0082048225,-0.0098337976,0.0112185004,0.7936031984,spans_zero,False,False,True,inconclusive,0.0200000000,
findings_S1,primary,pathology_macro,H2,M3,,interaction C1,True,confirmatory,0.0326498756,0.0246008083,0.0407870088,0.0220711878,0.0436626277,0.0009995002,hypothesised,True,True,False,confirmed,0.0200000000,
findings_S1,primary,pathology_macro,H2,M3,,interaction C2,False,not_registered,-0.0024619009,-0.0118432521,0.0068970275,-0.0145590998,0.0101097380,0.6236881559,spans_zero,False,False,True,inconclusive,0.0200000000,
findings_S1,primary,pathology_macro,H2,M4,,interaction C1,True,confirmatory,0.0705846341,0.0635837948,0.0776567862,0.0612261210,0.0795103611,0.0009995002,hypothesised,True,True,False,confirmed,0.0200000000,
findings_S1,primary,pathology_macro,H2,M4,,interaction C2,False,not_registered,0.0078758704,-0.0000242794,0.0160161316,-0.0026499360,0.0196082883,0.0529735132,spans_zero,False,False,True,inconclusive,0.0200000000,
findings_S1,primary,pathology_macro,H3,M3,,transfer gap M3 - transfer gap M1,False,not_registered,-0.0377228946,-0.0459829920,-0.0289924620,-0.0480338870,-0.0264036260,0.0009995002,opposite,,,,opposite_direction_not_material,,opposite_direction_material
findings_S1,primary,pathology_macro,H3,M4,,transfer gap M4 - transfer gap M1,False,not_registered,-0.0754015679,-0.0843535455,-0.0662264331,-0.0873230416,-0.0631069418,0.0009995002,opposite,,,,opposite_direction_not_material,,opposite_direction_material
findings_S1,primary,pathology_macro,H4,M3,source,C2 - C1,True,secondary,0.0751728920,0.0676968426,0.0827342523,0.0648261411,0.0849212483,0.0009995002,hypothesised,,,,confirmed,,
findings_S1,primary,pathology_macro,H4,M4,source,C2 - C1,True,secondary,0.0659056188,0.0596744582,0.0724617937,0.0575402004,0.0747438334,0.0009995002,hypothesised,,,,confirmed,,
findings_S1,primary,pathology_macro,H4,M3,external,C2 - C1,True,secondary,0.0400611155,0.0355461411,0.0447628461,0.0342779577,0.0463273176,0.0009995002,hypothesised,,,,confirmed,,
findings_S1,primary,pathology_macro,H4,M4,external,C2 - C1,True,secondary,0.0031968551,-0.0008863039,0.0071816940,-0.0023170284,0.0087317655,0.1109445277,spans_zero,,,,inconclusive,,
