config,policy,source_cohort_studies,external_cohort_studies,src_studies,src_evaluable_studies,src_evaluable_fraction,src_labelled_cell_density,src_positive_rate_labelled,ext_studies,ext_evaluable_studies,ext_evaluable_fraction,ext_labelled_cell_density,ext_positive_rate_labelled,c2_realisation,estimator,hypothesis,model,site,contrast,registered_contrast,status,point_estimate,ci_low,ci_high,ci_low_bonferroni6,ci_high_bonferroni6,p_two_sided_bootstrap,ci_side,reaches_materiality,interval_excludes_materiality,within_materiality_bounds,verdict,materiality_applied,verdict_with_stage10_materiality
A0_primary,frozen_impression_primary_0.80,14766,132923,14766,7798,0.5281051063,0.2055803874,0.7112926604,132923,108102,0.8132678318,0.2884722734,0.6995091877,primary-cohort rotation,original,H1,M1,,external C0 - source C0,False,not_registered,0.0734191025,0.0667566189,0.0801875479,0.0642492898,0.0821666227,0.0009995002,hypothesised,True,True,False,confirmed,0.0200000000,
A0_primary,frozen_impression_primary_0.80,14766,132923,14766,7798,0.5281051063,0.2055803874,0.7112926604,132923,108102,0.8132678318,0.2884722734,0.6995091877,primary-cohort rotation,original,H1,M2,,external C0 - source C0,False,not_registered,0.0763164185,0.0687250749,0.0837796694,0.0662980357,0.0858181391,0.0009995002,hypothesised,True,True,False,confirmed,0.0200000000,
A0_primary,frozen_impression_primary_0.80,14766,132923,14766,7798,0.5281051063,0.2055803874,0.7112926604,132923,108102,0.8132678318,0.2884722734,0.6995091877,primary-cohort rotation,original,H1,M3,,external C0 - source C0,True,confirmatory,0.0468788769,0.0407778223,0.0530729958,0.0388103884,0.0555111498,0.0009995002,hypothesised,True,True,False,confirmed,0.0200000000,
A0_primary,frozen_impression_primary_0.80,14766,132923,14766,7798,0.5281051063,0.2055803874,0.7112926604,132923,108102,0.8132678318,0.2884722734,0.6995091877,primary-cohort rotation,original,H1,M4,,external C0 - source C0,True,confirmatory,0.0383897131,0.0335627288,0.0430422775,0.0315473567,0.0444230339,0.0009995002,hypothesised,True,True,False,confirmed,0.0200000000,
A0_primary,frozen_impression_primary_0.80,14766,132923,14766,7798,0.5281051063,0.2055803874,0.7112926604,132923,108102,0.8132678318,0.2884722734,0.6995091877,primary-cohort rotation,original,H2,M3,,interaction C1,True,confirmatory,0.0024330739,-0.0027439646,0.0076055151,-0.0046373363,0.0099721169,0.3548225887,spans_zero,False,False,True,inconclusive,0.0200000000,
A0_primary,frozen_impression_primary_0.80,14766,132923,14766,7798,0.5281051063,0.2055803874,0.7112926604,132923,108102,0.8132678318,0.2884722734,0.6995091877,primary-cohort rotation,original,H2,M3,,interaction C2,False,not_registered,-0.0218901425,-0.0278898538,-0.0160228016,-0.0298624891,-0.0142128201,0.0009995002,opposite,False,False,False,opposite_direction_material,0.0200000000,
A0_primary,frozen_impression_primary_0.80,14766,132923,14766,7798,0.5281051063,0.2055803874,0.7112926604,132923,108102,0.8132678318,0.2884722734,0.6995091877,primary-cohort rotation,original,H2,M4,,interaction C1,True,confirmatory,0.0096347572,0.0048106648,0.0143993206,0.0033234327,0.0158178427,0.0029985007,hypothesised,False,False,True,same_direction_not_material,0.0200000000,
A0_primary,frozen_impression_primary_0.80,14766,132923,14766,7798,0.5281051063,0.2055803874,0.7112926604,132923,108102,0.8132678318,0.2884722734,0.6995091877,primary-cohort rotation,original,H2,M4,,interaction C2,False,not_registered,-0.0136841906,-0.0185333965,-0.0086682602,-0.0206197208,-0.0071341595,0.0009995002,opposite,False,False,True,opposite_direction_not_material,0.0200000000,
A0_primary,frozen_impression_primary_0.80,14766,132923,14766,7798,0.5281051063,0.2055803874,0.7112926604,132923,108102,0.8132678318,0.2884722734,0.6995091877,primary-cohort rotation,original,H3,M3,,transfer gap M3 - transfer gap M1,False,not_registered,-0.0265402256,-0.0321155127,-0.0211694274,-0.0339572585,-0.0194062876,0.0009995002,opposite,,,,opposite_direction_not_material,,opposite_direction_material
A0_primary,frozen_impression_primary_0.80,14766,132923,14766,7798,0.5281051063,0.2055803874,0.7112926604,132923,108102,0.8132678318,0.2884722734,0.6995091877,primary-cohort rotation,original,H3,M4,,transfer gap M4 - transfer gap M1,False,not_registered,-0.0350293894,-0.0408057293,-0.0291571799,-0.0428717298,-0.0276209052,0.0009995002,opposite,,,,opposite_direction_not_material,,opposite_direction_material
A0_primary,frozen_impression_primary_0.80,14766,132923,14766,7798,0.5281051063,0.2055803874,0.7112926604,132923,108102,0.8132678318,0.2884722734,0.6995091877,primary-cohort rotation,original,H4,M3,source,C2 - C1,True,secondary,0.0474566844,0.0422430453,0.0523702498,0.0403447175,0.0541449150,0.0009995002,hypothesised,,,,confirmed,,
A0_primary,frozen_impression_primary_0.80,14766,132923,14766,7798,0.5281051063,0.2055803874,0.7112926604,132923,108102,0.8132678318,0.2884722734,0.6995091877,primary-cohort rotation,original,H4,M4,source,C2 - C1,True,secondary,0.0173261415,0.0125245461,0.0217231913,0.0110154235,0.0234527484,0.0009995002,hypothesised,,,,confirmed,,
A0_primary,frozen_impression_primary_0.80,14766,132923,14766,7798,0.5281051063,0.2055803874,0.7112926604,132923,108102,0.8132678318,0.2884722734,0.6995091877,primary-cohort rotation,original,H4,M3,external,C2 - C1,True,secondary,0.0231334680,0.0211415162,0.0249913512,0.0205523039,0.0254977689,0.0009995002,hypothesised,,,,confirmed,,
A0_primary,frozen_impression_primary_0.80,14766,132923,14766,7798,0.5281051063,0.2055803874,0.7112926604,132923,108102,0.8132678318,0.2884722734,0.6995091877,primary-cohort rotation,original,H4,M4,external,C2 - C1,True,secondary,-0.0059928062,-0.0079593530,-0.0040763269,-0.0083972895,-0.0033953605,0.0009995002,opposite,,,,opposite_direction_not_material,,
A0_primary,frozen_impression_primary_0.80,14766,132923,14766,7798,0.5281051063,0.2055803874,0.7112926604,132923,108102,0.8132678318,0.2884722734,0.6995091877,primary-cohort rotation,evaluable_study,H1,M1,,external C0 - source C0,False,not_registered,0.0119719568,-0.0002196983,0.0244113906,-0.0038516779,0.0283653922,0.0589705147,spans_zero,False,False,False,inconclusive,0.0200000000,
A0_primary,frozen_impression_primary_0.80,14766,132923,14766,7798,0.5281051063,0.2055803874,0.7112926604,132923,108102,0.8132678318,0.2884722734,0.6995091877,primary-cohort rotation,evaluable_study,H1,M2,,external C0 - source C0,False,not_registered,-0.0172904005,-0.0292168134,-0.0054204312,-0.0337959478,-0.0020531636,0.0049975012,opposite,False,False,False,opposite_direction_not_material,0.0200000000,
A0_primary,frozen_impression_primary_0.80,14766,132923,14766,7798,0.5281051063,0.2055803874,0.7112926604,132923,108102,0.8132678318,0.2884722734,0.6995091877,primary-cohort rotation,evaluable_study,H1,M3,,external C0 - source C0,True,confirmatory,-0.0042243912,-0.0144850205,0.0061481246,-0.0182080829,0.0100121155,0.4527736132,spans_zero,False,False,True,inconclusive,0.0200000000,
A0_primary,frozen_impression_primary_0.80,14766,132923,14766,7798,0.5281051063,0.2055803874,0.7112926604,132923,108102,0.8132678318,0.2884722734,0.6995091877,primary-cohort rotation,evaluable_study,H1,M4,,external C0 - source C0,True,confirmatory,-0.0017788687,-0.0107936275,0.0063945024,-0.0141080268,0.0089594528,0.6546726637,spans_zero,False,False,True,inconclusive,0.0200000000,
A0_primary,frozen_impression_primary_0.80,14766,132923,14766,7798,0.5281051063,0.2055803874,0.7112926604,132923,108102,0.8132678318,0.2884722734,0.6995091877,primary-cohort rotation,evaluable_study,H2,M3,,interaction C1,True,confirmatory,0.0048082241,-0.0037841393,0.0134494084,-0.0071581097,0.0177504158,0.2588705647,spans_zero,False,False,True,inconclusive,0.0200000000,
A0_primary,frozen_impression_primary_0.80,14766,132923,14766,7798,0.5281051063,0.2055803874,0.7112926604,132923,108102,0.8132678318,0.2884722734,0.6995091877,primary-cohort rotation,evaluable_study,H2,M3,,interaction C2,False,not_registered,-0.0472291042,-0.0572051243,-0.0374155876,-0.0607962293,-0.0345659648,0.0009995002,opposite,False,False,False,opposite_direction_material,0.0200000000,
A0_primary,frozen_impression_primary_0.80,14766,132923,14766,7798,0.5281051063,0.2055803874,0.7112926604,132923,108102,0.8132678318,0.2884722734,0.6995091877,primary-cohort rotation,evaluable_study,H2,M4,,interaction C1,True,confirmatory,0.0088865754,0.0002257503,0.0173196392,-0.0017857599,0.0198316951,0.0449775112,hypothesised,False,False,True,same_direction_not_material,0.0200000000,
A0_primary,frozen_impression_primary_0.80,14766,132923,14766,7798,0.5281051063,0.2055803874,0.7112926604,132923,108102,0.8132678318,0.2884722734,0.6995091877,primary-cohort rotation,evaluable_study,H2,M4,,interaction C2,False,not_registered,-0.0289042225,-0.0376878146,-0.0199327819,-0.0410516921,-0.0170639980,0.0009995002,opposite,False,False,False,opposite_direction_material,0.0200000000,
A0_primary,frozen_impression_primary_0.80,14766,132923,14766,7798,0.5281051063,0.2055803874,0.7112926604,132923,108102,0.8132678318,0.2884722734,0.6995091877,primary-cohort rotation,evaluable_study,H3,M3,,transfer gap M3 - transfer gap M1,False,not_registered,-0.0161963479,-0.0255958719,-0.0069506502,-0.0284953910,-0.0034685955,0.0019990005,opposite,,,,opposite_direction_not_material,,opposite_direction_not_material
A0_primary,frozen_impression_primary_0.80,14766,132923,14766,7798,0.5281051063,0.2055803874,0.7112926604,132923,108102,0.8132678318,0.2884722734,0.6995091877,primary-cohort rotation,evaluable_study,H3,M4,,transfer gap M4 - transfer gap M1,False,not_registered,-0.0137508255,-0.0243414125,-0.0028558082,-0.0277173121,0.0005481335,0.0109945027,opposite,,,,opposite_direction_not_material,,opposite_direction_not_material
A0_primary,frozen_impression_primary_0.80,14766,132923,14766,7798,0.5281051063,0.2055803874,0.7112926604,132923,108102,0.8132678318,0.2884722734,0.6995091877,primary-cohort rotation,evaluable_study,H4,M3,source,C2 - C1,True,secondary,0.0783371829,0.0690932547,0.0865351348,0.0658344833,0.0902985071,0.0009995002,hypothesised,,,,confirmed,,
A0_primary,frozen_impression_primary_0.80,14766,132923,14766,7798,0.5281051063,0.2055803874,0.7112926604,132923,108102,0.8132678318,0.2884722734,0.6995091877,primary-cohort rotation,evaluable_study,H4,M4,source,C2 - C1,True,secondary,0.0300572622,0.0214592875,0.0383288174,0.0185033806,0.0417499802,0.0009995002,hypothesised,,,,confirmed,,
A0_primary,frozen_impression_primary_0.80,14766,132923,14766,7798,0.5281051063,0.2055803874,0.7112926604,132923,108102,0.8132678318,0.2884722734,0.6995091877,primary-cohort rotation,evaluable_study,H4,M3,external,C2 - C1,True,secondary,0.0262998546,0.0239745015,0.0285531052,0.0232144519,0.0291091966,0.0009995002,hypothesised,,,,confirmed,,
A0_primary,frozen_impression_primary_0.80,14766,132923,14766,7798,0.5281051063,0.2055803874,0.7112926604,132923,108102,0.8132678318,0.2884722734,0.6995091877,primary-cohort rotation,evaluable_study,H4,M4,external,C2 - C1,True,secondary,-0.0077335358,-0.0100939804,-0.0054390336,-0.0105920658,-0.0046120516,0.0009995002,opposite,,,,opposite_direction_not_material,,
A0_primary,frozen_impression_primary_0.80,14766,132923,14766,7798,0.5281051063,0.2055803874,0.7112926604,132923,108102,0.8132678318,0.2884722734,0.6995091877,primary-cohort rotation,cell_micro,H1,M1,,external C0 - source C0,False,not_registered,0.0156307590,0.0047614465,0.0269197992,0.0001779147,0.0304343520,0.0099950025,hypothesised,False,False,False,same_direction_not_material,0.0200000000,
A0_primary,frozen_impression_primary_0.80,14766,132923,14766,7798,0.5281051063,0.2055803874,0.7112926604,132923,108102,0.8132678318,0.2884722734,0.6995091877,primary-cohort rotation,cell_micro,H1,M2,,external C0 - source C0,False,not_registered,-0.0013344463,-0.0136070830,0.0108862641,-0.0177880467,0.0143653141,0.7966016992,spans_zero,False,False,True,inconclusive,0.0200000000,
A0_primary,frozen_impression_primary_0.80,14766,132923,14766,7798,0.5281051063,0.2055803874,0.7112926604,132923,108102,0.8132678318,0.2884722734,0.6995091877,primary-cohort rotation,cell_micro,H1,M3,,external C0 - source C0,True,confirmatory,-0.0026398566,-0.0120135767,0.0068862360,-0.0148198494,0.0101134875,0.5677161419,spans_zero,False,False,True,inconclusive,0.0200000000,
A0_primary,frozen_impression_primary_0.80,14766,132923,14766,7798,0.5281051063,0.2055803874,0.7112926604,132923,108102,0.8132678318,0.2884722734,0.6995091877,primary-cohort rotation,cell_micro,H1,M4,,external C0 - source C0,True,confirmatory,0.0075924450,-0.0004247586,0.0153896920,-0.0037445935,0.0178101110,0.0669665167,spans_zero,False,False,True,inconclusive,0.0200000000,
A0_primary,frozen_impression_primary_0.80,14766,132923,14766,7798,0.5281051063,0.2055803874,0.7112926604,132923,108102,0.8132678318,0.2884722734,0.6995091877,primary-cohort rotation,cell_micro,H2,M3,,interaction C1,True,confirmatory,0.0044248314,-0.0032666782,0.0124623110,-0.0061416171,0.0154796830,0.2618690655,spans_zero,False,False,True,inconclusive,0.0200000000,
A0_primary,frozen_impression_primary_0.80,14766,132923,14766,7798,0.5281051063,0.2055803874,0.7112926604,132923,108102,0.8132678318,0.2884722734,0.6995091877,primary-cohort rotation,cell_micro,H2,M3,,interaction C2,False,not_registered,-0.0434627494,-0.0525407099,-0.0349091835,-0.0553378946,-0.0321766447,0.0009995002,opposite,False,False,False,opposite_direction_material,0.0200000000,
A0_primary,frozen_impression_primary_0.80,14766,132923,14766,7798,0.5281051063,0.2055803874,0.7112926604,132923,108102,0.8132678318,0.2884722734,0.6995091877,primary-cohort rotation,cell_micro,H2,M4,,interaction C1,True,confirmatory,-0.0067971725,-0.0144254043,0.0004606546,-0.0164447351,0.0026339743,0.0749625187,spans_zero,False,False,True,inconclusive,0.0200000000,
A0_primary,frozen_impression_primary_0.80,14766,132923,14766,7798,0.5281051063,0.2055803874,0.7112926604,132923,108102,0.8132678318,0.2884722734,0.6995091877,primary-cohort rotation,cell_micro,H2,M4,,interaction C2,False,not_registered,-0.0245768569,-0.0325490959,-0.0168603498,-0.0351262889,-0.0142399752,0.0009995002,opposite,False,False,False,opposite_direction_material,0.0200000000,
A0_primary,frozen_impression_primary_0.80,14766,132923,14766,7798,0.5281051063,0.2055803874,0.7112926604,132923,108102,0.8132678318,0.2884722734,0.6995091877,primary-cohort rotation,cell_micro,H3,M3,,transfer gap M3 - transfer gap M1,False,not_registered,-0.0182706156,-0.0264485856,-0.0098716452,-0.0293778504,-0.0067527178,0.0009995002,opposite,,,,opposite_direction_not_material,,opposite_direction_not_material
A0_primary,frozen_impression_primary_0.80,14766,132923,14766,7798,0.5281051063,0.2055803874,0.7112926604,132923,108102,0.8132678318,0.2884722734,0.6995091877,primary-cohort rotation,cell_micro,H3,M4,,transfer gap M4 - transfer gap M1,False,not_registered,-0.0080383140,-0.0166762751,0.0008721037,-0.0200108715,0.0039447187,0.0679660170,spans_zero,,,,inconclusive,,inconclusive
A0_primary,frozen_impression_primary_0.80,14766,132923,14766,7798,0.5281051063,0.2055803874,0.7112926604,132923,108102,0.8132678318,0.2884722734,0.6995091877,primary-cohort rotation,cell_micro,H4,M3,source,C2 - C1,True,secondary,0.0772657772,0.0692136779,0.0849155501,0.0665450522,0.0878705961,0.0009995002,hypothesised,,,,confirmed,,
A0_primary,frozen_impression_primary_0.80,14766,132923,14766,7798,0.5281051063,0.2055803874,0.7112926604,132923,108102,0.8132678318,0.2884722734,0.6995091877,primary-cohort rotation,cell_micro,H4,M4,source,C2 - C1,True,secondary,0.0224852490,0.0148927129,0.0297350539,0.0122733316,0.0323773356,0.0009995002,hypothesised,,,,confirmed,,
A0_primary,frozen_impression_primary_0.80,14766,132923,14766,7798,0.5281051063,0.2055803874,0.7112926604,132923,108102,0.8132678318,0.2884722734,0.6995091877,primary-cohort rotation,cell_micro,H4,M3,external,C2 - C1,True,secondary,0.0293781965,0.0273151536,0.0313934273,0.0266073304,0.0320469247,0.0009995002,hypothesised,,,,confirmed,,
A0_primary,frozen_impression_primary_0.80,14766,132923,14766,7798,0.5281051063,0.2055803874,0.7112926604,132923,108102,0.8132678318,0.2884722734,0.6995091877,primary-cohort rotation,cell_micro,H4,M4,external,C2 - C1,True,secondary,0.0047055646,0.0024658231,0.0068362847,0.0019409687,0.0076240659,0.0009995002,hypothesised,,,,confirmed,,
A0_primary,frozen_impression_primary_0.80,14766,132923,14766,7798,0.5281051063,0.2055803874,0.7112926604,132923,108102,0.8132678318,0.2884722734,0.6995091877,primary-cohort rotation,pathology_macro,H1,M1,,external C0 - source C0,False,not_registered,0.0474402718,0.0362075539,0.0587863342,0.0326866458,0.0629257399,0.0009995002,hypothesised,True,True,False,confirmed,0.0200000000,
A0_primary,frozen_impression_primary_0.80,14766,132923,14766,7798,0.5281051063,0.2055803874,0.7112926604,132923,108102,0.8132678318,0.2884722734,0.6995091877,primary-cohort rotation,pathology_macro,H1,M2,,external C0 - source C0,False,not_registered,0.0157343244,0.0043897138,0.0270946807,-0.0008286732,0.0307829526,0.0149925037,hypothesised,False,False,False,same_direction_not_material,0.0200000000,
A0_primary,frozen_impression_primary_0.80,14766,132923,14766,7798,0.5281051063,0.2055803874,0.7112926604,132923,108102,0.8132678318,0.2884722734,0.6995091877,primary-cohort rotation,pathology_macro,H1,M3,,external C0 - source C0,True,confirmatory,0.0187546450,0.0088560744,0.0286951156,0.0055207108,0.0339420771,0.0009995002,hypothesised,False,False,False,same_direction_not_material,0.0200000000,
A0_primary,frozen_impression_primary_0.80,14766,132923,14766,7798,0.5281051063,0.2055803874,0.7112926604,132923,108102,0.8132678318,0.2884722734,0.6995091877,primary-cohort rotation,pathology_macro,H1,M4,,external C0 - source C0,True,confirmatory,0.0062860200,-0.0022084083,0.0142522547,-0.0046271779,0.0163001931,0.1489255372,spans_zero,False,False,True,inconclusive,0.0200000000,
A0_primary,frozen_impression_primary_0.80,14766,132923,14766,7798,0.5281051063,0.2055803874,0.7112926604,132923,108102,0.8132678318,0.2884722734,0.6995091877,primary-cohort rotation,pathology_macro,H2,M3,,interaction C1,True,confirmatory,0.0058620243,-0.0028075739,0.0145775386,-0.0063714619,0.0180616324,0.1789105447,spans_zero,False,False,True,inconclusive,0.0200000000,
A0_primary,frozen_impression_primary_0.80,14766,132923,14766,7798,0.5281051063,0.2055803874,0.7112926604,132923,108102,0.8132678318,0.2884722734,0.6995091877,primary-cohort rotation,pathology_macro,H2,M3,,interaction C2,False,not_registered,-0.0454811048,-0.0560245012,-0.0361099843,-0.0586417413,-0.0324568658,0.0009995002,opposite,False,False,False,opposite_direction_material,0.0200000000,
A0_primary,frozen_impression_primary_0.80,14766,132923,14766,7798,0.5281051063,0.2055803874,0.7112926604,132923,108102,0.8132678318,0.2884722734,0.6995091877,primary-cohort rotation,pathology_macro,H2,M4,,interaction C1,True,confirmatory,-0.0199198971,-0.0282494492,-0.0117911297,-0.0310591479,-0.0092237949,0.0009995002,opposite,False,False,False,opposite_direction_not_material,0.0200000000,
A0_primary,frozen_impression_primary_0.80,14766,132923,14766,7798,0.5281051063,0.2055803874,0.7112926604,132923,108102,0.8132678318,0.2884722734,0.6995091877,primary-cohort rotation,pathology_macro,H2,M4,,interaction C2,False,not_registered,-0.0265126204,-0.0348930575,-0.0181910910,-0.0376245635,-0.0156346498,0.0009995002,opposite,False,False,False,opposite_direction_material,0.0200000000,
A0_primary,frozen_impression_primary_0.80,14766,132923,14766,7798,0.5281051063,0.2055803874,0.7112926604,132923,108102,0.8132678318,0.2884722734,0.6995091877,primary-cohort rotation,pathology_macro,H3,M3,,transfer gap M3 - transfer gap M1,False,not_registered,-0.0286856268,-0.0370207520,-0.0200950388,-0.0400751068,-0.0166118227,0.0009995002,opposite,,,,opposite_direction_not_material,,opposite_direction_material
A0_primary,frozen_impression_primary_0.80,14766,132923,14766,7798,0.5281051063,0.2055803874,0.7112926604,132923,108102,0.8132678318,0.2884722734,0.6995091877,primary-cohort rotation,pathology_macro,H3,M4,,transfer gap M4 - transfer gap M1,False,not_registered,-0.0411542518,-0.0503100604,-0.0321094168,-0.0536384631,-0.0293766895,0.0009995002,opposite,,,,opposite_direction_not_material,,opposite_direction_material
A0_primary,frozen_impression_primary_0.80,14766,132923,14766,7798,0.5281051063,0.2055803874,0.7112926604,132923,108102,0.8132678318,0.2884722734,0.6995091877,primary-cohort rotation,pathology_macro,H4,M3,source,C2 - C1,True,secondary,0.0761403160,0.0671590823,0.0852854157,0.0639539493,0.0883561421,0.0009995002,hypothesised,,,,confirmed,,
A0_primary,frozen_impression_primary_0.80,14766,132923,14766,7798,0.5281051063,0.2055803874,0.7112926604,132923,108102,0.8132678318,0.2884722734,0.6995091877,primary-cohort rotation,pathology_macro,H4,M4,source,C2 - C1,True,secondary,0.0194696658,0.0111479403,0.0275516444,0.0087373263,0.0298260659,0.0009995002,hypothesised,,,,confirmed,,
A0_primary,frozen_impression_primary_0.80,14766,132923,14766,7798,0.5281051063,0.2055803874,0.7112926604,132923,108102,0.8132678318,0.2884722734,0.6995091877,primary-cohort rotation,pathology_macro,H4,M3,external,C2 - C1,True,secondary,0.0247971868,0.0224120726,0.0271178213,0.0216013931,0.0280235288,0.0009995002,hypothesised,,,,confirmed,,
A0_primary,frozen_impression_primary_0.80,14766,132923,14766,7798,0.5281051063,0.2055803874,0.7112926604,132923,108102,0.8132678318,0.2884722734,0.6995091877,primary-cohort rotation,pathology_macro,H4,M4,external,C2 - C1,True,secondary,0.0128769426,0.0107142419,0.0149929221,0.0099618405,0.0157648655,0.0009995002,hypothesised,,,,confirmed,,
A1_label_swap_only,frozen_impression_primary_0.80,14766,132923,14766,8740,0.5919003115,0.2804415549,0.3325283748,132923,32306,0.2430429647,0.0914424140,0.6851778721,primary-cohort rotation,original,H1,M1,,external C0 - source C0,False,not_registered,-0.0268411500,-0.0313076232,-0.0221511477,-0.0331738716,-0.0207264642,0.0009995002,opposite,False,False,False,opposite_direction_material,0.0200000000,
A1_label_swap_only,frozen_impression_primary_0.80,14766,132923,14766,8740,0.5919003115,0.2804415549,0.3325283748,132923,32306,0.2430429647,0.0914424140,0.6851778721,primary-cohort rotation,original,H1,M2,,external C0 - source C0,False,not_registered,-0.2412604807,-0.2529900189,-0.2299604684,-0.2558514610,-0.2262916745,0.0009995002,opposite,False,False,False,opposite_direction_material,0.0200000000,
A1_label_swap_only,frozen_impression_primary_0.80,14766,132923,14766,8740,0.5919003115,0.2804415549,0.3325283748,132923,32306,0.2430429647,0.0914424140,0.6851778721,primary-cohort rotation,original,H1,M3,,external C0 - source C0,True,confirmatory,-0.0612804373,-0.0667271734,-0.0556853445,-0.0684717496,-0.0534241831,0.0009995002,opposite,False,False,False,opposite_direction_material,0.0200000000,
A1_label_swap_only,frozen_impression_primary_0.80,14766,132923,14766,8740,0.5919003115,0.2804415549,0.3325283748,132923,32306,0.2430429647,0.0914424140,0.6851778721,primary-cohort rotation,original,H1,M4,,external C0 - source C0,True,confirmatory,-0.0839050282,-0.0898738061,-0.0780561292,-0.0920970444,-0.0762285857,0.0009995002,opposite,False,False,False,opposite_direction_material,0.0200000000,
A1_label_swap_only,frozen_impression_primary_0.80,14766,132923,14766,8740,0.5919003115,0.2804415549,0.3325283748,132923,32306,0.2430429647,0.0914424140,0.6851778721,primary-cohort rotation,original,H2,M3,,interaction C1,True,confirmatory,0.0152317701,0.0114175180,0.0189856412,0.0102132042,0.0197901173,0.0009995002,hypothesised,False,False,True,same_direction_not_material,0.0200000000,
A1_label_swap_only,frozen_impression_primary_0.80,14766,132923,14766,8740,0.5919003115,0.2804415549,0.3325283748,132923,32306,0.2430429647,0.0914424140,0.6851778721,primary-cohort rotation,original,H2,M3,,interaction C2,False,not_registered,-0.0089428123,-0.0135047492,-0.0047446059,-0.0147162699,-0.0034066794,0.0009995002,opposite,False,False,True,opposite_direction_not_material,0.0200000000,
A1_label_swap_only,frozen_impression_primary_0.80,14766,132923,14766,8740,0.5919003115,0.2804415549,0.3325283748,132923,32306,0.2430429647,0.0914424140,0.6851778721,primary-cohort rotation,original,H2,M4,,interaction C1,True,confirmatory,0.0584805135,0.0533872316,0.0636854216,0.0521132219,0.0651845783,0.0009995002,hypothesised,True,True,False,confirmed,0.0200000000,
A1_label_swap_only,frozen_impression_primary_0.80,14766,132923,14766,8740,0.5919003115,0.2804415549,0.3325283748,132923,32306,0.2430429647,0.0914424140,0.6851778721,primary-cohort rotation,original,H2,M4,,interaction C2,False,not_registered,0.0154387137,0.0103022077,0.0202862217,0.0087133192,0.0222764869,0.0009995002,hypothesised,False,False,False,same_direction_not_material,0.0200000000,
A1_label_swap_only,frozen_impression_primary_0.80,14766,132923,14766,8740,0.5919003115,0.2804415549,0.3325283748,132923,32306,0.2430429647,0.0914424140,0.6851778721,primary-cohort rotation,original,H3,M3,,transfer gap M3 - transfer gap M1,False,not_registered,-0.0344392873,-0.0390919558,-0.0298423913,-0.0404505225,-0.0282629705,0.0009995002,opposite,,,,opposite_direction_not_material,,opposite_direction_material
A1_label_swap_only,frozen_impression_primary_0.80,14766,132923,14766,8740,0.5919003115,0.2804415549,0.3325283748,132923,32306,0.2430429647,0.0914424140,0.6851778721,primary-cohort rotation,original,H3,M4,,transfer gap M4 - transfer gap M1,False,not_registered,-0.0570638782,-0.0626962233,-0.0511844900,-0.0645797495,-0.0493901942,0.0009995002,opposite,,,,opposite_direction_not_material,,opposite_direction_material
A1_label_swap_only,frozen_impression_primary_0.80,14766,132923,14766,8740,0.5919003115,0.2804415549,0.3325283748,132923,32306,0.2430429647,0.0914424140,0.6851778721,primary-cohort rotation,original,H4,M3,source,C2 - C1,True,secondary,0.0298645998,0.0257009985,0.0338924696,0.0240291910,0.0353679198,0.0009995002,hypothesised,,,,confirmed,,
A1_label_swap_only,frozen_impression_primary_0.80,14766,132923,14766,8740,0.5919003115,0.2804415549,0.3325283748,132923,32306,0.2430429647,0.0914424140,0.6851778721,primary-cohort rotation,original,H4,M4,source,C2 - C1,True,secondary,0.0424025847,0.0379339321,0.0470444630,0.0359069484,0.0488443878,0.0009995002,hypothesised,,,,confirmed,,
A1_label_swap_only,frozen_impression_primary_0.80,14766,132923,14766,8740,0.5919003115,0.2804415549,0.3325283748,132923,32306,0.2430429647,0.0914424140,0.6851778721,primary-cohort rotation,original,H4,M3,external,C2 - C1,True,secondary,0.0056900174,0.0045691336,0.0067789139,0.0042266083,0.0071404983,0.0009995002,hypothesised,,,,confirmed,,
A1_label_swap_only,frozen_impression_primary_0.80,14766,132923,14766,8740,0.5919003115,0.2804415549,0.3325283748,132923,32306,0.2430429647,0.0914424140,0.6851778721,primary-cohort rotation,original,H4,M4,external,C2 - C1,True,secondary,-0.0006392151,-0.0017906517,0.0005173305,-0.0020665983,0.0009461199,0.2808595702,spans_zero,,,,inconclusive,,
A1_label_swap_only,frozen_impression_primary_0.80,14766,132923,14766,8740,0.5919003115,0.2804415549,0.3325283748,132923,32306,0.2430429647,0.0914424140,0.6851778721,primary-cohort rotation,evaluable_study,H1,M1,,external C0 - source C0,False,not_registered,0.0995739221,0.0908895061,0.1083829437,0.0881118706,0.1120086705,0.0009995002,hypothesised,True,True,False,confirmed,0.0200000000,
A1_label_swap_only,frozen_impression_primary_0.80,14766,132923,14766,8740,0.5919003115,0.2804415549,0.3325283748,132923,32306,0.2430429647,0.0914424140,0.6851778721,primary-cohort rotation,evaluable_study,H1,M2,,external C0 - source C0,False,not_registered,-0.2125966908,-0.2252405176,-0.2007242740,-0.2290731532,-0.1962241483,0.0009995002,opposite,False,False,False,opposite_direction_material,0.0200000000,
A1_label_swap_only,frozen_impression_primary_0.80,14766,132923,14766,8740,0.5919003115,0.2804415549,0.3325283748,132923,32306,0.2430429647,0.0914424140,0.6851778721,primary-cohort rotation,evaluable_study,H1,M3,,external C0 - source C0,True,confirmatory,0.0090115341,-0.0000821225,0.0184502329,-0.0040309202,0.0227947062,0.0549725137,spans_zero,False,False,True,inconclusive,0.0200000000,
A1_label_swap_only,frozen_impression_primary_0.80,14766,132923,14766,8740,0.5919003115,0.2804415549,0.3325283748,132923,32306,0.2430429647,0.0914424140,0.6851778721,primary-cohort rotation,evaluable_study,H1,M4,,external C0 - source C0,True,confirmatory,-0.0388665479,-0.0480444063,-0.0296752674,-0.0512312171,-0.0265868861,0.0009995002,opposite,False,False,False,opposite_direction_material,0.0200000000,
A1_label_swap_only,frozen_impression_primary_0.80,14766,132923,14766,8740,0.5919003115,0.2804415549,0.3325283748,132923,32306,0.2430429647,0.0914424140,0.6851778721,primary-cohort rotation,evaluable_study,H2,M3,,interaction C1,True,confirmatory,0.0347946081,0.0276104471,0.0417409914,0.0248556819,0.0439905627,0.0009995002,hypothesised,True,True,False,confirmed,0.0200000000,
A1_label_swap_only,frozen_impression_primary_0.80,14766,132923,14766,8740,0.5919003115,0.2804415549,0.3325283748,132923,32306,0.2430429647,0.0914424140,0.6851778721,primary-cohort rotation,evaluable_study,H2,M3,,interaction C2,False,not_registered,-0.0021742174,-0.0107889311,0.0063174752,-0.0136094447,0.0088994892,0.6126936532,spans_zero,False,False,True,inconclusive,0.0200000000,
A1_label_swap_only,frozen_impression_primary_0.80,14766,132923,14766,8740,0.5919003115,0.2804415549,0.3325283748,132923,32306,0.2430429647,0.0914424140,0.6851778721,primary-cohort rotation,evaluable_study,H2,M4,,interaction C1,True,confirmatory,0.1075332271,0.0987470328,0.1164856783,0.0958467515,0.1192827229,0.0009995002,hypothesised,True,True,False,confirmed,0.0200000000,
A1_label_swap_only,frozen_impression_primary_0.80,14766,132923,14766,8740,0.5919003115,0.2804415549,0.3325283748,132923,32306,0.2430429647,0.0914424140,0.6851778721,primary-cohort rotation,evaluable_study,H2,M4,,interaction C2,False,not_registered,0.0309229268,0.0215583637,0.0398047031,0.0187693756,0.0429100857,0.0009995002,hypothesised,True,True,False,confirmed,0.0200000000,
A1_label_swap_only,frozen_impression_primary_0.80,14766,132923,14766,8740,0.5919003115,0.2804415549,0.3325283748,132923,32306,0.2430429647,0.0914424140,0.6851778721,primary-cohort rotation,evaluable_study,H3,M3,,transfer gap M3 - transfer gap M1,False,not_registered,-0.0905623880,-0.0988679457,-0.0820276236,-0.1019716962,-0.0790761065,0.0009995002,opposite,,,,opposite_direction_not_material,,opposite_direction_material
A1_label_swap_only,frozen_impression_primary_0.80,14766,132923,14766,8740,0.5919003115,0.2804415549,0.3325283748,132923,32306,0.2430429647,0.0914424140,0.6851778721,primary-cohort rotation,evaluable_study,H3,M4,,transfer gap M4 - transfer gap M1,False,not_registered,-0.1384404700,-0.1484467271,-0.1278360718,-0.1524343966,-0.1247917002,0.0009995002,opposite,,,,opposite_direction_not_material,,opposite_direction_material
A1_label_swap_only,frozen_impression_primary_0.80,14766,132923,14766,8740,0.5919003115,0.2804415549,0.3325283748,132923,32306,0.2430429647,0.0914424140,0.6851778721,primary-cohort rotation,evaluable_study,H4,M3,source,C2 - C1,True,secondary,0.0549868498,0.0481435195,0.0617775858,0.0451373820,0.0645135913,0.0009995002,hypothesised,,,,confirmed,,
A1_label_swap_only,frozen_impression_primary_0.80,14766,132923,14766,8740,0.5919003115,0.2804415549,0.3325283748,132923,32306,0.2430429647,0.0914424140,0.6851778721,primary-cohort rotation,evaluable_study,H4,M4,source,C2 - C1,True,secondary,0.0726465754,0.0656500082,0.0795573520,0.0626137534,0.0823665438,0.0009995002,hypothesised,,,,confirmed,,
A1_label_swap_only,frozen_impression_primary_0.80,14766,132923,14766,8740,0.5919003115,0.2804415549,0.3325283748,132923,32306,0.2430429647,0.0914424140,0.6851778721,primary-cohort rotation,evaluable_study,H4,M3,external,C2 - C1,True,secondary,0.0180180242,0.0139172022,0.0220549794,0.0127491165,0.0231240070,0.0009995002,hypothesised,,,,confirmed,,
A1_label_swap_only,frozen_impression_primary_0.80,14766,132923,14766,8740,0.5919003115,0.2804415549,0.3325283748,132923,32306,0.2430429647,0.0914424140,0.6851778721,primary-cohort rotation,evaluable_study,H4,M4,external,C2 - C1,True,secondary,-0.0039637249,-0.0082670619,0.0004788812,-0.0096461416,0.0019179496,0.0829585207,spans_zero,,,,inconclusive,,
A1_label_swap_only,frozen_impression_primary_0.80,14766,132923,14766,8740,0.5919003115,0.2804415549,0.3325283748,132923,32306,0.2430429647,0.0914424140,0.6851778721,primary-cohort rotation,cell_micro,H1,M1,,external C0 - source C0,False,not_registered,0.0857086736,0.0775741660,0.0936360955,0.0749101316,0.0964225434,0.0009995002,hypothesised,True,True,False,confirmed,0.0200000000,
A1_label_swap_only,frozen_impression_primary_0.80,14766,132923,14766,8740,0.5919003115,0.2804415549,0.3325283748,132923,32306,0.2430429647,0.0914424140,0.6851778721,primary-cohort rotation,cell_micro,H1,M2,,external C0 - source C0,False,not_registered,-0.1840815256,-0.1961527362,-0.1723453168,-0.1998216417,-0.1685539373,0.0009995002,opposite,False,False,False,opposite_direction_material,0.0200000000,
A1_label_swap_only,frozen_impression_primary_0.80,14766,132923,14766,8740,0.5919003115,0.2804415549,0.3325283748,132923,32306,0.2430429647,0.0914424140,0.6851778721,primary-cohort rotation,cell_micro,H1,M3,,external C0 - source C0,True,confirmatory,0.0058615391,-0.0025164614,0.0146794699,-0.0061569229,0.0174492556,0.1919040480,spans_zero,False,False,True,inconclusive,0.0200000000,
A1_label_swap_only,frozen_impression_primary_0.80,14766,132923,14766,8740,0.5919003115,0.2804415549,0.3325283748,132923,32306,0.2430429647,0.0914424140,0.6851778721,primary-cohort rotation,cell_micro,H1,M4,,external C0 - source C0,True,confirmatory,-0.0312972493,-0.0399472163,-0.0230683203,-0.0420558138,-0.0194570245,0.0009995002,opposite,False,False,False,opposite_direction_material,0.0200000000,
A1_label_swap_only,frozen_impression_primary_0.80,14766,132923,14766,8740,0.5919003115,0.2804415549,0.3325283748,132923,32306,0.2430429647,0.0914424140,0.6851778721,primary-cohort rotation,cell_micro,H2,M3,,interaction C1,True,confirmatory,0.0324836532,0.0258631948,0.0385979378,0.0240378484,0.0411034764,0.0009995002,hypothesised,True,True,False,confirmed,0.0200000000,
A1_label_swap_only,frozen_impression_primary_0.80,14766,132923,14766,8740,0.5919003115,0.2804415549,0.3325283748,132923,32306,0.2430429647,0.0914424140,0.6851778721,primary-cohort rotation,cell_micro,H2,M3,,interaction C2,False,not_registered,-0.0017573278,-0.0098497132,0.0056799692,-0.0125440228,0.0085214051,0.6456771614,spans_zero,False,False,True,inconclusive,0.0200000000,
A1_label_swap_only,frozen_impression_primary_0.80,14766,132923,14766,8740,0.5919003115,0.2804415549,0.3325283748,132923,32306,0.2430429647,0.0914424140,0.6851778721,primary-cohort rotation,cell_micro,H2,M4,,interaction C1,True,confirmatory,0.0975391621,0.0895159214,0.1055454042,0.0870391451,0.1081853362,0.0009995002,hypothesised,True,True,False,confirmed,0.0200000000,
A1_label_swap_only,frozen_impression_primary_0.80,14766,132923,14766,8740,0.5919003115,0.2804415549,0.3325283748,132923,32306,0.2430429647,0.0914424140,0.6851778721,primary-cohort rotation,cell_micro,H2,M4,,interaction C2,False,not_registered,0.0274514304,0.0188623416,0.0354783708,0.0160841497,0.0381814349,0.0009995002,hypothesised,True,False,False,confirmed,0.0200000000,
A1_label_swap_only,frozen_impression_primary_0.80,14766,132923,14766,8740,0.5919003115,0.2804415549,0.3325283748,132923,32306,0.2430429647,0.0914424140,0.6851778721,primary-cohort rotation,cell_micro,H3,M3,,transfer gap M3 - transfer gap M1,False,not_registered,-0.0798471345,-0.0871349587,-0.0722142192,-0.0903024918,-0.0697883259,0.0009995002,opposite,,,,opposite_direction_not_material,,opposite_direction_material
A1_label_swap_only,frozen_impression_primary_0.80,14766,132923,14766,8740,0.5919003115,0.2804415549,0.3325283748,132923,32306,0.2430429647,0.0914424140,0.6851778721,primary-cohort rotation,cell_micro,H3,M4,,transfer gap M4 - transfer gap M1,False,not_registered,-0.1170059230,-0.1263105126,-0.1074903429,-0.1300416997,-0.1043980554,0.0009995002,opposite,,,,opposite_direction_not_material,,opposite_direction_material
A1_label_swap_only,frozen_impression_primary_0.80,14766,132923,14766,8740,0.5919003115,0.2804415549,0.3325283748,132923,32306,0.2430429647,0.0914424140,0.6851778721,primary-cohort rotation,cell_micro,H4,M3,source,C2 - C1,True,secondary,0.0546469736,0.0484056124,0.0609289143,0.0463753803,0.0634161953,0.0009995002,hypothesised,,,,confirmed,,
A1_label_swap_only,frozen_impression_primary_0.80,14766,132923,14766,8740,0.5919003115,0.2804415549,0.3325283748,132923,32306,0.2430429647,0.0914424140,0.6851778721,primary-cohort rotation,cell_micro,H4,M4,source,C2 - C1,True,secondary,0.0734196701,0.0669335714,0.0799358837,0.0647473937,0.0821122967,0.0009995002,hypothesised,,,,confirmed,,
A1_label_swap_only,frozen_impression_primary_0.80,14766,132923,14766,8740,0.5919003115,0.2804415549,0.3325283748,132923,32306,0.2430429647,0.0914424140,0.6851778721,primary-cohort rotation,cell_micro,H4,M3,external,C2 - C1,True,secondary,0.0204059927,0.0166104469,0.0240967589,0.0156542982,0.0249481794,0.0009995002,hypothesised,,,,confirmed,,
A1_label_swap_only,frozen_impression_primary_0.80,14766,132923,14766,8740,0.5919003115,0.2804415549,0.3325283748,132923,32306,0.2430429647,0.0914424140,0.6851778721,primary-cohort rotation,cell_micro,H4,M4,external,C2 - C1,True,secondary,0.0033319384,-0.0006898183,0.0073323494,-0.0018977189,0.0086425346,0.1079460270,spans_zero,,,,inconclusive,,
A1_label_swap_only,frozen_impression_primary_0.80,14766,132923,14766,8740,0.5919003115,0.2804415549,0.3325283748,132923,32306,0.2430429647,0.0914424140,0.6851778721,primary-cohort rotation,pathology_macro,H1,M1,,external C0 - source C0,False,not_registered,0.0769328933,0.0671550976,0.0859416888,0.0641622360,0.0890634285,0.0009995002,hypothesised,True,True,False,confirmed,0.0200000000,
A1_label_swap_only,frozen_impression_primary_0.80,14766,132923,14766,8740,0.5919003115,0.2804415549,0.3325283748,132923,32306,0.2430429647,0.0914424140,0.6851778721,primary-cohort rotation,pathology_macro,H1,M2,,external C0 - source C0,False,not_registered,-0.1391711577,-0.1519798157,-0.1270015833,-0.1552767426,-0.1230526435,0.0009995002,opposite,False,False,False,opposite_direction_material,0.0200000000,
A1_label_swap_only,frozen_impression_primary_0.80,14766,132923,14766,8740,0.5919003115,0.2804415549,0.3325283748,132923,32306,0.2430429647,0.0914424140,0.6851778721,primary-cohort rotation,pathology_macro,H1,M3,,external C0 - source C0,True,confirmatory,0.0168341350,0.0076732560,0.0269973232,0.0040715125,0.0297927755,0.0009995002,hypothesised,False,False,False,same_direction_not_material,0.0200000000,
A1_label_swap_only,frozen_impression_primary_0.80,14766,132923,14766,8740,0.5919003115,0.2804415549,0.3325283748,132923,32306,0.2430429647,0.0914424140,0.6851778721,primary-cohort rotation,pathology_macro,H1,M4,,external C0 - source C0,True,confirmatory,-0.0119439749,-0.0203967917,-0.0040415809,-0.0227833689,-0.0001780002,0.0089955022,opposite,False,False,False,opposite_direction_not_material,0.0200000000,
A1_label_swap_only,frozen_impression_primary_0.80,14766,132923,14766,8740,0.5919003115,0.2804415549,0.3325283748,132923,32306,0.2430429647,0.0914424140,0.6851778721,primary-cohort rotation,pathology_macro,H2,M3,,interaction C1,True,confirmatory,0.0373796017,0.0296014305,0.0448666366,0.0271305737,0.0480026533,0.0009995002,hypothesised,True,True,False,confirmed,0.0200000000,
A1_label_swap_only,frozen_impression_primary_0.80,14766,132923,14766,8740,0.5919003115,0.2804415549,0.3325283748,132923,32306,0.2430429647,0.0914424140,0.6851778721,primary-cohort rotation,pathology_macro,H2,M3,,interaction C2,False,not_registered,-0.0107755344,-0.0204204361,-0.0016106978,-0.0228140750,0.0016182571,0.0189905047,opposite,False,False,False,opposite_direction_not_material,0.0200000000,
A1_label_swap_only,frozen_impression_primary_0.80,14766,132923,14766,8740,0.5919003115,0.2804415549,0.3325283748,132923,32306,0.2430429647,0.0914424140,0.6851778721,primary-cohort rotation,pathology_macro,H2,M4,,interaction C1,True,confirmatory,0.0738115430,0.0664596704,0.0812218874,0.0640010162,0.0836579610,0.0009995002,hypothesised,True,True,False,confirmed,0.0200000000,
A1_label_swap_only,frozen_impression_primary_0.80,14766,132923,14766,8740,0.5919003115,0.2804415549,0.3325283748,132923,32306,0.2430429647,0.0914424140,0.6851778721,primary-cohort rotation,pathology_macro,H2,M4,,interaction C2,False,not_registered,0.0119892588,0.0036716291,0.0198839461,0.0004617424,0.0231855675,0.0049975012,hypothesised,False,False,True,same_direction_not_material,0.0200000000,
A1_label_swap_only,frozen_impression_primary_0.80,14766,132923,14766,8740,0.5919003115,0.2804415549,0.3325283748,132923,32306,0.2430429647,0.0914424140,0.6851778721,primary-cohort rotation,pathology_macro,H3,M3,,transfer gap M3 - transfer gap M1,False,not_registered,-0.0600987583,-0.0681270311,-0.0515438734,-0.0707999101,-0.0480455893,0.0009995002,opposite,,,,opposite_direction_not_material,,opposite_direction_material
A1_label_swap_only,frozen_impression_primary_0.80,14766,132923,14766,8740,0.5919003115,0.2804415549,0.3325283748,132923,32306,0.2430429647,0.0914424140,0.6851778721,primary-cohort rotation,pathology_macro,H3,M4,,transfer gap M4 - transfer gap M1,False,not_registered,-0.0888768682,-0.0983607204,-0.0785964117,-0.1014814679,-0.0751902043,0.0009995002,opposite,,,,opposite_direction_not_material,,opposite_direction_material
A1_label_swap_only,frozen_impression_primary_0.80,14766,132923,14766,8740,0.5919003115,0.2804415549,0.3325283748,132923,32306,0.2430429647,0.0914424140,0.6851778721,primary-cohort rotation,pathology_macro,H4,M3,source,C2 - C1,True,secondary,0.0661450425,0.0590644845,0.0735469806,0.0558653529,0.0762667825,0.0009995002,hypothesised,,,,confirmed,,
A1_label_swap_only,frozen_impression_primary_0.80,14766,132923,14766,8740,0.5919003115,0.2804415549,0.3325283748,132923,32306,0.2430429647,0.0914424140,0.6851778721,primary-cohort rotation,pathology_macro,H4,M4,source,C2 - C1,True,secondary,0.0702938573,0.0636630710,0.0768433556,0.0616746141,0.0791349218,0.0009995002,hypothesised,,,,confirmed,,
A1_label_swap_only,frozen_impression_primary_0.80,14766,132923,14766,8740,0.5919003115,0.2804415549,0.3325283748,132923,32306,0.2430429647,0.0914424140,0.6851778721,primary-cohort rotation,pathology_macro,H4,M3,external,C2 - C1,True,secondary,0.0179899063,0.0135304881,0.0223763694,0.0122364842,0.0236972560,0.0009995002,hypothesised,,,,confirmed,,
A1_label_swap_only,frozen_impression_primary_0.80,14766,132923,14766,8740,0.5919003115,0.2804415549,0.3325283748,132923,32306,0.2430429647,0.0914424140,0.6851778721,primary-cohort rotation,pathology_macro,H4,M4,external,C2 - C1,True,secondary,0.0084715731,0.0045736603,0.0124395759,0.0034770935,0.0136301129,0.0009995002,hypothesised,,,,confirmed,,
A1c_common_cells_impression,frozen_impression_primary_0.80,14766,132923,14766,2944,0.1993769470,0.0565623730,0.8568007663,132923,22949,0.1726488268,0.0492555841,0.8817204301,primary-cohort rotation,original,H1,M1,,external C0 - source C0,False,not_registered,-0.0020954329,-0.0062831688,0.0019888215,-0.0075427397,0.0034303306,0.3188405797,spans_zero,False,False,True,inconclusive,0.0200000000,
A1c_common_cells_impression,frozen_impression_primary_0.80,14766,132923,14766,2944,0.1993769470,0.0565623730,0.8568007663,132923,22949,0.1726488268,0.0492555841,0.8817204301,primary-cohort rotation,original,H1,M2,,external C0 - source C0,False,not_registered,-0.0200303690,-0.0238686862,-0.0163649947,-0.0253933396,-0.0149239848,0.0009995002,opposite,False,False,False,opposite_direction_material,0.0200000000,
A1c_common_cells_impression,frozen_impression_primary_0.80,14766,132923,14766,2944,0.1993769470,0.0565623730,0.8568007663,132923,22949,0.1726488268,0.0492555841,0.8817204301,primary-cohort rotation,original,H1,M3,,external C0 - source C0,True,confirmatory,-0.0058862382,-0.0096228104,-0.0021819101,-0.0109616277,-0.0009873732,0.0029985007,opposite,False,False,True,opposite_direction_not_material,0.0200000000,
A1c_common_cells_impression,frozen_impression_primary_0.80,14766,132923,14766,2944,0.1993769470,0.0565623730,0.8568007663,132923,22949,0.1726488268,0.0492555841,0.8817204301,primary-cohort rotation,original,H1,M4,,external C0 - source C0,True,confirmatory,-0.0064615791,-0.0091219140,-0.0040165201,-0.0100169928,-0.0028650492,0.0009995002,opposite,False,False,True,opposite_direction_not_material,0.0200000000,
A1c_common_cells_impression,frozen_impression_primary_0.80,14766,132923,14766,2944,0.1993769470,0.0565623730,0.8568007663,132923,22949,0.1726488268,0.0492555841,0.8817204301,primary-cohort rotation,original,H2,M3,,interaction C1,True,confirmatory,0.0067400893,0.0036617967,0.0097836939,0.0023011201,0.0108111404,0.0019990005,hypothesised,False,False,True,same_direction_not_material,0.0200000000,
A1c_common_cells_impression,frozen_impression_primary_0.80,14766,132923,14766,2944,0.1993769470,0.0565623730,0.8568007663,132923,22949,0.1726488268,0.0492555841,0.8817204301,primary-cohort rotation,original,H2,M3,,interaction C2,False,not_registered,-0.0133765708,-0.0176881929,-0.0094952957,-0.0191893576,-0.0082426237,0.0009995002,opposite,False,False,True,opposite_direction_not_material,0.0200000000,
A1c_common_cells_impression,frozen_impression_primary_0.80,14766,132923,14766,2944,0.1993769470,0.0565623730,0.8568007663,132923,22949,0.1726488268,0.0492555841,0.8817204301,primary-cohort rotation,original,H2,M4,,interaction C1,True,confirmatory,0.0098377272,0.0070550361,0.0128390437,0.0059591980,0.0136403052,0.0009995002,hypothesised,False,False,True,same_direction_not_material,0.0200000000,
A1c_common_cells_impression,frozen_impression_primary_0.80,14766,132923,14766,2944,0.1993769470,0.0565623730,0.8568007663,132923,22949,0.1726488268,0.0492555841,0.8817204301,primary-cohort rotation,original,H2,M4,,interaction C2,False,not_registered,-0.0066689449,-0.0097525915,-0.0036729201,-0.0108366830,-0.0028026045,0.0009995002,opposite,False,False,True,opposite_direction_not_material,0.0200000000,
A1c_common_cells_impression,frozen_impression_primary_0.80,14766,132923,14766,2944,0.1993769470,0.0565623730,0.8568007663,132923,22949,0.1726488268,0.0492555841,0.8817204301,primary-cohort rotation,original,H3,M3,,transfer gap M3 - transfer gap M1,False,not_registered,-0.0037908053,-0.0070648647,-0.0005125262,-0.0082639783,0.0006875779,0.0289855072,opposite,,,,opposite_direction_not_material,,opposite_direction_not_material
A1c_common_cells_impression,frozen_impression_primary_0.80,14766,132923,14766,2944,0.1993769470,0.0565623730,0.8568007663,132923,22949,0.1726488268,0.0492555841,0.8817204301,primary-cohort rotation,original,H3,M4,,transfer gap M4 - transfer gap M1,False,not_registered,-0.0043661462,-0.0083758328,-0.0005474605,-0.0098806078,0.0008924262,0.0259870065,opposite,,,,opposite_direction_not_material,,opposite_direction_not_material
A1c_common_cells_impression,frozen_impression_primary_0.80,14766,132923,14766,2944,0.1993769470,0.0565623730,0.8568007663,132923,22949,0.1726488268,0.0492555841,0.8817204301,primary-cohort rotation,original,H4,M3,source,C2 - C1,True,secondary,0.0237572140,0.0201801843,0.0272997077,0.0192159770,0.0283917584,0.0009995002,hypothesised,,,,confirmed,,
A1c_common_cells_impression,frozen_impression_primary_0.80,14766,132923,14766,2944,0.1993769470,0.0565623730,0.8568007663,132923,22949,0.1726488268,0.0492555841,0.8817204301,primary-cohort rotation,original,H4,M4,source,C2 - C1,True,secondary,0.0070555112,0.0039560298,0.0098689319,0.0030609915,0.0107983578,0.0009995002,hypothesised,,,,confirmed,,
A1c_common_cells_impression,frozen_impression_primary_0.80,14766,132923,14766,2944,0.1993769470,0.0565623730,0.8568007663,132923,22949,0.1726488268,0.0492555841,0.8817204301,primary-cohort rotation,original,H4,M3,external,C2 - C1,True,secondary,0.0036405539,0.0026665136,0.0046357519,0.0022911247,0.0049788263,0.0009995002,hypothesised,,,,confirmed,,
A1c_common_cells_impression,frozen_impression_primary_0.80,14766,132923,14766,2944,0.1993769470,0.0565623730,0.8568007663,132923,22949,0.1726488268,0.0492555841,0.8817204301,primary-cohort rotation,original,H4,M4,external,C2 - C1,True,secondary,-0.0094511610,-0.0103975406,-0.0084923628,-0.0106342991,-0.0082015233,0.0009995002,opposite,,,,opposite_direction_not_material,,
A1c_common_cells_impression,frozen_impression_primary_0.80,14766,132923,14766,2944,0.1993769470,0.0565623730,0.8568007663,132923,22949,0.1726488268,0.0492555841,0.8817204301,primary-cohort rotation,evaluable_study,H1,M1,,external C0 - source C0,False,not_registered,0.0204944362,-0.0016804863,0.0401863095,-0.0088210225,0.0479583735,0.0649675162,spans_zero,True,False,False,inconclusive,0.0200000000,
A1c_common_cells_impression,frozen_impression_primary_0.80,14766,132923,14766,2944,0.1993769470,0.0565623730,0.8568007663,132923,22949,0.1726488268,0.0492555841,0.8817204301,primary-cohort rotation,evaluable_study,H1,M2,,external C0 - source C0,False,not_registered,-0.0721914852,-0.0890145498,-0.0559798270,-0.0954678478,-0.0509064157,0.0009995002,opposite,False,False,False,opposite_direction_material,0.0200000000,
A1c_common_cells_impression,frozen_impression_primary_0.80,14766,132923,14766,2944,0.1993769470,0.0565623730,0.8568007663,132923,22949,0.1726488268,0.0492555841,0.8817204301,primary-cohort rotation,evaluable_study,H1,M3,,external C0 - source C0,True,confirmatory,-0.0042021675,-0.0212247646,0.0126402672,-0.0265846696,0.0187389841,0.6436781609,spans_zero,False,False,False,inconclusive,0.0200000000,
A1c_common_cells_impression,frozen_impression_primary_0.80,14766,132923,14766,2944,0.1993769470,0.0565623730,0.8568007663,132923,22949,0.1726488268,0.0492555841,0.8817204301,primary-cohort rotation,evaluable_study,H1,M4,,external C0 - source C0,True,confirmatory,-0.0212247151,-0.0347068298,-0.0088230954,-0.0381467221,-0.0055748043,0.0009995002,opposite,False,False,False,opposite_direction_material,0.0200000000,
A1c_common_cells_impression,frozen_impression_primary_0.80,14766,132923,14766,2944,0.1993769470,0.0565623730,0.8568007663,132923,22949,0.1726488268,0.0492555841,0.8817204301,primary-cohort rotation,evaluable_study,H2,M3,,interaction C1,True,confirmatory,0.0359063480,0.0214755042,0.0498561990,0.0160144696,0.0549300217,0.0009995002,hypothesised,True,True,False,confirmed,0.0200000000,
A1c_common_cells_impression,frozen_impression_primary_0.80,14766,132923,14766,2944,0.1993769470,0.0565623730,0.8568007663,132923,22949,0.1726488268,0.0492555841,0.8817204301,primary-cohort rotation,evaluable_study,H2,M3,,interaction C2,False,not_registered,-0.0561833628,-0.0749906892,-0.0391177617,-0.0815595602,-0.0337854009,0.0009995002,opposite,False,False,False,opposite_direction_material,0.0200000000,
A1c_common_cells_impression,frozen_impression_primary_0.80,14766,132923,14766,2944,0.1993769470,0.0565623730,0.8568007663,132923,22949,0.1726488268,0.0492555841,0.8817204301,primary-cohort rotation,evaluable_study,H2,M4,,interaction C1,True,confirmatory,0.0554762029,0.0419753072,0.0700838197,0.0354006420,0.0746549467,0.0009995002,hypothesised,True,True,False,confirmed,0.0200000000,
A1c_common_cells_impression,frozen_impression_primary_0.80,14766,132923,14766,2944,0.1993769470,0.0565623730,0.8568007663,132923,22949,0.1726488268,0.0492555841,0.8817204301,primary-cohort rotation,evaluable_study,H2,M4,,interaction C2,False,not_registered,-0.0343511489,-0.0489432853,-0.0197349332,-0.0550076442,-0.0162052676,0.0009995002,opposite,False,False,False,opposite_direction_material,0.0200000000,
A1c_common_cells_impression,frozen_impression_primary_0.80,14766,132923,14766,2944,0.1993769470,0.0565623730,0.8568007663,132923,22949,0.1726488268,0.0492555841,0.8817204301,primary-cohort rotation,evaluable_study,H3,M3,,transfer gap M3 - transfer gap M1,False,not_registered,-0.0246966037,-0.0398526430,-0.0079106984,-0.0442919102,-0.0029480667,0.0039980010,opposite,,,,opposite_direction_not_material,,opposite_direction_material
A1c_common_cells_impression,frozen_impression_primary_0.80,14766,132923,14766,2944,0.1993769470,0.0565623730,0.8568007663,132923,22949,0.1726488268,0.0492555841,0.8817204301,primary-cohort rotation,evaluable_study,H3,M4,,transfer gap M4 - transfer gap M1,False,not_registered,-0.0417191512,-0.0610948352,-0.0217830018,-0.0689265151,-0.0146545794,0.0009995002,opposite,,,,opposite_direction_not_material,,opposite_direction_material
A1c_common_cells_impression,frozen_impression_primary_0.80,14766,132923,14766,2944,0.1993769470,0.0565623730,0.8568007663,132923,22949,0.1726488268,0.0492555841,0.8817204301,primary-cohort rotation,evaluable_study,H4,M3,source,C2 - C1,True,secondary,0.1012836706,0.0866294326,0.1157692723,0.0822290026,0.1199416795,0.0009995002,hypothesised,,,,confirmed,,
A1c_common_cells_impression,frozen_impression_primary_0.80,14766,132923,14766,2944,0.1993769470,0.0565623730,0.8568007663,132923,22949,0.1726488268,0.0492555841,0.8817204301,primary-cohort rotation,evaluable_study,H4,M4,source,C2 - C1,True,secondary,0.0331137589,0.0180920801,0.0471228740,0.0138146586,0.0517054966,0.0009995002,hypothesised,,,,confirmed,,
A1c_common_cells_impression,frozen_impression_primary_0.80,14766,132923,14766,2944,0.1993769470,0.0565623730,0.8568007663,132923,22949,0.1726488268,0.0492555841,0.8817204301,primary-cohort rotation,evaluable_study,H4,M3,external,C2 - C1,True,secondary,0.0091939598,0.0040246407,0.0143951234,0.0020611886,0.0158849291,0.0009995002,hypothesised,,,,confirmed,,
A1c_common_cells_impression,frozen_impression_primary_0.80,14766,132923,14766,2944,0.1993769470,0.0565623730,0.8568007663,132923,22949,0.1726488268,0.0492555841,0.8817204301,primary-cohort rotation,evaluable_study,H4,M4,external,C2 - C1,True,secondary,-0.0567135929,-0.0616917250,-0.0513884131,-0.0633166558,-0.0501032202,0.0009995002,opposite,,,,opposite_direction_not_material,,
A1c_common_cells_impression,frozen_impression_primary_0.80,14766,132923,14766,2944,0.1993769470,0.0565623730,0.8568007663,132923,22949,0.1726488268,0.0492555841,0.8817204301,primary-cohort rotation,cell_micro,H1,M1,,external C0 - source C0,False,not_registered,0.0323926326,0.0122235146,0.0508735806,0.0051824690,0.0573405409,0.0039980010,hypothesised,True,False,False,confirmed,0.0200000000,
A1c_common_cells_impression,frozen_impression_primary_0.80,14766,132923,14766,2944,0.1993769470,0.0565623730,0.8568007663,132923,22949,0.1726488268,0.0492555841,0.8817204301,primary-cohort rotation,cell_micro,H1,M2,,external C0 - source C0,False,not_registered,-0.0604378233,-0.0766014086,-0.0444750659,-0.0825696832,-0.0407587781,0.0009995002,opposite,False,False,False,opposite_direction_material,0.0200000000,
A1c_common_cells_impression,frozen_impression_primary_0.80,14766,132923,14766,2944,0.1993769470,0.0565623730,0.8568007663,132923,22949,0.1726488268,0.0492555841,0.8817204301,primary-cohort rotation,cell_micro,H1,M3,,external C0 - source C0,True,confirmatory,0.0062006882,-0.0090737523,0.0215567533,-0.0147906753,0.0265898821,0.4297851074,spans_zero,False,False,False,inconclusive,0.0200000000,
A1c_common_cells_impression,frozen_impression_primary_0.80,14766,132923,14766,2944,0.1993769470,0.0565623730,0.8568007663,132923,22949,0.1726488268,0.0492555841,0.8817204301,primary-cohort rotation,cell_micro,H1,M4,,external C0 - source C0,True,confirmatory,-0.0153397208,-0.0275882934,-0.0041175319,-0.0310880899,-0.0002844960,0.0089955022,opposite,False,False,False,opposite_direction_not_material,0.0200000000,
A1c_common_cells_impression,frozen_impression_primary_0.80,14766,132923,14766,2944,0.1993769470,0.0565623730,0.8568007663,132923,22949,0.1726488268,0.0492555841,0.8817204301,primary-cohort rotation,cell_micro,H2,M3,,interaction C1,True,confirmatory,0.0356254327,0.0226360516,0.0483957042,0.0180345393,0.0524988478,0.0009995002,hypothesised,True,True,False,confirmed,0.0200000000,
A1c_common_cells_impression,frozen_impression_primary_0.80,14766,132923,14766,2944,0.1993769470,0.0565623730,0.8568007663,132923,22949,0.1726488268,0.0492555841,0.8817204301,primary-cohort rotation,cell_micro,H2,M3,,interaction C2,False,not_registered,-0.0571378762,-0.0754197765,-0.0405612300,-0.0820649460,-0.0352574145,0.0009995002,opposite,False,False,False,opposite_direction_material,0.0200000000,
A1c_common_cells_impression,frozen_impression_primary_0.80,14766,132923,14766,2944,0.1993769470,0.0565623730,0.8568007663,132923,22949,0.1726488268,0.0492555841,0.8817204301,primary-cohort rotation,cell_micro,H2,M4,,interaction C1,True,confirmatory,0.0468054021,0.0342660918,0.0600822017,0.0296705455,0.0638162115,0.0009995002,hypothesised,True,True,False,confirmed,0.0200000000,
A1c_common_cells_impression,frozen_impression_primary_0.80,14766,132923,14766,2944,0.1993769470,0.0565623730,0.8568007663,132923,22949,0.1726488268,0.0492555841,0.8817204301,primary-cohort rotation,cell_micro,H2,M4,,interaction C2,False,not_registered,-0.0294856503,-0.0430732111,-0.0167078403,-0.0481842055,-0.0123193989,0.0009995002,opposite,False,False,False,opposite_direction_material,0.0200000000,
A1c_common_cells_impression,frozen_impression_primary_0.80,14766,132923,14766,2944,0.1993769470,0.0565623730,0.8568007663,132923,22949,0.1726488268,0.0492555841,0.8817204301,primary-cohort rotation,cell_micro,H3,M3,,transfer gap M3 - transfer gap M1,False,not_registered,-0.0261919444,-0.0406948042,-0.0106675656,-0.0447821767,-0.0070589515,0.0019990005,opposite,,,,opposite_direction_not_material,,opposite_direction_material
A1c_common_cells_impression,frozen_impression_primary_0.80,14766,132923,14766,2944,0.1993769470,0.0565623730,0.8568007663,132923,22949,0.1726488268,0.0492555841,0.8817204301,primary-cohort rotation,cell_micro,H3,M4,,transfer gap M4 - transfer gap M1,False,not_registered,-0.0477323534,-0.0643274865,-0.0297852434,-0.0705496139,-0.0234550485,0.0009995002,opposite,,,,opposite_direction_not_material,,opposite_direction_material
A1c_common_cells_impression,frozen_impression_primary_0.80,14766,132923,14766,2944,0.1993769470,0.0565623730,0.8568007663,132923,22949,0.1726488268,0.0492555841,0.8817204301,primary-cohort rotation,cell_micro,H4,M3,source,C2 - C1,True,secondary,0.1030036733,0.0885020850,0.1173515929,0.0839155632,0.1222871226,0.0009995002,hypothesised,,,,confirmed,,
A1c_common_cells_impression,frozen_impression_primary_0.80,14766,132923,14766,2944,0.1993769470,0.0565623730,0.8568007663,132923,22949,0.1726488268,0.0492555841,0.8817204301,primary-cohort rotation,cell_micro,H4,M4,source,C2 - C1,True,secondary,0.0256473201,0.0121010018,0.0384033163,0.0075124484,0.0433653539,0.0009995002,hypothesised,,,,confirmed,,
A1c_common_cells_impression,frozen_impression_primary_0.80,14766,132923,14766,2944,0.1993769470,0.0565623730,0.8568007663,132923,22949,0.1726488268,0.0492555841,0.8817204301,primary-cohort rotation,cell_micro,H4,M3,external,C2 - C1,True,secondary,0.0102403645,0.0052078962,0.0152999284,0.0034679975,0.0166413422,0.0009995002,hypothesised,,,,confirmed,,
A1c_common_cells_impression,frozen_impression_primary_0.80,14766,132923,14766,2944,0.1993769470,0.0565623730,0.8568007663,132923,22949,0.1726488268,0.0492555841,0.8817204301,primary-cohort rotation,cell_micro,H4,M4,external,C2 - C1,True,secondary,-0.0506437323,-0.0552325617,-0.0459947911,-0.0566544455,-0.0442062684,0.0009995002,opposite,,,,opposite_direction_not_material,,
A1c_common_cells_impression,frozen_impression_primary_0.80,14766,132923,14766,2944,0.1993769470,0.0565623730,0.8568007663,132923,22949,0.1726488268,0.0492555841,0.8817204301,primary-cohort rotation,pathology_macro,H1,M1,,external C0 - source C0,False,not_registered,0.0673703988,0.0501607842,0.0838494056,0.0429921443,0.0882449290,0.0009995002,hypothesised,True,True,False,confirmed,0.0200000000,
A1c_common_cells_impression,frozen_impression_primary_0.80,14766,132923,14766,2944,0.1993769470,0.0565623730,0.8568007663,132923,22949,0.1726488268,0.0492555841,0.8817204301,primary-cohort rotation,pathology_macro,H1,M2,,external C0 - source C0,False,not_registered,-0.0251317565,-0.0424246107,-0.0087560539,-0.0474926376,-0.0035303920,0.0029985007,opposite,False,False,False,opposite_direction_material,0.0200000000,
A1c_common_cells_impression,frozen_impression_primary_0.80,14766,132923,14766,2944,0.1993769470,0.0565623730,0.8568007663,132923,22949,0.1726488268,0.0492555841,0.8817204301,primary-cohort rotation,pathology_macro,H1,M3,,external C0 - source C0,True,confirmatory,0.0274394974,0.0121109838,0.0443556500,0.0074542434,0.0479950420,0.0029985007,hypothesised,True,False,False,confirmed,0.0200000000,
A1c_common_cells_impression,frozen_impression_primary_0.80,14766,132923,14766,2944,0.1993769470,0.0565623730,0.8568007663,132923,22949,0.1726488268,0.0492555841,0.8817204301,primary-cohort rotation,pathology_macro,H1,M4,,external C0 - source C0,True,confirmatory,-0.0082182997,-0.0207038507,0.0040222203,-0.0249257709,0.0081291612,0.1899050475,spans_zero,False,False,False,inconclusive,0.0200000000,
A1c_common_cells_impression,frozen_impression_primary_0.80,14766,132923,14766,2944,0.1993769470,0.0565623730,0.8568007663,132923,22949,0.1726488268,0.0492555841,0.8817204301,primary-cohort rotation,pathology_macro,H2,M3,,interaction C1,True,confirmatory,0.0389104505,0.0253628449,0.0525590732,0.0204052107,0.0571830791,0.0009995002,hypothesised,True,True,False,confirmed,0.0200000000,
A1c_common_cells_impression,frozen_impression_primary_0.80,14766,132923,14766,2944,0.1993769470,0.0565623730,0.8568007663,132923,22949,0.1726488268,0.0492555841,0.8817204301,primary-cohort rotation,pathology_macro,H2,M3,,interaction C2,False,not_registered,-0.0494586159,-0.0684301109,-0.0326770242,-0.0758902889,-0.0265377536,0.0009995002,opposite,False,False,False,opposite_direction_material,0.0200000000,
A1c_common_cells_impression,frozen_impression_primary_0.80,14766,132923,14766,2944,0.1993769470,0.0565623730,0.8568007663,132923,22949,0.1726488268,0.0492555841,0.8817204301,primary-cohort rotation,pathology_macro,H2,M4,,interaction C1,True,confirmatory,0.0182161082,0.0056755979,0.0306281408,0.0011170405,0.0366121091,0.0069965017,hypothesised,False,False,False,same_direction_not_material,0.0200000000,
A1c_common_cells_impression,frozen_impression_primary_0.80,14766,132923,14766,2944,0.1993769470,0.0565623730,0.8568007663,132923,22949,0.1726488268,0.0492555841,0.8817204301,primary-cohort rotation,pathology_macro,H2,M4,,interaction C2,False,not_registered,-0.0319653314,-0.0461724749,-0.0179797458,-0.0520575583,-0.0139074937,0.0009995002,opposite,False,False,False,opposite_direction_material,0.0200000000,
A1c_common_cells_impression,frozen_impression_primary_0.80,14766,132923,14766,2944,0.1993769470,0.0565623730,0.8568007663,132923,22949,0.1726488268,0.0492555841,0.8817204301,primary-cohort rotation,pathology_macro,H3,M3,,transfer gap M3 - transfer gap M1,False,not_registered,-0.0399309013,-0.0542681986,-0.0249509855,-0.0589956260,-0.0197216257,0.0009995002,opposite,,,,opposite_direction_not_material,,opposite_direction_material
A1c_common_cells_impression,frozen_impression_primary_0.80,14766,132923,14766,2944,0.1993769470,0.0565623730,0.8568007663,132923,22949,0.1726488268,0.0492555841,0.8817204301,primary-cohort rotation,pathology_macro,H3,M4,,transfer gap M4 - transfer gap M1,False,not_registered,-0.0755886985,-0.0916672939,-0.0595807012,-0.0967023204,-0.0531179083,0.0009995002,opposite,,,,opposite_direction_not_material,,opposite_direction_material
A1c_common_cells_impression,frozen_impression_primary_0.80,14766,132923,14766,2944,0.1993769470,0.0565623730,0.8568007663,132923,22949,0.1726488268,0.0492555841,0.8817204301,primary-cohort rotation,pathology_macro,H4,M3,source,C2 - C1,True,secondary,0.0944794580,0.0794097375,0.1095987392,0.0750714682,0.1150452505,0.0009995002,hypothesised,,,,confirmed,,
A1c_common_cells_impression,frozen_impression_primary_0.80,14766,132923,14766,2944,0.1993769470,0.0565623730,0.8568007663,132923,22949,0.1726488268,0.0492555841,0.8817204301,primary-cohort rotation,pathology_macro,H4,M4,source,C2 - C1,True,secondary,0.0297097267,0.0153365876,0.0431539278,0.0115524789,0.0479270721,0.0009995002,hypothesised,,,,confirmed,,
A1c_common_cells_impression,frozen_impression_primary_0.80,14766,132923,14766,2944,0.1993769470,0.0565623730,0.8568007663,132923,22949,0.1726488268,0.0492555841,0.8817204301,primary-cohort rotation,pathology_macro,H4,M3,external,C2 - C1,True,secondary,0.0061103916,0.0002014382,0.0119348288,-0.0015481652,0.0137418975,0.0409795102,hypothesised,,,,confirmed,,
A1c_common_cells_impression,frozen_impression_primary_0.80,14766,132923,14766,2944,0.1993769470,0.0565623730,0.8568007663,132923,22949,0.1726488268,0.0492555841,0.8817204301,primary-cohort rotation,pathology_macro,H4,M4,external,C2 - C1,True,secondary,-0.0204717129,-0.0253625300,-0.0154689546,-0.0266547346,-0.0138731839,0.0009995002,opposite,,,,opposite_direction_not_material,,
A1c_common_cells_findings,frozen_impression_primary_0.80,14766,132923,14766,2944,0.1993769470,0.0565623730,0.8496168582,132923,22949,0.1726488268,0.0492555841,0.8797348485,primary-cohort rotation,original,H1,M1,,external C0 - source C0,False,not_registered,-0.0029511377,-0.0071707599,0.0010655615,-0.0086464763,0.0023423086,0.1549225387,spans_zero,False,False,True,inconclusive,0.0200000000,
A1c_common_cells_findings,frozen_impression_primary_0.80,14766,132923,14766,2944,0.1993769470,0.0565623730,0.8496168582,132923,22949,0.1726488268,0.0492555841,0.8797348485,primary-cohort rotation,original,H1,M2,,external C0 - source C0,False,not_registered,-0.0207935346,-0.0247749149,-0.0168626381,-0.0259477098,-0.0156135016,0.0009995002,opposite,False,False,False,opposite_direction_material,0.0200000000,
A1c_common_cells_findings,frozen_impression_primary_0.80,14766,132923,14766,2944,0.1993769470,0.0565623730,0.8496168582,132923,22949,0.1726488268,0.0492555841,0.8797348485,primary-cohort rotation,original,H1,M3,,external C0 - source C0,True,confirmatory,-0.0068995238,-0.0106672767,-0.0029533858,-0.0117282135,-0.0017856569,0.0009995002,opposite,False,False,True,opposite_direction_not_material,0.0200000000,
A1c_common_cells_findings,frozen_impression_primary_0.80,14766,132923,14766,2944,0.1993769470,0.0565623730,0.8496168582,132923,22949,0.1726488268,0.0492555841,0.8797348485,primary-cohort rotation,original,H1,M4,,external C0 - source C0,True,confirmatory,-0.0076756049,-0.0103590337,-0.0050419869,-0.0114069162,-0.0041174219,0.0009995002,opposite,False,False,True,opposite_direction_not_material,0.0200000000,
A1c_common_cells_findings,frozen_impression_primary_0.80,14766,132923,14766,2944,0.1993769470,0.0565623730,0.8496168582,132923,22949,0.1726488268,0.0492555841,0.8797348485,primary-cohort rotation,original,H2,M3,,interaction C1,True,confirmatory,0.0066666461,0.0035405941,0.0098841875,0.0020502465,0.0108086275,0.0009995002,hypothesised,False,False,True,same_direction_not_material,0.0200000000,
A1c_common_cells_findings,frozen_impression_primary_0.80,14766,132923,14766,2944,0.1993769470,0.0565623730,0.8496168582,132923,22949,0.1726488268,0.0492555841,0.8797348485,primary-cohort rotation,original,H2,M3,,interaction C2,False,not_registered,-0.0128289655,-0.0171563506,-0.0089713080,-0.0187485358,-0.0078067985,0.0009995002,opposite,False,False,True,opposite_direction_not_material,0.0200000000,
A1c_common_cells_findings,frozen_impression_primary_0.80,14766,132923,14766,2944,0.1993769470,0.0565623730,0.8496168582,132923,22949,0.1726488268,0.0492555841,0.8797348485,primary-cohort rotation,original,H2,M4,,interaction C1,True,confirmatory,0.0115465229,0.0087985812,0.0143467092,0.0076686456,0.0154881236,0.0009995002,hypothesised,False,False,True,same_direction_not_material,0.0200000000,
A1c_common_cells_findings,frozen_impression_primary_0.80,14766,132923,14766,2944,0.1993769470,0.0565623730,0.8496168582,132923,22949,0.1726488268,0.0492555841,0.8797348485,primary-cohort rotation,original,H2,M4,,interaction C2,False,not_registered,-0.0055199005,-0.0086577821,-0.0025594730,-0.0097594713,-0.0016434868,0.0009995002,opposite,False,False,True,opposite_direction_not_material,0.0200000000,
A1c_common_cells_findings,frozen_impression_primary_0.80,14766,132923,14766,2944,0.1993769470,0.0565623730,0.8496168582,132923,22949,0.1726488268,0.0492555841,0.8797348485,primary-cohort rotation,original,H3,M3,,transfer gap M3 - transfer gap M1,False,not_registered,-0.0039483860,-0.0071505774,-0.0005022263,-0.0085905533,0.0003690528,0.0219890055,opposite,,,,opposite_direction_not_material,,opposite_direction_not_material
A1c_common_cells_findings,frozen_impression_primary_0.80,14766,132923,14766,2944,0.1993769470,0.0565623730,0.8496168582,132923,22949,0.1726488268,0.0492555841,0.8797348485,primary-cohort rotation,original,H3,M4,,transfer gap M4 - transfer gap M1,False,not_registered,-0.0047244671,-0.0085575215,-0.0009269516,-0.0100142844,0.0004007422,0.0169915042,opposite,,,,opposite_direction_not_material,,opposite_direction_not_material
A1c_common_cells_findings,frozen_impression_primary_0.80,14766,132923,14766,2944,0.1993769470,0.0565623730,0.8496168582,132923,22949,0.1726488268,0.0492555841,0.8797348485,primary-cohort rotation,original,H4,M3,source,C2 - C1,True,secondary,0.0233557409,0.0198022870,0.0269511698,0.0188057642,0.0280903234,0.0009995002,hypothesised,,,,confirmed,,
A1c_common_cells_findings,frozen_impression_primary_0.80,14766,132923,14766,2944,0.1993769470,0.0565623730,0.8496168582,132923,22949,0.1726488268,0.0492555841,0.8797348485,primary-cohort rotation,original,H4,M4,source,C2 - C1,True,secondary,0.0076335230,0.0045093676,0.0104082119,0.0037203769,0.0112914427,0.0009995002,hypothesised,,,,confirmed,,
A1c_common_cells_findings,frozen_impression_primary_0.80,14766,132923,14766,2944,0.1993769470,0.0565623730,0.8496168582,132923,22949,0.1726488268,0.0492555841,0.8797348485,primary-cohort rotation,original,H4,M3,external,C2 - C1,True,secondary,0.0038601294,0.0028511420,0.0048853513,0.0024612192,0.0052299940,0.0009995002,hypothesised,,,,confirmed,,
A1c_common_cells_findings,frozen_impression_primary_0.80,14766,132923,14766,2944,0.1993769470,0.0565623730,0.8496168582,132923,22949,0.1726488268,0.0492555841,0.8797348485,primary-cohort rotation,original,H4,M4,external,C2 - C1,True,secondary,-0.0094329003,-0.0103613206,-0.0084796857,-0.0106345605,-0.0081777084,0.0009995002,opposite,,,,opposite_direction_not_material,,
A1c_common_cells_findings,frozen_impression_primary_0.80,14766,132923,14766,2944,0.1993769470,0.0565623730,0.8496168582,132923,22949,0.1726488268,0.0492555841,0.8797348485,primary-cohort rotation,evaluable_study,H1,M1,,external C0 - source C0,False,not_registered,0.0158909782,-0.0057244000,0.0356560086,-0.0127533991,0.0431397559,0.1299350325,spans_zero,False,False,False,inconclusive,0.0200000000,
A1c_common_cells_findings,frozen_impression_primary_0.80,14766,132923,14766,2944,0.1993769470,0.0565623730,0.8496168582,132923,22949,0.1726488268,0.0492555841,0.8797348485,primary-cohort rotation,evaluable_study,H1,M2,,external C0 - source C0,False,not_registered,-0.0755219478,-0.0925584531,-0.0584125169,-0.0979757349,-0.0540550432,0.0009995002,opposite,False,False,False,opposite_direction_material,0.0200000000,
A1c_common_cells_findings,frozen_impression_primary_0.80,14766,132923,14766,2944,0.1993769470,0.0565623730,0.8496168582,132923,22949,0.1726488268,0.0492555841,0.8797348485,primary-cohort rotation,evaluable_study,H1,M3,,external C0 - source C0,True,confirmatory,-0.0090417201,-0.0257495347,0.0094197934,-0.0311269955,0.0150465550,0.3158420790,spans_zero,False,False,False,inconclusive,0.0200000000,
A1c_common_cells_findings,frozen_impression_primary_0.80,14766,132923,14766,2944,0.1993769470,0.0565623730,0.8496168582,132923,22949,0.1726488268,0.0492555841,0.8797348485,primary-cohort rotation,evaluable_study,H1,M4,,external C0 - source C0,True,confirmatory,-0.0271307391,-0.0400269454,-0.0142049787,-0.0440678912,-0.0099914992,0.0009995002,opposite,False,False,False,opposite_direction_material,0.0200000000,
A1c_common_cells_findings,frozen_impression_primary_0.80,14766,132923,14766,2944,0.1993769470,0.0565623730,0.8496168582,132923,22949,0.1726488268,0.0492555841,0.8797348485,primary-cohort rotation,evaluable_study,H2,M3,,interaction C1,True,confirmatory,0.0352452410,0.0207209986,0.0494280173,0.0140157651,0.0545144054,0.0009995002,hypothesised,True,True,False,confirmed,0.0200000000,
A1c_common_cells_findings,frozen_impression_primary_0.80,14766,132923,14766,2944,0.1993769470,0.0565623730,0.8496168582,132923,22949,0.1726488268,0.0492555841,0.8797348485,primary-cohort rotation,evaluable_study,H2,M3,,interaction C2,False,not_registered,-0.0535029825,-0.0722735895,-0.0361185558,-0.0793516969,-0.0311166261,0.0009995002,opposite,False,False,False,opposite_direction_material,0.0200000000,
A1c_common_cells_findings,frozen_impression_primary_0.80,14766,132923,14766,2944,0.1993769470,0.0565623730,0.8496168582,132923,22949,0.1726488268,0.0492555841,0.8797348485,primary-cohort rotation,evaluable_study,H2,M4,,interaction C1,True,confirmatory,0.0639809024,0.0504945485,0.0779588805,0.0440544651,0.0845503893,0.0009995002,hypothesised,True,True,False,confirmed,0.0200000000,
A1c_common_cells_findings,frozen_impression_primary_0.80,14766,132923,14766,2944,0.1993769470,0.0565623730,0.8496168582,132923,22949,0.1726488268,0.0492555841,0.8797348485,primary-cohort rotation,evaluable_study,H2,M4,,interaction C2,False,not_registered,-0.0287137555,-0.0443828624,-0.0143433596,-0.0480674987,-0.0096725309,0.0009995002,opposite,False,False,False,opposite_direction_material,0.0200000000,
A1c_common_cells_findings,frozen_impression_primary_0.80,14766,132923,14766,2944,0.1993769470,0.0565623730,0.8496168582,132923,22949,0.1726488268,0.0492555841,0.8797348485,primary-cohort rotation,evaluable_study,H3,M3,,transfer gap M3 - transfer gap M1,False,not_registered,-0.0249326983,-0.0398000133,-0.0081719634,-0.0449216247,-0.0031161489,0.0049975012,opposite,,,,opposite_direction_not_material,,opposite_direction_material
A1c_common_cells_findings,frozen_impression_primary_0.80,14766,132923,14766,2944,0.1993769470,0.0565623730,0.8496168582,132923,22949,0.1726488268,0.0492555841,0.8797348485,primary-cohort rotation,evaluable_study,H3,M4,,transfer gap M4 - transfer gap M1,False,not_registered,-0.0430217173,-0.0621947726,-0.0231304866,-0.0687037986,-0.0154218507,0.0009995002,opposite,,,,opposite_direction_not_material,,opposite_direction_material
A1c_common_cells_findings,frozen_impression_primary_0.80,14766,132923,14766,2944,0.1993769470,0.0565623730,0.8496168582,132923,22949,0.1726488268,0.0492555841,0.8797348485,primary-cohort rotation,evaluable_study,H4,M3,source,C2 - C1,True,secondary,0.0992005726,0.0845479209,0.1135282438,0.0798870112,0.1188039114,0.0009995002,hypothesised,,,,confirmed,,
A1c_common_cells_findings,frozen_impression_primary_0.80,14766,132923,14766,2944,0.1993769470,0.0565623730,0.8496168582,132923,22949,0.1726488268,0.0492555841,0.8797348485,primary-cohort rotation,evaluable_study,H4,M4,source,C2 - C1,True,secondary,0.0360741156,0.0210272337,0.0495873694,0.0170317240,0.0554797506,0.0009995002,hypothesised,,,,confirmed,,
A1c_common_cells_findings,frozen_impression_primary_0.80,14766,132923,14766,2944,0.1993769470,0.0565623730,0.8496168582,132923,22949,0.1726488268,0.0492555841,0.8797348485,primary-cohort rotation,evaluable_study,H4,M3,external,C2 - C1,True,secondary,0.0104523491,0.0052077583,0.0156488907,0.0030451228,0.0173280450,0.0009995002,hypothesised,,,,confirmed,,
A1c_common_cells_findings,frozen_impression_primary_0.80,14766,132923,14766,2944,0.1993769470,0.0565623730,0.8496168582,132923,22949,0.1726488268,0.0492555841,0.8797348485,primary-cohort rotation,evaluable_study,H4,M4,external,C2 - C1,True,secondary,-0.0566205423,-0.0616009697,-0.0514311371,-0.0629887920,-0.0497897953,0.0009995002,opposite,,,,opposite_direction_not_material,,
A1c_common_cells_findings,frozen_impression_primary_0.80,14766,132923,14766,2944,0.1993769470,0.0565623730,0.8496168582,132923,22949,0.1726488268,0.0492555841,0.8797348485,primary-cohort rotation,cell_micro,H1,M1,,external C0 - source C0,False,not_registered,0.0283374914,0.0088918838,0.0469554234,0.0014582020,0.0531279952,0.0069965017,hypothesised,True,False,False,confirmed,0.0200000000,
A1c_common_cells_findings,frozen_impression_primary_0.80,14766,132923,14766,2944,0.1993769470,0.0565623730,0.8496168582,132923,22949,0.1726488268,0.0492555841,0.8797348485,primary-cohort rotation,cell_micro,H1,M2,,external C0 - source C0,False,not_registered,-0.0632668558,-0.0795490790,-0.0471938172,-0.0841399194,-0.0430212943,0.0009995002,opposite,False,False,False,opposite_direction_material,0.0200000000,
A1c_common_cells_findings,frozen_impression_primary_0.80,14766,132923,14766,2944,0.1993769470,0.0565623730,0.8496168582,132923,22949,0.1726488268,0.0492555841,0.8797348485,primary-cohort rotation,cell_micro,H1,M3,,external C0 - source C0,True,confirmatory,0.0020511431,-0.0127355597,0.0187523887,-0.0184776592,0.0233373170,0.7976011994,spans_zero,False,False,True,inconclusive,0.0200000000,
A1c_common_cells_findings,frozen_impression_primary_0.80,14766,132923,14766,2944,0.1993769470,0.0565623730,0.8496168582,132923,22949,0.1726488268,0.0492555841,0.8797348485,primary-cohort rotation,cell_micro,H1,M4,,external C0 - source C0,True,confirmatory,-0.0200745470,-0.0319259801,-0.0083030665,-0.0356003673,-0.0041129761,0.0019990005,opposite,False,False,False,opposite_direction_material,0.0200000000,
A1c_common_cells_findings,frozen_impression_primary_0.80,14766,132923,14766,2944,0.1993769470,0.0565623730,0.8496168582,132923,22949,0.1726488268,0.0492555841,0.8797348485,primary-cohort rotation,cell_micro,H2,M3,,interaction C1,True,confirmatory,0.0353985990,0.0224525415,0.0490070058,0.0172313303,0.0539603489,0.0009995002,hypothesised,True,True,False,confirmed,0.0200000000,
A1c_common_cells_findings,frozen_impression_primary_0.80,14766,132923,14766,2944,0.1993769470,0.0565623730,0.8496168582,132923,22949,0.1726488268,0.0492555841,0.8797348485,primary-cohort rotation,cell_micro,H2,M3,,interaction C2,False,not_registered,-0.0553120593,-0.0733904352,-0.0390407367,-0.0804937389,-0.0330626980,0.0009995002,opposite,False,False,False,opposite_direction_material,0.0200000000,
A1c_common_cells_findings,frozen_impression_primary_0.80,14766,132923,14766,2944,0.1993769470,0.0565623730,0.8496168582,132923,22949,0.1726488268,0.0492555841,0.8797348485,primary-cohort rotation,cell_micro,H2,M4,,interaction C1,True,confirmatory,0.0541412809,0.0418086114,0.0664851150,0.0371934210,0.0714548706,0.0009995002,hypothesised,True,True,False,confirmed,0.0200000000,
A1c_common_cells_findings,frozen_impression_primary_0.80,14766,132923,14766,2944,0.1993769470,0.0565623730,0.8496168582,132923,22949,0.1726488268,0.0492555841,0.8797348485,primary-cohort rotation,cell_micro,H2,M4,,interaction C2,False,not_registered,-0.0250669192,-0.0384747760,-0.0124077028,-0.0433761557,-0.0081284408,0.0009995002,opposite,False,False,False,opposite_direction_material,0.0200000000,
A1c_common_cells_findings,frozen_impression_primary_0.80,14766,132923,14766,2944,0.1993769470,0.0565623730,0.8496168582,132923,22949,0.1726488268,0.0492555841,0.8797348485,primary-cohort rotation,cell_micro,H3,M3,,transfer gap M3 - transfer gap M1,False,not_registered,-0.0262863483,-0.0406248341,-0.0110729050,-0.0451036618,-0.0060325967,0.0029985007,opposite,,,,opposite_direction_not_material,,opposite_direction_material
A1c_common_cells_findings,frozen_impression_primary_0.80,14766,132923,14766,2944,0.1993769470,0.0565623730,0.8496168582,132923,22949,0.1726488268,0.0492555841,0.8797348485,primary-cohort rotation,cell_micro,H3,M4,,transfer gap M4 - transfer gap M1,False,not_registered,-0.0484120383,-0.0653673803,-0.0305653853,-0.0714854758,-0.0248224855,0.0009995002,opposite,,,,opposite_direction_not_material,,opposite_direction_material
A1c_common_cells_findings,frozen_impression_primary_0.80,14766,132923,14766,2944,0.1993769470,0.0565623730,0.8496168582,132923,22949,0.1726488268,0.0492555841,0.8797348485,primary-cohort rotation,cell_micro,H4,M3,source,C2 - C1,True,secondary,0.1018001260,0.0870074830,0.1156971966,0.0832083729,0.1208371956,0.0009995002,hypothesised,,,,confirmed,,
A1c_common_cells_findings,frozen_impression_primary_0.80,14766,132923,14766,2944,0.1993769470,0.0565623730,0.8496168582,132923,22949,0.1726488268,0.0492555841,0.8797348485,primary-cohort rotation,cell_micro,H4,M4,source,C2 - C1,True,secondary,0.0289765391,0.0156780059,0.0411111712,0.0109075903,0.0459850928,0.0009995002,hypothesised,,,,confirmed,,
A1c_common_cells_findings,frozen_impression_primary_0.80,14766,132923,14766,2944,0.1993769470,0.0565623730,0.8496168582,132923,22949,0.1726488268,0.0492555841,0.8797348485,primary-cohort rotation,cell_micro,H4,M3,external,C2 - C1,True,secondary,0.0110894677,0.0060077917,0.0160286491,0.0040683773,0.0178990149,0.0009995002,hypothesised,,,,confirmed,,
A1c_common_cells_findings,frozen_impression_primary_0.80,14766,132923,14766,2944,0.1993769470,0.0565623730,0.8496168582,132923,22949,0.1726488268,0.0492555841,0.8797348485,primary-cohort rotation,cell_micro,H4,M4,external,C2 - C1,True,secondary,-0.0502316609,-0.0547538050,-0.0455113262,-0.0559222154,-0.0440217450,0.0009995002,opposite,,,,opposite_direction_not_material,,
A1c_common_cells_findings,frozen_impression_primary_0.80,14766,132923,14766,2944,0.1993769470,0.0565623730,0.8496168582,132923,22949,0.1726488268,0.0492555841,0.8797348485,primary-cohort rotation,pathology_macro,H1,M1,,external C0 - source C0,False,not_registered,0.0638575290,0.0469434450,0.0800076206,0.0381008893,0.0842164924,0.0009995002,hypothesised,True,True,False,confirmed,0.0200000000,
A1c_common_cells_findings,frozen_impression_primary_0.80,14766,132923,14766,2944,0.1993769470,0.0565623730,0.8496168582,132923,22949,0.1726488268,0.0492555841,0.8797348485,primary-cohort rotation,pathology_macro,H1,M2,,external C0 - source C0,False,not_registered,-0.0251971098,-0.0426093010,-0.0086731505,-0.0471545005,-0.0030287427,0.0029985007,opposite,False,False,False,opposite_direction_material,0.0200000000,
A1c_common_cells_findings,frozen_impression_primary_0.80,14766,132923,14766,2944,0.1993769470,0.0565623730,0.8496168582,132923,22949,0.1726488268,0.0492555841,0.8797348485,primary-cohort rotation,pathology_macro,H1,M3,,external C0 - source C0,True,confirmatory,0.0238973312,0.0087289149,0.0407781632,0.0042489111,0.0447646364,0.0029985007,hypothesised,True,False,False,confirmed,0.0200000000,
A1c_common_cells_findings,frozen_impression_primary_0.80,14766,132923,14766,2944,0.1993769470,0.0565623730,0.8496168582,132923,22949,0.1726488268,0.0492555841,0.8797348485,primary-cohort rotation,pathology_macro,H1,M4,,external C0 - source C0,True,confirmatory,-0.0113938426,-0.0238298466,0.0008433261,-0.0274230986,0.0053814425,0.0629685157,spans_zero,False,False,False,inconclusive,0.0200000000,
A1c_common_cells_findings,frozen_impression_primary_0.80,14766,132923,14766,2944,0.1993769470,0.0565623730,0.8496168582,132923,22949,0.1726488268,0.0492555841,0.8797348485,primary-cohort rotation,pathology_macro,H2,M3,,interaction C1,True,confirmatory,0.0401668478,0.0267823905,0.0541041237,0.0210259048,0.0591339180,0.0009995002,hypothesised,True,True,False,confirmed,0.0200000000,
A1c_common_cells_findings,frozen_impression_primary_0.80,14766,132923,14766,2944,0.1993769470,0.0565623730,0.8496168582,132923,22949,0.1726488268,0.0492555841,0.8797348485,primary-cohort rotation,pathology_macro,H2,M3,,interaction C2,False,not_registered,-0.0486362167,-0.0673323848,-0.0319901695,-0.0735205345,-0.0259813947,0.0009995002,opposite,False,False,False,opposite_direction_material,0.0200000000,
A1c_common_cells_findings,frozen_impression_primary_0.80,14766,132923,14766,2944,0.1993769470,0.0565623730,0.8496168582,132923,22949,0.1726488268,0.0492555841,0.8797348485,primary-cohort rotation,pathology_macro,H2,M4,,interaction C1,True,confirmatory,0.0255444250,0.0134448053,0.0379526095,0.0084135702,0.0434065907,0.0009995002,hypothesised,True,False,False,confirmed,0.0200000000,
A1c_common_cells_findings,frozen_impression_primary_0.80,14766,132923,14766,2944,0.1993769470,0.0565623730,0.8496168582,132923,22949,0.1726488268,0.0492555841,0.8797348485,primary-cohort rotation,pathology_macro,H2,M4,,interaction C2,False,not_registered,-0.0279293998,-0.0427377815,-0.0141460539,-0.0467119729,-0.0102596842,0.0009995002,opposite,False,False,False,opposite_direction_material,0.0200000000,
A1c_common_cells_findings,frozen_impression_primary_0.80,14766,132923,14766,2944,0.1993769470,0.0565623730,0.8496168582,132923,22949,0.1726488268,0.0492555841,0.8797348485,primary-cohort rotation,pathology_macro,H3,M3,,transfer gap M3 - transfer gap M1,False,not_registered,-0.0399601978,-0.0540312725,-0.0248267488,-0.0582185168,-0.0197156661,0.0009995002,opposite,,,,opposite_direction_not_material,,opposite_direction_material
A1c_common_cells_findings,frozen_impression_primary_0.80,14766,132923,14766,2944,0.1993769470,0.0565623730,0.8496168582,132923,22949,0.1726488268,0.0492555841,0.8797348485,primary-cohort rotation,pathology_macro,H3,M4,,transfer gap M4 - transfer gap M1,False,not_registered,-0.0752513716,-0.0909269485,-0.0587296533,-0.0967781218,-0.0526909498,0.0009995002,opposite,,,,opposite_direction_not_material,,opposite_direction_material
A1c_common_cells_findings,frozen_impression_primary_0.80,14766,132923,14766,2944,0.1993769470,0.0565623730,0.8496168582,132923,22949,0.1726488268,0.0492555841,0.8797348485,primary-cohort rotation,pathology_macro,H4,M3,source,C2 - C1,True,secondary,0.0952190240,0.0800965508,0.1099455260,0.0760526026,0.1155041083,0.0009995002,hypothesised,,,,confirmed,,
A1c_common_cells_findings,frozen_impression_primary_0.80,14766,132923,14766,2944,0.1993769470,0.0565623730,0.8496168582,132923,22949,0.1726488268,0.0492555841,0.8797348485,primary-cohort rotation,pathology_macro,H4,M4,source,C2 - C1,True,secondary,0.0330171037,0.0188935519,0.0461953487,0.0137980822,0.0503624047,0.0009995002,hypothesised,,,,confirmed,,
A1c_common_cells_findings,frozen_impression_primary_0.80,14766,132923,14766,2944,0.1993769470,0.0565623730,0.8496168582,132923,22949,0.1726488268,0.0492555841,0.8797348485,primary-cohort rotation,pathology_macro,H4,M3,external,C2 - C1,True,secondary,0.0064159595,0.0003118517,0.0123694760,-0.0015774303,0.0141894978,0.0399800100,hypothesised,,,,confirmed,,
A1c_common_cells_findings,frozen_impression_primary_0.80,14766,132923,14766,2944,0.1993769470,0.0565623730,0.8496168582,132923,22949,0.1726488268,0.0492555841,0.8797348485,primary-cohort rotation,pathology_macro,H4,M4,external,C2 - C1,True,secondary,-0.0204567211,-0.0252645100,-0.0154395109,-0.0265821753,-0.0138871176,0.0009995002,opposite,,,,opposite_direction_not_material,,
A2x_cohort_only,frozen_impression_primary_0.80,9293,132923,9293,3396,0.3654363499,0.1119121920,0.8203846154,132923,108102,0.8132678318,0.2884722734,0.6995091877,findings-cohort rotation,original,H1,M1,,external C0 - source C0,False,not_registered,0.0984481778,0.0920568701,0.1049811921,0.0894926586,0.1077100859,0.0009995002,hypothesised,True,True,False,confirmed,0.0200000000,
A2x_cohort_only,frozen_impression_primary_0.80,9293,132923,9293,3396,0.3654363499,0.1119121920,0.8203846154,132923,108102,0.8132678318,0.2884722734,0.6995091877,findings-cohort rotation,original,H1,M2,,external C0 - source C0,False,not_registered,0.1445420682,0.1380126407,0.1507977441,0.1353320312,0.1532401873,0.0009995002,hypothesised,True,True,False,confirmed,0.0200000000,
A2x_cohort_only,frozen_impression_primary_0.80,9293,132923,9293,3396,0.3654363499,0.1119121920,0.8203846154,132923,108102,0.8132678318,0.2884722734,0.6995091877,findings-cohort rotation,original,H1,M3,,external C0 - source C0,True,confirmatory,0.0808561438,0.0740785483,0.0875955492,0.0725380141,0.0892991474,0.0009995002,hypothesised,True,True,False,confirmed,0.0200000000,
A2x_cohort_only,frozen_impression_primary_0.80,9293,132923,9293,3396,0.3654363499,0.1119121920,0.8203846154,132923,108102,0.8132678318,0.2884722734,0.6995091877,findings-cohort rotation,original,H1,M4,,external C0 - source C0,True,confirmatory,0.0664179294,0.0614195193,0.0713520611,0.0593638504,0.0729660796,0.0009995002,hypothesised,True,True,False,confirmed,0.0200000000,
A2x_cohort_only,frozen_impression_primary_0.80,9293,132923,9293,3396,0.3654363499,0.1119121920,0.8203846154,132923,108102,0.8132678318,0.2884722734,0.6995091877,findings-cohort rotation,original,H2,M3,,interaction C1,True,confirmatory,-0.0010755386,-0.0067702705,0.0048513520,-0.0082071779,0.0065056578,0.7466266867,spans_zero,False,False,True,inconclusive,0.0200000000,
A2x_cohort_only,frozen_impression_primary_0.80,9293,132923,9293,3396,0.3654363499,0.1119121920,0.8203846154,132923,108102,0.8132678318,0.2884722734,0.6995091877,findings-cohort rotation,original,H2,M3,,interaction C2,False,not_registered,-0.0110515468,-0.0180847705,-0.0042089319,-0.0203350241,-0.0015508440,0.0029985007,opposite,False,False,True,opposite_direction_not_material,0.0200000000,
A2x_cohort_only,frozen_impression_primary_0.80,9293,132923,9293,3396,0.3654363499,0.1119121920,0.8203846154,132923,108102,0.8132678318,0.2884722734,0.6995091877,findings-cohort rotation,original,H2,M4,,interaction C1,True,confirmatory,0.0074379569,0.0023559105,0.0125744002,0.0009373182,0.0143707699,0.0039980010,hypothesised,False,False,True,same_direction_not_material,0.0200000000,
A2x_cohort_only,frozen_impression_primary_0.80,9293,132923,9293,3396,0.3654363499,0.1119121920,0.8203846154,132923,108102,0.8132678318,0.2884722734,0.6995091877,findings-cohort rotation,original,H2,M4,,interaction C2,False,not_registered,-0.0068685840,-0.0119403468,-0.0015034453,-0.0142935575,0.0000672376,0.0099950025,opposite,False,False,True,opposite_direction_not_material,0.0200000000,
A2x_cohort_only,frozen_impression_primary_0.80,9293,132923,9293,3396,0.3654363499,0.1119121920,0.8203846154,132923,108102,0.8132678318,0.2884722734,0.6995091877,findings-cohort rotation,original,H3,M3,,transfer gap M3 - transfer gap M1,False,not_registered,-0.0175920340,-0.0238269602,-0.0114538459,-0.0256606363,-0.0096241958,0.0009995002,opposite,,,,opposite_direction_not_material,,opposite_direction_not_material
A2x_cohort_only,frozen_impression_primary_0.80,9293,132923,9293,3396,0.3654363499,0.1119121920,0.8203846154,132923,108102,0.8132678318,0.2884722734,0.6995091877,findings-cohort rotation,original,H3,M4,,transfer gap M4 - transfer gap M1,False,not_registered,-0.0320302484,-0.0388265479,-0.0256220218,-0.0412141428,-0.0231156964,0.0009995002,opposite,,,,opposite_direction_not_material,,opposite_direction_material
A2x_cohort_only,frozen_impression_primary_0.80,9293,132923,9293,3396,0.3654363499,0.1119121920,0.8203846154,132923,108102,0.8132678318,0.2884722734,0.6995091877,findings-cohort rotation,original,H4,M3,source,C2 - C1,True,secondary,0.0331094762,0.0272788110,0.0389235935,0.0253334489,0.0412186241,0.0009995002,hypothesised,,,,confirmed,,
A2x_cohort_only,frozen_impression_primary_0.80,9293,132923,9293,3396,0.3654363499,0.1119121920,0.8203846154,132923,108102,0.8132678318,0.2884722734,0.6995091877,findings-cohort rotation,original,H4,M4,source,C2 - C1,True,secondary,0.0083137347,0.0035449077,0.0133051878,0.0018045010,0.0152751940,0.0009995002,hypothesised,,,,confirmed,,
A2x_cohort_only,frozen_impression_primary_0.80,9293,132923,9293,3396,0.3654363499,0.1119121920,0.8203846154,132923,108102,0.8132678318,0.2884722734,0.6995091877,findings-cohort rotation,original,H4,M3,external,C2 - C1,True,secondary,0.0231334680,0.0211415162,0.0249913512,0.0205523039,0.0254977689,0.0009995002,hypothesised,,,,confirmed,,
A2x_cohort_only,frozen_impression_primary_0.80,9293,132923,9293,3396,0.3654363499,0.1119121920,0.8203846154,132923,108102,0.8132678318,0.2884722734,0.6995091877,findings-cohort rotation,original,H4,M4,external,C2 - C1,True,secondary,-0.0059928062,-0.0079593530,-0.0040763269,-0.0083972895,-0.0033953605,0.0009995002,opposite,,,,opposite_direction_not_material,,
A2x_cohort_only,frozen_impression_primary_0.80,9293,132923,9293,3396,0.3654363499,0.1119121920,0.8203846154,132923,108102,0.8132678318,0.2884722734,0.6995091877,findings-cohort rotation,evaluable_study,H1,M1,,external C0 - source C0,False,not_registered,-0.0142317840,-0.0312932648,0.0031357716,-0.0370399198,0.0092126669,0.1109445277,spans_zero,False,False,False,inconclusive,0.0200000000,
A2x_cohort_only,frozen_impression_primary_0.80,9293,132923,9293,3396,0.3654363499,0.1119121920,0.8203846154,132923,108102,0.8132678318,0.2884722734,0.6995091877,findings-cohort rotation,evaluable_study,H1,M2,,external C0 - source C0,False,not_registered,0.0448404875,0.0292910669,0.0603316800,0.0240592916,0.0646820960,0.0009995002,hypothesised,True,True,False,confirmed,0.0200000000,
A2x_cohort_only,frozen_impression_primary_0.80,9293,132923,9293,3396,0.3654363499,0.1119121920,0.8203846154,132923,108102,0.8132678318,0.2884722734,0.6995091877,findings-cohort rotation,evaluable_study,H1,M3,,external C0 - source C0,True,confirmatory,0.0011514187,-0.0141179009,0.0158671283,-0.0195979064,0.0209668667,0.8585707146,spans_zero,False,False,True,inconclusive,0.0200000000,
A2x_cohort_only,frozen_impression_primary_0.80,9293,132923,9293,3396,0.3654363499,0.1119121920,0.8203846154,132923,108102,0.8132678318,0.2884722734,0.6995091877,findings-cohort rotation,evaluable_study,H1,M4,,external C0 - source C0,True,confirmatory,0.0125503294,-0.0004189320,0.0244261589,-0.0038006537,0.0281451677,0.0549725137,spans_zero,False,False,False,inconclusive,0.0200000000,
A2x_cohort_only,frozen_impression_primary_0.80,9293,132923,9293,3396,0.3654363499,0.1119121920,0.8203846154,132923,108102,0.8132678318,0.2884722734,0.6995091877,findings-cohort rotation,evaluable_study,H2,M3,,interaction C1,True,confirmatory,0.0039226879,-0.0087816062,0.0173828531,-0.0122806063,0.0218688313,0.5117441279,spans_zero,False,False,True,inconclusive,0.0200000000,
A2x_cohort_only,frozen_impression_primary_0.80,9293,132923,9293,3396,0.3654363499,0.1119121920,0.8203846154,132923,108102,0.8132678318,0.2884722734,0.6995091877,findings-cohort rotation,evaluable_study,H2,M3,,interaction C2,False,not_registered,-0.0374994822,-0.0527673916,-0.0222762798,-0.0582431540,-0.0172176967,0.0009995002,opposite,False,False,False,opposite_direction_material,0.0200000000,
A2x_cohort_only,frozen_impression_primary_0.80,9293,132923,9293,3396,0.3654363499,0.1119121920,0.8203846154,132923,108102,0.8132678318,0.2884722734,0.6995091877,findings-cohort rotation,evaluable_study,H2,M4,,interaction C1,True,confirmatory,0.0025254583,-0.0101766721,0.0157062386,-0.0139287835,0.0197579144,0.6796601699,spans_zero,False,False,True,inconclusive,0.0200000000,
A2x_cohort_only,frozen_impression_primary_0.80,9293,132923,9293,3396,0.3654363499,0.1119121920,0.8203846154,132923,108102,0.8132678318,0.2884722734,0.6995091877,findings-cohort rotation,evaluable_study,H2,M4,,interaction C2,False,not_registered,-0.0215021424,-0.0343702934,-0.0075389544,-0.0397240753,-0.0034494254,0.0019990005,opposite,False,False,False,opposite_direction_material,0.0200000000,
A2x_cohort_only,frozen_impression_primary_0.80,9293,132923,9293,3396,0.3654363499,0.1119121920,0.8203846154,132923,108102,0.8132678318,0.2884722734,0.6995091877,findings-cohort rotation,evaluable_study,H3,M3,,transfer gap M3 - transfer gap M1,False,not_registered,0.0153832027,0.0004386087,0.0294038874,-0.0043644037,0.0340243285,0.0489755122,hypothesised,,,,confirmed,,same_direction_not_material
A2x_cohort_only,frozen_impression_primary_0.80,9293,132923,9293,3396,0.3654363499,0.1119121920,0.8203846154,132923,108102,0.8132678318,0.2884722734,0.6995091877,findings-cohort rotation,evaluable_study,H3,M4,,transfer gap M4 - transfer gap M1,False,not_registered,0.0267821134,0.0090077585,0.0433646500,0.0041183653,0.0511846447,0.0029985007,hypothesised,,,,confirmed,,confirmed
A2x_cohort_only,frozen_impression_primary_0.80,9293,132923,9293,3396,0.3654363499,0.1119121920,0.8203846154,132923,108102,0.8132678318,0.2884722734,0.6995091877,findings-cohort rotation,evaluable_study,H4,M3,source,C2 - C1,True,secondary,0.0677220247,0.0537934310,0.0816919899,0.0490421061,0.0858391018,0.0009995002,hypothesised,,,,confirmed,,
A2x_cohort_only,frozen_impression_primary_0.80,9293,132923,9293,3396,0.3654363499,0.1119121920,0.8203846154,132923,108102,0.8132678318,0.2884722734,0.6995091877,findings-cohort rotation,evaluable_study,H4,M4,source,C2 - C1,True,secondary,0.0162940650,0.0033860370,0.0297708086,-0.0007339554,0.0357335180,0.0159920040,hypothesised,,,,confirmed,,
A2x_cohort_only,frozen_impression_primary_0.80,9293,132923,9293,3396,0.3654363499,0.1119121920,0.8203846154,132923,108102,0.8132678318,0.2884722734,0.6995091877,findings-cohort rotation,evaluable_study,H4,M3,external,C2 - C1,True,secondary,0.0262998546,0.0239745015,0.0285531052,0.0232144519,0.0291091966,0.0009995002,hypothesised,,,,confirmed,,
A2x_cohort_only,frozen_impression_primary_0.80,9293,132923,9293,3396,0.3654363499,0.1119121920,0.8203846154,132923,108102,0.8132678318,0.2884722734,0.6995091877,findings-cohort rotation,evaluable_study,H4,M4,external,C2 - C1,True,secondary,-0.0077335358,-0.0100939804,-0.0054390336,-0.0105920658,-0.0046120516,0.0009995002,opposite,,,,opposite_direction_not_material,,
A2x_cohort_only,frozen_impression_primary_0.80,9293,132923,9293,3396,0.3654363499,0.1119121920,0.8203846154,132923,108102,0.8132678318,0.2884722734,0.6995091877,findings-cohort rotation,cell_micro,H1,M1,,external C0 - source C0,False,not_registered,-0.0061574461,-0.0212815428,0.0096958153,-0.0273827211,0.0153821767,0.4437781109,spans_zero,False,False,False,inconclusive,0.0200000000,
A2x_cohort_only,frozen_impression_primary_0.80,9293,132923,9293,3396,0.3654363499,0.1119121920,0.8203846154,132923,108102,0.8132678318,0.2884722734,0.6995091877,findings-cohort rotation,cell_micro,H1,M2,,external C0 - source C0,False,not_registered,0.0763102280,0.0614222984,0.0907353509,0.0576818057,0.0956549087,0.0009995002,hypothesised,True,True,False,confirmed,0.0200000000,
A2x_cohort_only,frozen_impression_primary_0.80,9293,132923,9293,3396,0.3654363499,0.1119121920,0.8203846154,132923,108102,0.8132678318,0.2884722734,0.6995091877,findings-cohort rotation,cell_micro,H1,M3,,external C0 - source C0,True,confirmatory,0.0138813177,-0.0002092841,0.0271117927,-0.0048296314,0.0310180903,0.0539730135,spans_zero,False,False,False,inconclusive,0.0200000000,
A2x_cohort_only,frozen_impression_primary_0.80,9293,132923,9293,3396,0.3654363499,0.1119121920,0.8203846154,132923,108102,0.8132678318,0.2884722734,0.6995091877,findings-cohort rotation,cell_micro,H1,M4,,external C0 - source C0,True,confirmatory,0.0250998455,0.0132221503,0.0362181654,0.0093270498,0.0393802110,0.0009995002,hypothesised,True,False,False,confirmed,0.0200000000,
A2x_cohort_only,frozen_impression_primary_0.80,9293,132923,9293,3396,0.3654363499,0.1119121920,0.8203846154,132923,108102,0.8132678318,0.2884722734,0.6995091877,findings-cohort rotation,cell_micro,H2,M3,,interaction C1,True,confirmatory,0.0003733704,-0.0103680622,0.0126416762,-0.0142313003,0.0164523200,0.9105447276,spans_zero,False,False,True,inconclusive,0.0200000000,
A2x_cohort_only,frozen_impression_primary_0.80,9293,132923,9293,3396,0.3654363499,0.1119121920,0.8203846154,132923,108102,0.8132678318,0.2884722734,0.6995091877,findings-cohort rotation,cell_micro,H2,M3,,interaction C2,False,not_registered,-0.0428201427,-0.0568072256,-0.0288050132,-0.0611675107,-0.0245367106,0.0009995002,opposite,False,False,False,opposite_direction_material,0.0200000000,
A2x_cohort_only,frozen_impression_primary_0.80,9293,132923,9293,3396,0.3654363499,0.1119121920,0.8203846154,132923,108102,0.8132678318,0.2884722734,0.6995091877,findings-cohort rotation,cell_micro,H2,M4,,interaction C1,True,confirmatory,-0.0113333566,-0.0226685756,0.0004230253,-0.0255092683,0.0046936738,0.0629685157,spans_zero,False,False,False,inconclusive,0.0200000000,
A2x_cohort_only,frozen_impression_primary_0.80,9293,132923,9293,3396,0.3654363499,0.1119121920,0.8203846154,132923,108102,0.8132678318,0.2884722734,0.6995091877,findings-cohort rotation,cell_micro,H2,M4,,interaction C2,False,not_registered,-0.0167457302,-0.0281078959,-0.0049974956,-0.0316225004,-0.0006782760,0.0079960020,opposite,False,False,False,opposite_direction_not_material,0.0200000000,
A2x_cohort_only,frozen_impression_primary_0.80,9293,132923,9293,3396,0.3654363499,0.1119121920,0.8203846154,132923,108102,0.8132678318,0.2884722734,0.6995091877,findings-cohort rotation,cell_micro,H3,M3,,transfer gap M3 - transfer gap M1,False,not_registered,0.0200387638,0.0055095533,0.0330952713,0.0020694507,0.0369541559,0.0049975012,hypothesised,,,,confirmed,,confirmed
A2x_cohort_only,frozen_impression_primary_0.80,9293,132923,9293,3396,0.3654363499,0.1119121920,0.8203846154,132923,108102,0.8132678318,0.2884722734,0.6995091877,findings-cohort rotation,cell_micro,H3,M4,,transfer gap M4 - transfer gap M1,False,not_registered,0.0312572916,0.0157880309,0.0460356466,0.0112895457,0.0517641982,0.0009995002,hypothesised,,,,confirmed,,confirmed
A2x_cohort_only,frozen_impression_primary_0.80,9293,132923,9293,3396,0.3654363499,0.1119121920,0.8203846154,132923,108102,0.8132678318,0.2884722734,0.6995091877,findings-cohort rotation,cell_micro,H4,M3,source,C2 - C1,True,secondary,0.0725717096,0.0603288444,0.0846710740,0.0561555760,0.0891544013,0.0009995002,hypothesised,,,,confirmed,,
A2x_cohort_only,frozen_impression_primary_0.80,9293,132923,9293,3396,0.3654363499,0.1119121920,0.8203846154,132923,108102,0.8132678318,0.2884722734,0.6995091877,findings-cohort rotation,cell_micro,H4,M4,source,C2 - C1,True,secondary,0.0101179381,-0.0015080795,0.0218868564,-0.0046926177,0.0272625181,0.0919540230,spans_zero,,,,inconclusive,,
A2x_cohort_only,frozen_impression_primary_0.80,9293,132923,9293,3396,0.3654363499,0.1119121920,0.8203846154,132923,108102,0.8132678318,0.2884722734,0.6995091877,findings-cohort rotation,cell_micro,H4,M3,external,C2 - C1,True,secondary,0.0293781965,0.0273151536,0.0313934273,0.0266073304,0.0320469247,0.0009995002,hypothesised,,,,confirmed,,
A2x_cohort_only,frozen_impression_primary_0.80,9293,132923,9293,3396,0.3654363499,0.1119121920,0.8203846154,132923,108102,0.8132678318,0.2884722734,0.6995091877,findings-cohort rotation,cell_micro,H4,M4,external,C2 - C1,True,secondary,0.0047055646,0.0024658231,0.0068362847,0.0019409687,0.0076240659,0.0009995002,hypothesised,,,,confirmed,,
A2x_cohort_only,frozen_impression_primary_0.80,9293,132923,9293,3396,0.3654363499,0.1119121920,0.8203846154,132923,108102,0.8132678318,0.2884722734,0.6995091877,findings-cohort rotation,pathology_macro,H1,M1,,external C0 - source C0,False,not_registered,0.0402758013,0.0263398618,0.0553244031,0.0199603568,0.0601696039,0.0009995002,hypothesised,True,True,False,confirmed,0.0200000000,
A2x_cohort_only,frozen_impression_primary_0.80,9293,132923,9293,3396,0.3654363499,0.1119121920,0.8203846154,132923,108102,0.8132678318,0.2884722734,0.6995091877,findings-cohort rotation,pathology_macro,H1,M2,,external C0 - source C0,False,not_registered,0.0967466424,0.0812847765,0.1113625644,0.0771351694,0.1161795549,0.0009995002,hypothesised,True,True,False,confirmed,0.0200000000,
A2x_cohort_only,frozen_impression_primary_0.80,9293,132923,9293,3396,0.3654363499,0.1119121920,0.8203846154,132923,108102,0.8132678318,0.2884722734,0.6995091877,findings-cohort rotation,pathology_macro,H1,M3,,external C0 - source C0,True,confirmatory,0.0418847190,0.0281988467,0.0546712532,0.0242188325,0.0590542575,0.0009995002,hypothesised,True,True,False,confirmed,0.0200000000,
A2x_cohort_only,frozen_impression_primary_0.80,9293,132923,9293,3396,0.3654363499,0.1119121920,0.8203846154,132923,108102,0.8132678318,0.2884722734,0.6995091877,findings-cohort rotation,pathology_macro,H1,M4,,external C0 - source C0,True,confirmatory,0.0263725082,0.0144706455,0.0372713781,0.0102155406,0.0414245020,0.0009995002,hypothesised,True,False,False,confirmed,0.0200000000,
A2x_cohort_only,frozen_impression_primary_0.80,9293,132923,9293,3396,0.3654363499,0.1119121920,0.8203846154,132923,108102,0.8132678318,0.2884722734,0.6995091877,findings-cohort rotation,pathology_macro,H2,M3,,interaction C1,True,confirmatory,0.0025941320,-0.0089660768,0.0149214520,-0.0131413200,0.0191366353,0.6506746627,spans_zero,False,False,True,inconclusive,0.0200000000,
A2x_cohort_only,frozen_impression_primary_0.80,9293,132923,9293,3396,0.3654363499,0.1119121920,0.8203846154,132923,108102,0.8132678318,0.2884722734,0.6995091877,findings-cohort rotation,pathology_macro,H2,M3,,interaction C2,False,not_registered,-0.0430292271,-0.0580539338,-0.0284277823,-0.0626400887,-0.0240816263,0.0009995002,opposite,False,False,False,opposite_direction_material,0.0200000000,
A2x_cohort_only,frozen_impression_primary_0.80,9293,132923,9293,3396,0.3654363499,0.1119121920,0.8203846154,132923,108102,0.8132678318,0.2884722734,0.6995091877,findings-cohort rotation,pathology_macro,H2,M4,,interaction C1,True,confirmatory,-0.0157299471,-0.0266897148,-0.0038732872,-0.0294757109,-0.0008264832,0.0049975012,opposite,False,False,False,opposite_direction_not_material,0.0200000000,
A2x_cohort_only,frozen_impression_primary_0.80,9293,132923,9293,3396,0.3654363499,0.1119121920,0.8203846154,132923,108102,0.8132678318,0.2884722734,0.6995091877,findings-cohort rotation,pathology_macro,H2,M4,,interaction C2,False,not_registered,-0.0195732193,-0.0313433729,-0.0074293361,-0.0354465826,-0.0028538159,0.0039980010,opposite,False,False,False,opposite_direction_not_material,0.0200000000,
A2x_cohort_only,frozen_impression_primary_0.80,9293,132923,9293,3396,0.3654363499,0.1119121920,0.8203846154,132923,108102,0.8132678318,0.2884722734,0.6995091877,findings-cohort rotation,pathology_macro,H3,M3,,transfer gap M3 - transfer gap M1,False,not_registered,0.0016089177,-0.0118685893,0.0142287060,-0.0157944789,0.0186050879,0.8105947026,spans_zero,,,,inconclusive,,inconclusive
A2x_cohort_only,frozen_impression_primary_0.80,9293,132923,9293,3396,0.3654363499,0.1119121920,0.8203846154,132923,108102,0.8132678318,0.2884722734,0.6995091877,findings-cohort rotation,pathology_macro,H3,M4,,transfer gap M4 - transfer gap M1,False,not_registered,-0.0139032931,-0.0276251243,-0.0000570543,-0.0313036172,0.0037664623,0.0509745127,opposite,,,,opposite_direction_not_material,,opposite_direction_not_material
A2x_cohort_only,frozen_impression_primary_0.80,9293,132923,9293,3396,0.3654363499,0.1119121920,0.8203846154,132923,108102,0.8132678318,0.2884722734,0.6995091877,findings-cohort rotation,pathology_macro,H4,M3,source,C2 - C1,True,secondary,0.0704205459,0.0571630454,0.0831515862,0.0542778938,0.0878384454,0.0009995002,hypothesised,,,,confirmed,,
A2x_cohort_only,frozen_impression_primary_0.80,9293,132923,9293,3396,0.3654363499,0.1119121920,0.8203846154,132923,108102,0.8132678318,0.2884722734,0.6995091877,findings-cohort rotation,pathology_macro,H4,M4,source,C2 - C1,True,secondary,0.0167202148,0.0054158113,0.0284703185,0.0014734631,0.0327703367,0.0029985007,hypothesised,,,,confirmed,,
A2x_cohort_only,frozen_impression_primary_0.80,9293,132923,9293,3396,0.3654363499,0.1119121920,0.8203846154,132923,108102,0.8132678318,0.2884722734,0.6995091877,findings-cohort rotation,pathology_macro,H4,M3,external,C2 - C1,True,secondary,0.0247971868,0.0224120726,0.0271178213,0.0216013931,0.0280235288,0.0009995002,hypothesised,,,,confirmed,,
A2x_cohort_only,frozen_impression_primary_0.80,9293,132923,9293,3396,0.3654363499,0.1119121920,0.8203846154,132923,108102,0.8132678318,0.2884722734,0.6995091877,findings-cohort rotation,pathology_macro,H4,M4,external,C2 - C1,True,secondary,0.0128769426,0.0107142419,0.0149929221,0.0099618405,0.0157648655,0.0009995002,hypothesised,,,,confirmed,,
A2_cohort_and_labels,frozen_impression_primary_0.80,9293,132923,9293,8740,0.9404928441,0.4456042182,0.3325283748,132923,32306,0.2430429647,0.0914424140,0.6851778721,findings-cohort rotation,original,H1,M1,,external C0 - source C0,False,not_registered,-0.0750908778,-0.0816161906,-0.0683080474,-0.0844136268,-0.0661024297,0.0009995002,opposite,False,False,False,opposite_direction_material,0.0200000000,
A2_cohort_and_labels,frozen_impression_primary_0.80,9293,132923,9293,8740,0.9404928441,0.4456042182,0.3325283748,132923,32306,0.2430429647,0.0914424140,0.6851778721,findings-cohort rotation,original,H1,M2,,external C0 - source C0,False,not_registered,-0.4086214238,-0.4191496851,-0.3983405220,-0.4216572411,-0.3938502371,0.0009995002,opposite,False,False,False,opposite_direction_material,0.0200000000,
A2_cohort_and_labels,frozen_impression_primary_0.80,9293,132923,9293,8740,0.9404928441,0.4456042182,0.3325283748,132923,32306,0.2430429647,0.0914424140,0.6851778721,findings-cohort rotation,original,H1,M3,,external C0 - source C0,True,confirmatory,-0.1358595182,-0.1434531537,-0.1280336302,-0.1454952037,-0.1259850401,0.0009995002,opposite,False,False,False,opposite_direction_material,0.0200000000,
A2_cohort_and_labels,frozen_impression_primary_0.80,9293,132923,9293,8740,0.9404928441,0.4456042182,0.3325283748,132923,32306,0.2430429647,0.0914424140,0.6851778721,findings-cohort rotation,original,H1,M4,,external C0 - source C0,True,confirmatory,-0.1609919055,-0.1682412007,-0.1534541580,-0.1711234171,-0.1515106543,0.0009995002,opposite,False,False,False,opposite_direction_material,0.0200000000,
A2_cohort_and_labels,frozen_impression_primary_0.80,9293,132923,9293,8740,0.9404928441,0.4456042182,0.3325283748,132923,32306,0.2430429647,0.0914424140,0.6851778721,findings-cohort rotation,original,H2,M3,,interaction C1,True,confirmatory,0.0309522908,0.0250175118,0.0368993896,0.0233009557,0.0388855540,0.0009995002,hypothesised,True,True,False,confirmed,0.0200000000,
A2_cohort_and_labels,frozen_impression_primary_0.80,9293,132923,9293,8740,0.9404928441,0.4456042182,0.3325283748,132923,32306,0.2430429647,0.0914424140,0.6851778721,findings-cohort rotation,original,H2,M3,,interaction C2,False,not_registered,-0.0137017795,-0.0204361060,-0.0069235616,-0.0233746345,-0.0046488947,0.0009995002,opposite,False,False,False,opposite_direction_not_material,0.0200000000,
A2_cohort_and_labels,frozen_impression_primary_0.80,9293,132923,9293,8740,0.9404928441,0.4456042182,0.3325283748,132923,32306,0.2430429647,0.0914424140,0.6851778721,findings-cohort rotation,original,H2,M4,,interaction C1,True,confirmatory,0.0946660773,0.0869519083,0.1022560350,0.0846040833,0.1049049188,0.0009995002,hypothesised,True,True,False,confirmed,0.0200000000,
A2_cohort_and_labels,frozen_impression_primary_0.80,9293,132923,9293,8740,0.9404928441,0.4456042182,0.3325283748,132923,32306,0.2430429647,0.0914424140,0.6851778721,findings-cohort rotation,original,H2,M4,,interaction C2,False,not_registered,0.0093583820,0.0022973367,0.0169105745,-0.0004210367,0.0187649335,0.0119940030,hypothesised,False,False,True,same_direction_not_material,0.0200000000,
A2_cohort_and_labels,frozen_impression_primary_0.80,9293,132923,9293,8740,0.9404928441,0.4456042182,0.3325283748,132923,32306,0.2430429647,0.0914424140,0.6851778721,findings-cohort rotation,original,H3,M3,,transfer gap M3 - transfer gap M1,False,not_registered,-0.0607686404,-0.0674826760,-0.0536500358,-0.0708215074,-0.0514693507,0.0009995002,opposite,,,,opposite_direction_not_material,,opposite_direction_material
A2_cohort_and_labels,frozen_impression_primary_0.80,9293,132923,9293,8740,0.9404928441,0.4456042182,0.3325283748,132923,32306,0.2430429647,0.0914424140,0.6851778721,findings-cohort rotation,original,H3,M4,,transfer gap M4 - transfer gap M1,False,not_registered,-0.0859010278,-0.0938543726,-0.0779706066,-0.0970257172,-0.0749944737,0.0009995002,opposite,,,,opposite_direction_not_material,,opposite_direction_material
A2_cohort_and_labels,frozen_impression_primary_0.80,9293,132923,9293,8740,0.9404928441,0.4456042182,0.3325283748,132923,32306,0.2430429647,0.0914424140,0.6851778721,findings-cohort rotation,original,H4,M3,source,C2 - C1,True,secondary,0.0503440877,0.0441375178,0.0565998317,0.0421168695,0.0584965141,0.0009995002,hypothesised,,,,confirmed,,
A2_cohort_and_labels,frozen_impression_primary_0.80,9293,132923,9293,8740,0.9404928441,0.4456042182,0.3325283748,132923,32306,0.2430429647,0.0914424140,0.6851778721,findings-cohort rotation,original,H4,M4,source,C2 - C1,True,secondary,0.0846684802,0.0780794933,0.0913653547,0.0751648274,0.0936663462,0.0009995002,hypothesised,,,,confirmed,,
A2_cohort_and_labels,frozen_impression_primary_0.80,9293,132923,9293,8740,0.9404928441,0.4456042182,0.3325283748,132923,32306,0.2430429647,0.0914424140,0.6851778721,findings-cohort rotation,original,H4,M3,external,C2 - C1,True,secondary,0.0056900174,0.0045691336,0.0067789139,0.0042266083,0.0071404983,0.0009995002,hypothesised,,,,confirmed,,
A2_cohort_and_labels,frozen_impression_primary_0.80,9293,132923,9293,8740,0.9404928441,0.4456042182,0.3325283748,132923,32306,0.2430429647,0.0914424140,0.6851778721,findings-cohort rotation,original,H4,M4,external,C2 - C1,True,secondary,-0.0006392151,-0.0017906517,0.0005173305,-0.0020665983,0.0009461199,0.2808595702,spans_zero,,,,inconclusive,,
A2_cohort_and_labels,frozen_impression_primary_0.80,9293,132923,9293,8740,0.9404928441,0.4456042182,0.3325283748,132923,32306,0.2430429647,0.0914424140,0.6851778721,findings-cohort rotation,evaluable_study,H1,M1,,external C0 - source C0,False,not_registered,0.0995739221,0.0905960777,0.1081062912,0.0879172019,0.1105501140,0.0009995002,hypothesised,True,True,False,confirmed,0.0200000000,
A2_cohort_and_labels,frozen_impression_primary_0.80,9293,132923,9293,8740,0.9404928441,0.4456042182,0.3325283748,132923,32306,0.2430429647,0.0914424140,0.6851778721,findings-cohort rotation,evaluable_study,H1,M2,,external C0 - source C0,False,not_registered,-0.2125966908,-0.2248527657,-0.2004779835,-0.2288371320,-0.1971747276,0.0009995002,opposite,False,False,False,opposite_direction_material,0.0200000000,
A2_cohort_and_labels,frozen_impression_primary_0.80,9293,132923,9293,8740,0.9404928441,0.4456042182,0.3325283748,132923,32306,0.2430429647,0.0914424140,0.6851778721,findings-cohort rotation,evaluable_study,H1,M3,,external C0 - source C0,True,confirmatory,0.0090115341,-0.0001754194,0.0187588251,-0.0025020525,0.0221053279,0.0649675162,spans_zero,False,False,True,inconclusive,0.0200000000,
A2_cohort_and_labels,frozen_impression_primary_0.80,9293,132923,9293,8740,0.9404928441,0.4456042182,0.3325283748,132923,32306,0.2430429647,0.0914424140,0.6851778721,findings-cohort rotation,evaluable_study,H1,M4,,external C0 - source C0,True,confirmatory,-0.0388665479,-0.0478001133,-0.0299057426,-0.0510814485,-0.0273025628,0.0009995002,opposite,False,False,False,opposite_direction_material,0.0200000000,
A2_cohort_and_labels,frozen_impression_primary_0.80,9293,132923,9293,8740,0.9404928441,0.4456042182,0.3325283748,132923,32306,0.2430429647,0.0914424140,0.6851778721,findings-cohort rotation,evaluable_study,H2,M3,,interaction C1,True,confirmatory,0.0347946081,0.0274147628,0.0418695620,0.0249774060,0.0444826244,0.0009995002,hypothesised,True,True,False,confirmed,0.0200000000,
A2_cohort_and_labels,frozen_impression_primary_0.80,9293,132923,9293,8740,0.9404928441,0.4456042182,0.3325283748,132923,32306,0.2430429647,0.0914424140,0.6851778721,findings-cohort rotation,evaluable_study,H2,M3,,interaction C2,False,not_registered,-0.0013143519,-0.0098193967,0.0068672109,-0.0127343822,0.0100558121,0.7386306847,spans_zero,False,False,True,inconclusive,0.0200000000,
A2_cohort_and_labels,frozen_impression_primary_0.80,9293,132923,9293,8740,0.9404928441,0.4456042182,0.3325283748,132923,32306,0.2430429647,0.0914424140,0.6851778721,findings-cohort rotation,evaluable_study,H2,M4,,interaction C1,True,confirmatory,0.1075332271,0.0983956938,0.1166760847,0.0953031905,0.1196052215,0.0009995002,hypothesised,True,True,False,confirmed,0.0200000000,
A2_cohort_and_labels,frozen_impression_primary_0.80,9293,132923,9293,8740,0.9404928441,0.4456042182,0.3325283748,132923,32306,0.2430429647,0.0914424140,0.6851778721,findings-cohort rotation,evaluable_study,H2,M4,,interaction C2,False,not_registered,0.0128019077,0.0042857685,0.0213850154,0.0015917094,0.0239468921,0.0039980010,hypothesised,False,False,False,same_direction_not_material,0.0200000000,
A2_cohort_and_labels,frozen_impression_primary_0.80,9293,132923,9293,8740,0.9404928441,0.4456042182,0.3325283748,132923,32306,0.2430429647,0.0914424140,0.6851778721,findings-cohort rotation,evaluable_study,H3,M3,,transfer gap M3 - transfer gap M1,False,not_registered,-0.0905623880,-0.0987633382,-0.0813950645,-0.1016631195,-0.0784851342,0.0009995002,opposite,,,,opposite_direction_not_material,,opposite_direction_material
A2_cohort_and_labels,frozen_impression_primary_0.80,9293,132923,9293,8740,0.9404928441,0.4456042182,0.3325283748,132923,32306,0.2430429647,0.0914424140,0.6851778721,findings-cohort rotation,evaluable_study,H3,M4,,transfer gap M4 - transfer gap M1,False,not_registered,-0.1384404700,-0.1485998938,-0.1278282287,-0.1518065590,-0.1241432702,0.0009995002,opposite,,,,opposite_direction_not_material,,opposite_direction_material
A2_cohort_and_labels,frozen_impression_primary_0.80,9293,132923,9293,8740,0.9404928441,0.4456042182,0.3325283748,132923,32306,0.2430429647,0.0914424140,0.6851778721,findings-cohort rotation,evaluable_study,H4,M3,source,C2 - C1,True,secondary,0.0541269842,0.0474353797,0.0607852211,0.0455660236,0.0628300777,0.0009995002,hypothesised,,,,confirmed,,
A2_cohort_and_labels,frozen_impression_primary_0.80,9293,132923,9293,8740,0.9404928441,0.4456042182,0.3325283748,132923,32306,0.2430429647,0.0914424140,0.6851778721,findings-cohort rotation,evaluable_study,H4,M4,source,C2 - C1,True,secondary,0.0907675945,0.0838670793,0.0978098562,0.0811120104,0.1005230947,0.0009995002,hypothesised,,,,confirmed,,
A2_cohort_and_labels,frozen_impression_primary_0.80,9293,132923,9293,8740,0.9404928441,0.4456042182,0.3325283748,132923,32306,0.2430429647,0.0914424140,0.6851778721,findings-cohort rotation,evaluable_study,H4,M3,external,C2 - C1,True,secondary,0.0180180242,0.0139172022,0.0220549794,0.0127491165,0.0231240070,0.0009995002,hypothesised,,,,confirmed,,
A2_cohort_and_labels,frozen_impression_primary_0.80,9293,132923,9293,8740,0.9404928441,0.4456042182,0.3325283748,132923,32306,0.2430429647,0.0914424140,0.6851778721,findings-cohort rotation,evaluable_study,H4,M4,external,C2 - C1,True,secondary,-0.0039637249,-0.0082670619,0.0004788812,-0.0096461416,0.0019179496,0.0829585207,spans_zero,,,,inconclusive,,
A2_cohort_and_labels,frozen_impression_primary_0.80,9293,132923,9293,8740,0.9404928441,0.4456042182,0.3325283748,132923,32306,0.2430429647,0.0914424140,0.6851778721,findings-cohort rotation,cell_micro,H1,M1,,external C0 - source C0,False,not_registered,0.0857086736,0.0773486174,0.0934507718,0.0750732849,0.0961139829,0.0009995002,hypothesised,True,True,False,confirmed,0.0200000000,
A2_cohort_and_labels,frozen_impression_primary_0.80,9293,132923,9293,8740,0.9404928441,0.4456042182,0.3325283748,132923,32306,0.2430429647,0.0914424140,0.6851778721,findings-cohort rotation,cell_micro,H1,M2,,external C0 - source C0,False,not_registered,-0.1840815256,-0.1954860184,-0.1728668843,-0.1984365974,-0.1689121717,0.0009995002,opposite,False,False,False,opposite_direction_material,0.0200000000,
A2_cohort_and_labels,frozen_impression_primary_0.80,9293,132923,9293,8740,0.9404928441,0.4456042182,0.3325283748,132923,32306,0.2430429647,0.0914424140,0.6851778721,findings-cohort rotation,cell_micro,H1,M3,,external C0 - source C0,True,confirmatory,0.0058615391,-0.0025488683,0.0147302313,-0.0048139476,0.0173960593,0.1789105447,spans_zero,False,False,True,inconclusive,0.0200000000,
A2_cohort_and_labels,frozen_impression_primary_0.80,9293,132923,9293,8740,0.9404928441,0.4456042182,0.3325283748,132923,32306,0.2430429647,0.0914424140,0.6851778721,findings-cohort rotation,cell_micro,H1,M4,,external C0 - source C0,True,confirmatory,-0.0312972493,-0.0392601540,-0.0231341241,-0.0421685333,-0.0205587949,0.0009995002,opposite,False,False,False,opposite_direction_material,0.0200000000,
A2_cohort_and_labels,frozen_impression_primary_0.80,9293,132923,9293,8740,0.9404928441,0.4456042182,0.3325283748,132923,32306,0.2430429647,0.0914424140,0.6851778721,findings-cohort rotation,cell_micro,H2,M3,,interaction C1,True,confirmatory,0.0324836532,0.0257917664,0.0391746663,0.0233370202,0.0413754177,0.0009995002,hypothesised,True,True,False,confirmed,0.0200000000,
A2_cohort_and_labels,frozen_impression_primary_0.80,9293,132923,9293,8740,0.9404928441,0.4456042182,0.3325283748,132923,32306,0.2430429647,0.0914424140,0.6851778721,findings-cohort rotation,cell_micro,H2,M3,,interaction C2,False,not_registered,-0.0004791050,-0.0083306266,0.0072081789,-0.0110548324,0.0100245312,0.9205397301,spans_zero,False,False,True,inconclusive,0.0200000000,
A2_cohort_and_labels,frozen_impression_primary_0.80,9293,132923,9293,8740,0.9404928441,0.4456042182,0.3325283748,132923,32306,0.2430429647,0.0914424140,0.6851778721,findings-cohort rotation,cell_micro,H2,M4,,interaction C1,True,confirmatory,0.0975391621,0.0896558539,0.1053801064,0.0866968355,0.1082215327,0.0009995002,hypothesised,True,True,False,confirmed,0.0200000000,
A2_cohort_and_labels,frozen_impression_primary_0.80,9293,132923,9293,8740,0.9404928441,0.4456042182,0.3325283748,132923,32306,0.2430429647,0.0914424140,0.6851778721,findings-cohort rotation,cell_micro,H2,M4,,interaction C2,False,not_registered,0.0112066294,0.0035436358,0.0192149400,0.0009854643,0.0217369153,0.0049975012,hypothesised,False,False,True,same_direction_not_material,0.0200000000,
A2_cohort_and_labels,frozen_impression_primary_0.80,9293,132923,9293,8740,0.9404928441,0.4456042182,0.3325283748,132923,32306,0.2430429647,0.0914424140,0.6851778721,findings-cohort rotation,cell_micro,H3,M3,,transfer gap M3 - transfer gap M1,False,not_registered,-0.0798471345,-0.0873381027,-0.0715753810,-0.0898767986,-0.0688743715,0.0009995002,opposite,,,,opposite_direction_not_material,,opposite_direction_material
A2_cohort_and_labels,frozen_impression_primary_0.80,9293,132923,9293,8740,0.9404928441,0.4456042182,0.3325283748,132923,32306,0.2430429647,0.0914424140,0.6851778721,findings-cohort rotation,cell_micro,H3,M4,,transfer gap M4 - transfer gap M1,False,not_registered,-0.1170059230,-0.1262732477,-0.1077281302,-0.1295502056,-0.1047787379,0.0009995002,opposite,,,,opposite_direction_not_material,,opposite_direction_material
A2_cohort_and_labels,frozen_impression_primary_0.80,9293,132923,9293,8740,0.9404928441,0.4456042182,0.3325283748,132923,32306,0.2430429647,0.0914424140,0.6851778721,findings-cohort rotation,cell_micro,H4,M3,source,C2 - C1,True,secondary,0.0533687509,0.0477065429,0.0594017902,0.0458264285,0.0613550533,0.0009995002,hypothesised,,,,confirmed,,
A2_cohort_and_labels,frozen_impression_primary_0.80,9293,132923,9293,8740,0.9404928441,0.4456042182,0.3325283748,132923,32306,0.2430429647,0.0914424140,0.6851778721,findings-cohort rotation,cell_micro,H4,M4,source,C2 - C1,True,secondary,0.0896644711,0.0832918085,0.0960971151,0.0806573094,0.0985969062,0.0009995002,hypothesised,,,,confirmed,,
A2_cohort_and_labels,frozen_impression_primary_0.80,9293,132923,9293,8740,0.9404928441,0.4456042182,0.3325283748,132923,32306,0.2430429647,0.0914424140,0.6851778721,findings-cohort rotation,cell_micro,H4,M3,external,C2 - C1,True,secondary,0.0204059927,0.0166104469,0.0240967589,0.0156542982,0.0249481794,0.0009995002,hypothesised,,,,confirmed,,
A2_cohort_and_labels,frozen_impression_primary_0.80,9293,132923,9293,8740,0.9404928441,0.4456042182,0.3325283748,132923,32306,0.2430429647,0.0914424140,0.6851778721,findings-cohort rotation,cell_micro,H4,M4,external,C2 - C1,True,secondary,0.0033319384,-0.0006898183,0.0073323494,-0.0018977189,0.0086425346,0.1079460270,spans_zero,,,,inconclusive,,
A2_cohort_and_labels,frozen_impression_primary_0.80,9293,132923,9293,8740,0.9404928441,0.4456042182,0.3325283748,132923,32306,0.2430429647,0.0914424140,0.6851778721,findings-cohort rotation,pathology_macro,H1,M1,,external C0 - source C0,False,not_registered,0.0769328933,0.0677461380,0.0858133630,0.0648448738,0.0886042498,0.0009995002,hypothesised,True,True,False,confirmed,0.0200000000,
A2_cohort_and_labels,frozen_impression_primary_0.80,9293,132923,9293,8740,0.9404928441,0.4456042182,0.3325283748,132923,32306,0.2430429647,0.0914424140,0.6851778721,findings-cohort rotation,pathology_macro,H1,M2,,external C0 - source C0,False,not_registered,-0.1391711577,-0.1508715130,-0.1264583947,-0.1540161254,-0.1228313417,0.0009995002,opposite,False,False,False,opposite_direction_material,0.0200000000,
A2_cohort_and_labels,frozen_impression_primary_0.80,9293,132923,9293,8740,0.9404928441,0.4456042182,0.3325283748,132923,32306,0.2430429647,0.0914424140,0.6851778721,findings-cohort rotation,pathology_macro,H1,M3,,external C0 - source C0,True,confirmatory,0.0168341350,0.0072004044,0.0266054240,0.0045535260,0.0302259108,0.0009995002,hypothesised,False,False,False,same_direction_not_material,0.0200000000,
A2_cohort_and_labels,frozen_impression_primary_0.80,9293,132923,9293,8740,0.9404928441,0.4456042182,0.3325283748,132923,32306,0.2430429647,0.0914424140,0.6851778721,findings-cohort rotation,pathology_macro,H1,M4,,external C0 - source C0,True,confirmatory,-0.0119439749,-0.0196346394,-0.0042333311,-0.0229705610,-0.0014815128,0.0019990005,opposite,False,False,True,opposite_direction_not_material,0.0200000000,
A2_cohort_and_labels,frozen_impression_primary_0.80,9293,132923,9293,8740,0.9404928441,0.4456042182,0.3325283748,132923,32306,0.2430429647,0.0914424140,0.6851778721,findings-cohort rotation,pathology_macro,H2,M3,,interaction C1,True,confirmatory,0.0373796017,0.0296805091,0.0451646417,0.0264835616,0.0483026446,0.0009995002,hypothesised,True,True,False,confirmed,0.0200000000,
A2_cohort_and_labels,frozen_impression_primary_0.80,9293,132923,9293,8740,0.9404928441,0.4456042182,0.3325283748,132923,32306,0.2430429647,0.0914424140,0.6851778721,findings-cohort rotation,pathology_macro,H2,M3,,interaction C2,False,not_registered,-0.0049867445,-0.0143877157,0.0044046340,-0.0179250667,0.0069958278,0.2928535732,spans_zero,False,False,True,inconclusive,0.0200000000,
A2_cohort_and_labels,frozen_impression_primary_0.80,9293,132923,9293,8740,0.9404928441,0.4456042182,0.3325283748,132923,32306,0.2430429647,0.0914424140,0.6851778721,findings-cohort rotation,pathology_macro,H2,M4,,interaction C1,True,confirmatory,0.0738115430,0.0662070381,0.0811137154,0.0633219113,0.0835454433,0.0009995002,hypothesised,True,True,False,confirmed,0.0200000000,
A2_cohort_and_labels,frozen_impression_primary_0.80,9293,132923,9293,8740,0.9404928441,0.4456042182,0.3325283748,132923,32306,0.2430429647,0.0914424140,0.6851778721,findings-cohort rotation,pathology_macro,H2,M4,,interaction C2,False,not_registered,0.0044336509,-0.0036874623,0.0125189129,-0.0060564461,0.0161188782,0.2738630685,spans_zero,False,False,True,inconclusive,0.0200000000,
A2_cohort_and_labels,frozen_impression_primary_0.80,9293,132923,9293,8740,0.9404928441,0.4456042182,0.3325283748,132923,32306,0.2430429647,0.0914424140,0.6851778721,findings-cohort rotation,pathology_macro,H3,M3,,transfer gap M3 - transfer gap M1,False,not_registered,-0.0600987583,-0.0686737945,-0.0512455201,-0.0709042952,-0.0479217985,0.0009995002,opposite,,,,opposite_direction_not_material,,opposite_direction_material
A2_cohort_and_labels,frozen_impression_primary_0.80,9293,132923,9293,8740,0.9404928441,0.4456042182,0.3325283748,132923,32306,0.2430429647,0.0914424140,0.6851778721,findings-cohort rotation,pathology_macro,H3,M4,,transfer gap M4 - transfer gap M1,False,not_registered,-0.0888768682,-0.0982982774,-0.0795753523,-0.1014881746,-0.0763952959,0.0009995002,opposite,,,,opposite_direction_not_material,,opposite_direction_material
A2_cohort_and_labels,frozen_impression_primary_0.80,9293,132923,9293,8740,0.9404928441,0.4456042182,0.3325283748,132923,32306,0.2430429647,0.0914424140,0.6851778721,findings-cohort rotation,pathology_macro,H4,M3,source,C2 - C1,True,secondary,0.0603562525,0.0537413898,0.0673776821,0.0509889048,0.0694933709,0.0009995002,hypothesised,,,,confirmed,,
A2_cohort_and_labels,frozen_impression_primary_0.80,9293,132923,9293,8740,0.9404928441,0.4456042182,0.3325283748,132923,32306,0.2430429647,0.0914424140,0.6851778721,findings-cohort rotation,pathology_macro,H4,M4,source,C2 - C1,True,secondary,0.0778494652,0.0714322152,0.0848585218,0.0691448445,0.0870857278,0.0009995002,hypothesised,,,,confirmed,,
A2_cohort_and_labels,frozen_impression_primary_0.80,9293,132923,9293,8740,0.9404928441,0.4456042182,0.3325283748,132923,32306,0.2430429647,0.0914424140,0.6851778721,findings-cohort rotation,pathology_macro,H4,M3,external,C2 - C1,True,secondary,0.0179899063,0.0135304881,0.0223763694,0.0122364842,0.0236972560,0.0009995002,hypothesised,,,,confirmed,,
A2_cohort_and_labels,frozen_impression_primary_0.80,9293,132923,9293,8740,0.9404928441,0.4456042182,0.3325283748,132923,32306,0.2430429647,0.0914424140,0.6851778721,findings-cohort rotation,pathology_macro,H4,M4,external,C2 - C1,True,secondary,0.0084715731,0.0045736603,0.0124395759,0.0034770935,0.0136301129,0.0009995002,hypothesised,,,,confirmed,,
A3_published_S1,frozen_findings_primary_0.80,9293,132923,9293,8740,0.9404928441,0.4456042182,0.3325283748,132923,32306,0.2430429647,0.0914424140,0.6851778721,findings-cohort rotation,original,H1,M1,,external C0 - source C0,False,not_registered,-0.0671611330,-0.0735534931,-0.0607074155,-0.0759160341,-0.0583822682,0.0009995002,opposite,False,False,False,opposite_direction_material,0.0200000000,
A3_published_S1,frozen_findings_primary_0.80,9293,132923,9293,8740,0.9404928441,0.4456042182,0.3325283748,132923,32306,0.2430429647,0.0914424140,0.6851778721,findings-cohort rotation,original,H1,M2,,external C0 - source C0,False,not_registered,-0.2384928588,-0.2470186450,-0.2303492374,-0.2497168082,-0.2273177557,0.0009995002,opposite,False,False,False,opposite_direction_material,0.0200000000,
A3_published_S1,frozen_findings_primary_0.80,9293,132923,9293,8740,0.9404928441,0.4456042182,0.3325283748,132923,32306,0.2430429647,0.0914424140,0.6851778721,findings-cohort rotation,original,H1,M3,,external C0 - source C0,True,confirmatory,-0.1323946900,-0.1398499127,-0.1245875747,-0.1422765119,-0.1228725579,0.0009995002,opposite,False,False,False,opposite_direction_material,0.0200000000,
A3_published_S1,frozen_findings_primary_0.80,9293,132923,9293,8740,0.9404928441,0.4456042182,0.3325283748,132923,32306,0.2430429647,0.0914424140,0.6851778721,findings-cohort rotation,original,H1,M4,,external C0 - source C0,True,confirmatory,-0.1079148057,-0.1141327105,-0.1013897558,-0.1164297572,-0.0988724364,0.0009995002,opposite,False,False,False,opposite_direction_material,0.0200000000,
A3_published_S1,frozen_findings_primary_0.80,9293,132923,9293,8740,0.9404928441,0.4456042182,0.3325283748,132923,32306,0.2430429647,0.0914424140,0.6851778721,findings-cohort rotation,original,H2,M3,,interaction C1,True,confirmatory,0.0339796068,0.0281792117,0.0399372916,0.0264021161,0.0414773483,0.0009995002,hypothesised,True,True,False,confirmed,0.0200000000,
A3_published_S1,frozen_findings_primary_0.80,9293,132923,9293,8740,0.9404928441,0.4456042182,0.3325283748,132923,32306,0.2430429647,0.0914424140,0.6851778721,findings-cohort rotation,original,H2,M3,,interaction C2,False,not_registered,-0.0177839138,-0.0249697691,-0.0109870275,-0.0270928863,-0.0084418962,0.0009995002,opposite,False,False,False,opposite_direction_not_material,0.0200000000,
A3_published_S1,frozen_findings_primary_0.80,9293,132923,9293,8740,0.9404928441,0.4456042182,0.3325283748,132923,32306,0.2430429647,0.0914424140,0.6851778721,findings-cohort rotation,original,H2,M4,,interaction C1,True,confirmatory,0.0624902100,0.0564806086,0.0685151351,0.0550005418,0.0705070772,0.0009995002,hypothesised,True,True,False,confirmed,0.0200000000,
A3_published_S1,frozen_findings_primary_0.80,9293,132923,9293,8740,0.9404928441,0.4456042182,0.3325283748,132923,32306,0.2430429647,0.0914424140,0.6851778721,findings-cohort rotation,original,H2,M4,,interaction C2,False,not_registered,0.0041089043,-0.0023991080,0.0107106109,-0.0045651654,0.0132437194,0.2138930535,spans_zero,False,False,True,inconclusive,0.0200000000,
A3_published_S1,frozen_findings_primary_0.80,9293,132923,9293,8740,0.9404928441,0.4456042182,0.3325283748,132923,32306,0.2430429647,0.0914424140,0.6851778721,findings-cohort rotation,original,H3,M3,,transfer gap M3 - transfer gap M1,False,not_registered,-0.0652335571,-0.0713320015,-0.0584895267,-0.0735387410,-0.0566448463,0.0009995002,opposite,,,,opposite_direction_not_material,,opposite_direction_material
A3_published_S1,frozen_findings_primary_0.80,9293,132923,9293,8740,0.9404928441,0.4456042182,0.3325283748,132923,32306,0.2430429647,0.0914424140,0.6851778721,findings-cohort rotation,original,H3,M4,,transfer gap M4 - transfer gap M1,False,not_registered,-0.0407536727,-0.0472548118,-0.0340543968,-0.0492626249,-0.0315316780,0.0009995002,opposite,,,,opposite_direction_not_material,,opposite_direction_material
A3_published_S1,frozen_findings_primary_0.80,9293,132923,9293,8740,0.9404928441,0.4456042182,0.3325283748,132923,32306,0.2430429647,0.0914424140,0.6851778721,findings-cohort rotation,original,H4,M3,source,C2 - C1,True,secondary,0.0606469186,0.0539834089,0.0671252957,0.0521866230,0.0694220102,0.0009995002,hypothesised,,,,confirmed,,
A3_published_S1,frozen_findings_primary_0.80,9293,132923,9293,8740,0.9404928441,0.4456042182,0.3325283748,132923,32306,0.2430429647,0.0914424140,0.6851778721,findings-cohort rotation,original,H4,M4,source,C2 - C1,True,secondary,0.0479364140,0.0420007054,0.0541545232,0.0399388541,0.0556929366,0.0009995002,hypothesised,,,,confirmed,,
A3_published_S1,frozen_findings_primary_0.80,9293,132923,9293,8740,0.9404928441,0.4456042182,0.3325283748,132923,32306,0.2430429647,0.0914424140,0.6851778721,findings-cohort rotation,original,H4,M3,external,C2 - C1,True,secondary,0.0088833980,0.0077649771,0.0100021106,0.0074414353,0.0103454164,0.0009995002,hypothesised,,,,confirmed,,
A3_published_S1,frozen_findings_primary_0.80,9293,132923,9293,8740,0.9404928441,0.4456042182,0.3325283748,132923,32306,0.2430429647,0.0914424140,0.6851778721,findings-cohort rotation,original,H4,M4,external,C2 - C1,True,secondary,-0.0104448917,-0.0116775553,-0.0092229280,-0.0121370841,-0.0088579427,0.0009995002,opposite,,,,opposite_direction_not_material,,
A3_published_S1,frozen_findings_primary_0.80,9293,132923,9293,8740,0.9404928441,0.4456042182,0.3325283748,132923,32306,0.2430429647,0.0914424140,0.6851778721,findings-cohort rotation,evaluable_study,H1,M1,,external C0 - source C0,False,not_registered,0.0951087369,0.0865283000,0.1031305127,0.0840549588,0.1056441782,0.0009995002,hypothesised,True,True,False,confirmed,0.0200000000,
A3_published_S1,frozen_findings_primary_0.80,9293,132923,9293,8740,0.9404928441,0.4456042182,0.3325283748,132923,32306,0.2430429647,0.0914424140,0.6851778721,findings-cohort rotation,evaluable_study,H1,M2,,external C0 - source C0,False,not_registered,-0.0002263586,-0.0106561727,0.0102739539,-0.0145045827,0.0137462214,0.9755122439,spans_zero,False,False,True,inconclusive,0.0200000000,
A3_published_S1,frozen_findings_primary_0.80,9293,132923,9293,8740,0.9404928441,0.4456042182,0.3325283748,132923,32306,0.2430429647,0.0914424140,0.6851778721,findings-cohort rotation,evaluable_study,H1,M3,,external C0 - source C0,True,confirmatory,0.0285357986,0.0192445400,0.0381614775,0.0160134919,0.0413045714,0.0009995002,hypothesised,True,False,False,confirmed,0.0200000000,
A3_published_S1,frozen_findings_primary_0.80,9293,132923,9293,8740,0.9404928441,0.4456042182,0.3325283748,132923,32306,0.2430429647,0.0914424140,0.6851778721,findings-cohort rotation,evaluable_study,H1,M4,,external C0 - source C0,True,confirmatory,0.0047874138,-0.0034293224,0.0127654486,-0.0057737808,0.0160936742,0.2488755622,spans_zero,False,False,True,inconclusive,0.0200000000,
A3_published_S1,frozen_findings_primary_0.80,9293,132923,9293,8740,0.9404928441,0.4456042182,0.3325283748,132923,32306,0.2430429647,0.0914424140,0.6851778721,findings-cohort rotation,evaluable_study,H2,M3,,interaction C1,True,confirmatory,0.0345353105,0.0274274566,0.0419558987,0.0249215823,0.0442249446,0.0009995002,hypothesised,True,True,False,confirmed,0.0200000000,
A3_published_S1,frozen_findings_primary_0.80,9293,132923,9293,8740,0.9404928441,0.4456042182,0.3325283748,132923,32306,0.2430429647,0.0914424140,0.6851778721,findings-cohort rotation,evaluable_study,H2,M3,,interaction C2,False,not_registered,0.0001916536,-0.0084177615,0.0086870668,-0.0112903901,0.0113132425,0.9945027486,spans_zero,False,False,True,inconclusive,0.0200000000,
A3_published_S1,frozen_findings_primary_0.80,9293,132923,9293,8740,0.9404928441,0.4456042182,0.3325283748,132923,32306,0.2430429647,0.0914424140,0.6851778721,findings-cohort rotation,evaluable_study,H2,M4,,interaction C1,True,confirmatory,0.1110552747,0.1030820524,0.1184417908,0.0999969010,0.1218446815,0.0009995002,hypothesised,True,True,False,confirmed,0.0200000000,
A3_published_S1,frozen_findings_primary_0.80,9293,132923,9293,8740,0.9404928441,0.4456042182,0.3325283748,132923,32306,0.2430429647,0.0914424140,0.6851778721,findings-cohort rotation,evaluable_study,H2,M4,,interaction C2,False,not_registered,0.0153108049,0.0072655207,0.0234198169,0.0048555384,0.0259706878,0.0009995002,hypothesised,False,False,False,same_direction_not_material,0.0200000000,
A3_published_S1,frozen_findings_primary_0.80,9293,132923,9293,8740,0.9404928441,0.4456042182,0.3325283748,132923,32306,0.2430429647,0.0914424140,0.6851778721,findings-cohort rotation,evaluable_study,H3,M3,,transfer gap M3 - transfer gap M1,False,not_registered,-0.0665729383,-0.0743446605,-0.0580646806,-0.0773530613,-0.0546561152,0.0009995002,opposite,,,,opposite_direction_not_material,,opposite_direction_material
A3_published_S1,frozen_findings_primary_0.80,9293,132923,9293,8740,0.9404928441,0.4456042182,0.3325283748,132923,32306,0.2430429647,0.0914424140,0.6851778721,findings-cohort rotation,evaluable_study,H3,M4,,transfer gap M4 - transfer gap M1,False,not_registered,-0.0903213232,-0.0983207509,-0.0817459122,-0.1012161343,-0.0783372413,0.0009995002,opposite,,,,opposite_direction_not_material,,opposite_direction_material
A3_published_S1,frozen_findings_primary_0.80,9293,132923,9293,8740,0.9404928441,0.4456042182,0.3325283748,132923,32306,0.2430429647,0.0914424140,0.6851778721,findings-cohort rotation,evaluable_study,H4,M3,source,C2 - C1,True,secondary,0.0650927916,0.0580466283,0.0720701991,0.0563867660,0.0741717030,0.0009995002,hypothesised,,,,confirmed,,
A3_published_S1,frozen_findings_primary_0.80,9293,132923,9293,8740,0.9404928441,0.4456042182,0.3325283748,132923,32306,0.2430429647,0.0914424140,0.6851778721,findings-cohort rotation,evaluable_study,H4,M4,source,C2 - C1,True,secondary,0.0516005485,0.0453360186,0.0581973720,0.0432527148,0.0599716357,0.0009995002,hypothesised,,,,confirmed,,
A3_published_S1,frozen_findings_primary_0.80,9293,132923,9293,8740,0.9404928441,0.4456042182,0.3325283748,132923,32306,0.2430429647,0.0914424140,0.6851778721,findings-cohort rotation,evaluable_study,H4,M3,external,C2 - C1,True,secondary,0.0307491347,0.0267493191,0.0349521778,0.0253277974,0.0361923063,0.0009995002,hypothesised,,,,confirmed,,
A3_published_S1,frozen_findings_primary_0.80,9293,132923,9293,8740,0.9404928441,0.4456042182,0.3325283748,132923,32306,0.2430429647,0.0914424140,0.6851778721,findings-cohort rotation,evaluable_study,H4,M4,external,C2 - C1,True,secondary,-0.0441439213,-0.0488628992,-0.0395476809,-0.0508697424,-0.0378418786,0.0009995002,opposite,,,,opposite_direction_not_material,,
A3_published_S1,frozen_findings_primary_0.80,9293,132923,9293,8740,0.9404928441,0.4456042182,0.3325283748,132923,32306,0.2430429647,0.0914424140,0.6851778721,findings-cohort rotation,cell_micro,H1,M1,,external C0 - source C0,False,not_registered,0.0802935331,0.0720242904,0.0878780953,0.0697871847,0.0906306365,0.0009995002,hypothesised,True,True,False,confirmed,0.0200000000,
A3_published_S1,frozen_findings_primary_0.80,9293,132923,9293,8740,0.9404928441,0.4456042182,0.3325283748,132923,32306,0.2430429647,0.0914424140,0.6851778721,findings-cohort rotation,cell_micro,H1,M2,,external C0 - source C0,False,not_registered,0.0077197851,-0.0020452096,0.0172120333,-0.0047094183,0.0204839402,0.1139430285,spans_zero,False,False,True,inconclusive,0.0200000000,
A3_published_S1,frozen_findings_primary_0.80,9293,132923,9293,8740,0.9404928441,0.4456042182,0.3325283748,132923,32306,0.2430429647,0.0914424140,0.6851778721,findings-cohort rotation,cell_micro,H1,M3,,external C0 - source C0,True,confirmatory,0.0252657231,0.0167230010,0.0341369522,0.0139670340,0.0367853855,0.0009995002,hypothesised,True,False,False,confirmed,0.0200000000,
A3_published_S1,frozen_findings_primary_0.80,9293,132923,9293,8740,0.9404928441,0.4456042182,0.3325283748,132923,32306,0.2430429647,0.0914424140,0.6851778721,findings-cohort rotation,cell_micro,H1,M4,,external C0 - source C0,True,confirmatory,0.0010933284,-0.0063209718,0.0082442785,-0.0087997112,0.0112256184,0.7556221889,spans_zero,False,False,True,inconclusive,0.0200000000,
A3_published_S1,frozen_findings_primary_0.80,9293,132923,9293,8740,0.9404928441,0.4456042182,0.3325283748,132923,32306,0.2430429647,0.0914424140,0.6851778721,findings-cohort rotation,cell_micro,H2,M3,,interaction C1,True,confirmatory,0.0324024926,0.0259138235,0.0390858203,0.0235333174,0.0414698332,0.0009995002,hypothesised,True,True,False,confirmed,0.0200000000,
A3_published_S1,frozen_findings_primary_0.80,9293,132923,9293,8740,0.9404928441,0.4456042182,0.3325283748,132923,32306,0.2430429647,0.0914424140,0.6851778721,findings-cohort rotation,cell_micro,H2,M3,,interaction C2,False,not_registered,0.0013555567,-0.0065917789,0.0092082880,-0.0095202693,0.0120468434,0.7296351824,spans_zero,False,False,True,inconclusive,0.0200000000,
A3_published_S1,frozen_findings_primary_0.80,9293,132923,9293,8740,0.9404928441,0.4456042182,0.3325283748,132923,32306,0.2430429647,0.0914424140,0.6851778721,findings-cohort rotation,cell_micro,H2,M4,,interaction C1,True,confirmatory,0.0997065481,0.0929590949,0.1064405854,0.0896871433,0.1091154268,0.0009995002,hypothesised,True,True,False,confirmed,0.0200000000,
A3_published_S1,frozen_findings_primary_0.80,9293,132923,9293,8740,0.9404928441,0.4456042182,0.3325283748,132923,32306,0.2430429647,0.0914424140,0.6851778721,findings-cohort rotation,cell_micro,H2,M4,,interaction C2,False,not_registered,0.0133474117,0.0058683417,0.0209260892,0.0027694170,0.0231989989,0.0009995002,hypothesised,False,False,False,same_direction_not_material,0.0200000000,
A3_published_S1,frozen_findings_primary_0.80,9293,132923,9293,8740,0.9404928441,0.4456042182,0.3325283748,132923,32306,0.2430429647,0.0914424140,0.6851778721,findings-cohort rotation,cell_micro,H3,M3,,transfer gap M3 - transfer gap M1,False,not_registered,-0.0550278100,-0.0622613359,-0.0472853127,-0.0645149161,-0.0444283554,0.0009995002,opposite,,,,opposite_direction_not_material,,opposite_direction_material
A3_published_S1,frozen_findings_primary_0.80,9293,132923,9293,8740,0.9404928441,0.4456042182,0.3325283748,132923,32306,0.2430429647,0.0914424140,0.6851778721,findings-cohort rotation,cell_micro,H3,M4,,transfer gap M4 - transfer gap M1,False,not_registered,-0.0792002047,-0.0866294997,-0.0710786287,-0.0895529174,-0.0684537517,0.0009995002,opposite,,,,opposite_direction_not_material,,opposite_direction_material
A3_published_S1,frozen_findings_primary_0.80,9293,132923,9293,8740,0.9404928441,0.4456042182,0.3325283748,132923,32306,0.2430429647,0.0914424140,0.6851778721,findings-cohort rotation,cell_micro,H4,M3,source,C2 - C1,True,secondary,0.0663601818,0.0599453058,0.0727166584,0.0579642160,0.0747219013,0.0009995002,hypothesised,,,,confirmed,,
A3_published_S1,frozen_findings_primary_0.80,9293,132923,9293,8740,0.9404928441,0.4456042182,0.3325283748,132923,32306,0.2430429647,0.0914424140,0.6851778721,findings-cohort rotation,cell_micro,H4,M4,source,C2 - C1,True,secondary,0.0552398984,0.0492793896,0.0613935033,0.0473357288,0.0633251006,0.0009995002,hypothesised,,,,confirmed,,
A3_published_S1,frozen_findings_primary_0.80,9293,132923,9293,8740,0.9404928441,0.4456042182,0.3325283748,132923,32306,0.2430429647,0.0914424140,0.6851778721,findings-cohort rotation,cell_micro,H4,M3,external,C2 - C1,True,secondary,0.0353132460,0.0315325990,0.0392879076,0.0305407647,0.0404496162,0.0009995002,hypothesised,,,,confirmed,,
A3_published_S1,frozen_findings_primary_0.80,9293,132923,9293,8740,0.9404928441,0.4456042182,0.3325283748,132923,32306,0.2430429647,0.0914424140,0.6851778721,findings-cohort rotation,cell_micro,H4,M4,external,C2 - C1,True,secondary,-0.0311192380,-0.0354169163,-0.0270449621,-0.0371548027,-0.0256774414,0.0009995002,opposite,,,,opposite_direction_not_material,,
A3_published_S1,frozen_findings_primary_0.80,9293,132923,9293,8740,0.9404928441,0.4456042182,0.3325283748,132923,32306,0.2430429647,0.0914424140,0.6851778721,findings-cohort rotation,pathology_macro,H1,M1,,external C0 - source C0,False,not_registered,0.0763519450,0.0667860491,0.0853018177,0.0642176386,0.0883438930,0.0009995002,hypothesised,True,True,False,confirmed,0.0200000000,
A3_published_S1,frozen_findings_primary_0.80,9293,132923,9293,8740,0.9404928441,0.4456042182,0.3325283748,132923,32306,0.2430429647,0.0914424140,0.6851778721,findings-cohort rotation,pathology_macro,H1,M2,,external C0 - source C0,False,not_registered,0.0137489660,0.0044189725,0.0226266120,0.0012340476,0.0264447136,0.0059970015,hypothesised,False,False,False,same_direction_not_material,0.0200000000,
A3_published_S1,frozen_findings_primary_0.80,9293,132923,9293,8740,0.9404928441,0.4456042182,0.3325283748,132923,32306,0.2430429647,0.0914424140,0.6851778721,findings-cohort rotation,pathology_macro,H1,M3,,external C0 - source C0,True,confirmatory,0.0386290505,0.0288366123,0.0483644018,0.0262493589,0.0510059141,0.0009995002,hypothesised,True,True,False,confirmed,0.0200000000,
A3_published_S1,frozen_findings_primary_0.80,9293,132923,9293,8740,0.9404928441,0.4456042182,0.3325283748,132923,32306,0.2430429647,0.0914424140,0.6851778721,findings-cohort rotation,pathology_macro,H1,M4,,external C0 - source C0,True,confirmatory,0.0009503772,-0.0067271926,0.0082048225,-0.0098337976,0.0112185004,0.7936031984,spans_zero,False,False,True,inconclusive,0.0200000000,
A3_published_S1,frozen_findings_primary_0.80,9293,132923,9293,8740,0.9404928441,0.4456042182,0.3325283748,132923,32306,0.2430429647,0.0914424140,0.6851778721,findings-cohort rotation,pathology_macro,H2,M3,,interaction C1,True,confirmatory,0.0326498756,0.0246008083,0.0407870088,0.0220711878,0.0436626277,0.0009995002,hypothesised,True,True,False,confirmed,0.0200000000,
A3_published_S1,frozen_findings_primary_0.80,9293,132923,9293,8740,0.9404928441,0.4456042182,0.3325283748,132923,32306,0.2430429647,0.0914424140,0.6851778721,findings-cohort rotation,pathology_macro,H2,M3,,interaction C2,False,not_registered,-0.0024619009,-0.0118432521,0.0068970275,-0.0145590998,0.0101097380,0.6236881559,spans_zero,False,False,True,inconclusive,0.0200000000,
A3_published_S1,frozen_findings_primary_0.80,9293,132923,9293,8740,0.9404928441,0.4456042182,0.3325283748,132923,32306,0.2430429647,0.0914424140,0.6851778721,findings-cohort rotation,pathology_macro,H2,M4,,interaction C1,True,confirmatory,0.0705846341,0.0635837948,0.0776567862,0.0612261210,0.0795103611,0.0009995002,hypothesised,True,True,False,confirmed,0.0200000000,
A3_published_S1,frozen_findings_primary_0.80,9293,132923,9293,8740,0.9404928441,0.4456042182,0.3325283748,132923,32306,0.2430429647,0.0914424140,0.6851778721,findings-cohort rotation,pathology_macro,H2,M4,,interaction C2,False,not_registered,0.0078758704,-0.0000242794,0.0160161316,-0.0026499360,0.0196082883,0.0529735132,spans_zero,False,False,True,inconclusive,0.0200000000,
A3_published_S1,frozen_findings_primary_0.80,9293,132923,9293,8740,0.9404928441,0.4456042182,0.3325283748,132923,32306,0.2430429647,0.0914424140,0.6851778721,findings-cohort rotation,pathology_macro,H3,M3,,transfer gap M3 - transfer gap M1,False,not_registered,-0.0377228946,-0.0459829920,-0.0289924620,-0.0480338870,-0.0264036260,0.0009995002,opposite,,,,opposite_direction_not_material,,opposite_direction_material
A3_published_S1,frozen_findings_primary_0.80,9293,132923,9293,8740,0.9404928441,0.4456042182,0.3325283748,132923,32306,0.2430429647,0.0914424140,0.6851778721,findings-cohort rotation,pathology_macro,H3,M4,,transfer gap M4 - transfer gap M1,False,not_registered,-0.0754015679,-0.0843535455,-0.0662264331,-0.0873230416,-0.0631069418,0.0009995002,opposite,,,,opposite_direction_not_material,,opposite_direction_material
A3_published_S1,frozen_findings_primary_0.80,9293,132923,9293,8740,0.9404928441,0.4456042182,0.3325283748,132923,32306,0.2430429647,0.0914424140,0.6851778721,findings-cohort rotation,pathology_macro,H4,M3,source,C2 - C1,True,secondary,0.0751728920,0.0676968426,0.0827342523,0.0648261411,0.0849212483,0.0009995002,hypothesised,,,,confirmed,,
A3_published_S1,frozen_findings_primary_0.80,9293,132923,9293,8740,0.9404928441,0.4456042182,0.3325283748,132923,32306,0.2430429647,0.0914424140,0.6851778721,findings-cohort rotation,pathology_macro,H4,M4,source,C2 - C1,True,secondary,0.0659056188,0.0596744582,0.0724617937,0.0575402004,0.0747438334,0.0009995002,hypothesised,,,,confirmed,,
A3_published_S1,frozen_findings_primary_0.80,9293,132923,9293,8740,0.9404928441,0.4456042182,0.3325283748,132923,32306,0.2430429647,0.0914424140,0.6851778721,findings-cohort rotation,pathology_macro,H4,M3,external,C2 - C1,True,secondary,0.0400611155,0.0355461411,0.0447628461,0.0342779577,0.0463273176,0.0009995002,hypothesised,,,,confirmed,,
A3_published_S1,frozen_findings_primary_0.80,9293,132923,9293,8740,0.9404928441,0.4456042182,0.3325283748,132923,32306,0.2430429647,0.0914424140,0.6851778721,findings-cohort rotation,pathology_macro,H4,M4,external,C2 - C1,True,secondary,0.0031968551,-0.0008863039,0.0071816940,-0.0023170284,0.0087317655,0.1109445277,spans_zero,,,,inconclusive,,
B2_labels_and_thresholds_on_primary_cohort,frozen_findings_primary_0.80,14766,132923,14766,8740,0.5919003115,0.2804415549,0.3325283748,132923,32306,0.2430429647,0.0914424140,0.6851778721,primary-cohort rotation,original,H1,M1,,external C0 - source C0,False,not_registered,-0.0233867052,-0.0277388422,-0.0190746163,-0.0291518506,-0.0177348873,0.0009995002,opposite,False,False,False,opposite_direction_material,0.0200000000,
B2_labels_and_thresholds_on_primary_cohort,frozen_findings_primary_0.80,14766,132923,14766,8740,0.5919003115,0.2804415549,0.3325283748,132923,32306,0.2430429647,0.0914424140,0.6851778721,primary-cohort rotation,original,H1,M2,,external C0 - source C0,False,not_registered,-0.1278822020,-0.1352044594,-0.1201960668,-0.1373594005,-0.1175787795,0.0009995002,opposite,False,False,False,opposite_direction_material,0.0200000000,
B2_labels_and_thresholds_on_primary_cohort,frozen_findings_primary_0.80,14766,132923,14766,8740,0.5919003115,0.2804415549,0.3325283748,132923,32306,0.2430429647,0.0914424140,0.6851778721,primary-cohort rotation,original,H1,M3,,external C0 - source C0,True,confirmatory,-0.0579201892,-0.0632963882,-0.0525050709,-0.0649391233,-0.0504739576,0.0009995002,opposite,False,False,False,opposite_direction_material,0.0200000000,
B2_labels_and_thresholds_on_primary_cohort,frozen_findings_primary_0.80,14766,132923,14766,8740,0.5919003115,0.2804415549,0.3325283748,132923,32306,0.2430429647,0.0914424140,0.6851778721,primary-cohort rotation,original,H1,M4,,external C0 - source C0,True,confirmatory,-0.0523877553,-0.0571324706,-0.0476997633,-0.0586226420,-0.0462208233,0.0009995002,opposite,False,False,False,opposite_direction_material,0.0200000000,
B2_labels_and_thresholds_on_primary_cohort,frozen_findings_primary_0.80,14766,132923,14766,8740,0.5919003115,0.2804415549,0.3325283748,132923,32306,0.2430429647,0.0914424140,0.6851778721,primary-cohort rotation,original,H2,M3,,interaction C1,True,confirmatory,0.0173523995,0.0134914656,0.0211693506,0.0122279622,0.0222549717,0.0009995002,hypothesised,False,False,False,same_direction_not_material,0.0200000000,
B2_labels_and_thresholds_on_primary_cohort,frozen_findings_primary_0.80,14766,132923,14766,8740,0.5919003115,0.2804415549,0.3325283748,132923,32306,0.2430429647,0.0914424140,0.6851778721,primary-cohort rotation,original,H2,M3,,interaction C2,False,not_registered,-0.0179223969,-0.0224515964,-0.0129061817,-0.0241611196,-0.0118292615,0.0009995002,opposite,False,False,False,opposite_direction_not_material,0.0200000000,
B2_labels_and_thresholds_on_primary_cohort,frozen_findings_primary_0.80,14766,132923,14766,8740,0.5919003115,0.2804415549,0.3325283748,132923,32306,0.2430429647,0.0914424140,0.6851778721,primary-cohort rotation,original,H2,M4,,interaction C1,True,confirmatory,0.0431975381,0.0390000534,0.0473505264,0.0376872796,0.0487016420,0.0009995002,hypothesised,True,True,False,confirmed,0.0200000000,
B2_labels_and_thresholds_on_primary_cohort,frozen_findings_primary_0.80,14766,132923,14766,8740,0.5919003115,0.2804415549,0.3325283748,132923,32306,0.2430429647,0.0914424140,0.6851778721,primary-cohort rotation,original,H2,M4,,interaction C2,False,not_registered,0.0031240265,-0.0012281384,0.0074466589,-0.0025213521,0.0088100433,0.1449275362,spans_zero,False,False,True,inconclusive,0.0200000000,
B2_labels_and_thresholds_on_primary_cohort,frozen_findings_primary_0.80,14766,132923,14766,8740,0.5919003115,0.2804415549,0.3325283748,132923,32306,0.2430429647,0.0914424140,0.6851778721,primary-cohort rotation,original,H3,M3,,transfer gap M3 - transfer gap M1,False,not_registered,-0.0345334841,-0.0387623267,-0.0301135783,-0.0406101752,-0.0286619572,0.0009995002,opposite,,,,opposite_direction_not_material,,opposite_direction_material
B2_labels_and_thresholds_on_primary_cohort,frozen_findings_primary_0.80,14766,132923,14766,8740,0.5919003115,0.2804415549,0.3325283748,132923,32306,0.2430429647,0.0914424140,0.6851778721,primary-cohort rotation,original,H3,M4,,transfer gap M4 - transfer gap M1,False,not_registered,-0.0290010501,-0.0330751726,-0.0245850166,-0.0346873331,-0.0231604994,0.0009995002,opposite,,,,opposite_direction_not_material,,opposite_direction_material
B2_labels_and_thresholds_on_primary_cohort,frozen_findings_primary_0.80,14766,132923,14766,8740,0.5919003115,0.2804415549,0.3325283748,132923,32306,0.2430429647,0.0914424140,0.6851778721,primary-cohort rotation,original,H4,M3,source,C2 - C1,True,secondary,0.0441581944,0.0398432962,0.0482660998,0.0385899371,0.0502579106,0.0009995002,hypothesised,,,,confirmed,,
B2_labels_and_thresholds_on_primary_cohort,frozen_findings_primary_0.80,14766,132923,14766,8740,0.5919003115,0.2804415549,0.3325283748,132923,32306,0.2430429647,0.0914424140,0.6851778721,primary-cohort rotation,original,H4,M4,source,C2 - C1,True,secondary,0.0296286199,0.0257223708,0.0335047797,0.0244390779,0.0347999464,0.0009995002,hypothesised,,,,confirmed,,
B2_labels_and_thresholds_on_primary_cohort,frozen_findings_primary_0.80,14766,132923,14766,8740,0.5919003115,0.2804415549,0.3325283748,132923,32306,0.2430429647,0.0914424140,0.6851778721,primary-cohort rotation,original,H4,M3,external,C2 - C1,True,secondary,0.0088833980,0.0077649771,0.0100021106,0.0074414353,0.0103454164,0.0009995002,hypothesised,,,,confirmed,,
B2_labels_and_thresholds_on_primary_cohort,frozen_findings_primary_0.80,14766,132923,14766,8740,0.5919003115,0.2804415549,0.3325283748,132923,32306,0.2430429647,0.0914424140,0.6851778721,primary-cohort rotation,original,H4,M4,external,C2 - C1,True,secondary,-0.0104448917,-0.0116775553,-0.0092229280,-0.0121370841,-0.0088579427,0.0009995002,opposite,,,,opposite_direction_not_material,,
B2_labels_and_thresholds_on_primary_cohort,frozen_findings_primary_0.80,14766,132923,14766,8740,0.5919003115,0.2804415549,0.3325283748,132923,32306,0.2430429647,0.0914424140,0.6851778721,primary-cohort rotation,evaluable_study,H1,M1,,external C0 - source C0,False,not_registered,0.0951087369,0.0868790966,0.1034722067,0.0845720913,0.1072858157,0.0009995002,hypothesised,True,True,False,confirmed,0.0200000000,
B2_labels_and_thresholds_on_primary_cohort,frozen_findings_primary_0.80,14766,132923,14766,8740,0.5919003115,0.2804415549,0.3325283748,132923,32306,0.2430429647,0.0914424140,0.6851778721,primary-cohort rotation,evaluable_study,H1,M2,,external C0 - source C0,False,not_registered,-0.0002263586,-0.0107573321,0.0107884004,-0.0140383668,0.0141640595,0.9905047476,spans_zero,False,False,True,inconclusive,0.0200000000,
B2_labels_and_thresholds_on_primary_cohort,frozen_findings_primary_0.80,14766,132923,14766,8740,0.5919003115,0.2804415549,0.3325283748,132923,32306,0.2430429647,0.0914424140,0.6851778721,primary-cohort rotation,evaluable_study,H1,M3,,external C0 - source C0,True,confirmatory,0.0285357986,0.0192559636,0.0380277969,0.0153671652,0.0417190851,0.0009995002,hypothesised,True,False,False,confirmed,0.0200000000,
B2_labels_and_thresholds_on_primary_cohort,frozen_findings_primary_0.80,14766,132923,14766,8740,0.5919003115,0.2804415549,0.3325283748,132923,32306,0.2430429647,0.0914424140,0.6851778721,primary-cohort rotation,evaluable_study,H1,M4,,external C0 - source C0,True,confirmatory,0.0047874138,-0.0033269374,0.0132088955,-0.0063584295,0.0156262374,0.2348825587,spans_zero,False,False,True,inconclusive,0.0200000000,
B2_labels_and_thresholds_on_primary_cohort,frozen_findings_primary_0.80,14766,132923,14766,8740,0.5919003115,0.2804415549,0.3325283748,132923,32306,0.2430429647,0.0914424140,0.6851778721,primary-cohort rotation,evaluable_study,H2,M3,,interaction C1,True,confirmatory,0.0345353105,0.0270949068,0.0419248621,0.0245040609,0.0442266762,0.0009995002,hypothesised,True,True,False,confirmed,0.0200000000,
B2_labels_and_thresholds_on_primary_cohort,frozen_findings_primary_0.80,14766,132923,14766,8740,0.5919003115,0.2804415549,0.3325283748,132923,32306,0.2430429647,0.0914424140,0.6851778721,primary-cohort rotation,evaluable_study,H2,M3,,interaction C2,False,not_registered,-0.0133041813,-0.0220150872,-0.0038601616,-0.0253963973,-0.0008474723,0.0059970015,opposite,False,False,False,opposite_direction_not_material,0.0200000000,
B2_labels_and_thresholds_on_primary_cohort,frozen_findings_primary_0.80,14766,132923,14766,8740,0.5919003115,0.2804415549,0.3325283748,132923,32306,0.2430429647,0.0914424140,0.6851778721,primary-cohort rotation,evaluable_study,H2,M4,,interaction C1,True,confirmatory,0.1110552747,0.1030971634,0.1186745484,0.1004389875,0.1215187833,0.0009995002,hypothesised,True,True,False,confirmed,0.0200000000,
B2_labels_and_thresholds_on_primary_cohort,frozen_findings_primary_0.80,14766,132923,14766,8740,0.5919003115,0.2804415549,0.3325283748,132923,32306,0.2430429647,0.0914424140,0.6851778721,primary-cohort rotation,evaluable_study,H2,M4,,interaction C2,False,not_registered,0.0158454168,0.0080938655,0.0239016089,0.0056425700,0.0261577865,0.0009995002,hypothesised,False,False,False,same_direction_not_material,0.0200000000,
B2_labels_and_thresholds_on_primary_cohort,frozen_findings_primary_0.80,14766,132923,14766,8740,0.5919003115,0.2804415549,0.3325283748,132923,32306,0.2430429647,0.0914424140,0.6851778721,primary-cohort rotation,evaluable_study,H3,M3,,transfer gap M3 - transfer gap M1,False,not_registered,-0.0665729383,-0.0743498174,-0.0585229455,-0.0778203515,-0.0553038788,0.0009995002,opposite,,,,opposite_direction_not_material,,opposite_direction_material
B2_labels_and_thresholds_on_primary_cohort,frozen_findings_primary_0.80,14766,132923,14766,8740,0.5919003115,0.2804415549,0.3325283748,132923,32306,0.2430429647,0.0914424140,0.6851778721,primary-cohort rotation,evaluable_study,H3,M4,,transfer gap M4 - transfer gap M1,False,not_registered,-0.0903213232,-0.0980926768,-0.0816878702,-0.1011694427,-0.0796468403,0.0009995002,opposite,,,,opposite_direction_not_material,,opposite_direction_material
B2_labels_and_thresholds_on_primary_cohort,frozen_findings_primary_0.80,14766,132923,14766,8740,0.5919003115,0.2804415549,0.3325283748,132923,32306,0.2430429647,0.0914424140,0.6851778721,primary-cohort rotation,evaluable_study,H4,M3,source,C2 - C1,True,secondary,0.0785886264,0.0716062295,0.0853928131,0.0693736451,0.0876472723,0.0009995002,hypothesised,,,,confirmed,,
B2_labels_and_thresholds_on_primary_cohort,frozen_findings_primary_0.80,14766,132923,14766,8740,0.5919003115,0.2804415549,0.3325283748,132923,32306,0.2430429647,0.0914424140,0.6851778721,primary-cohort rotation,evaluable_study,H4,M4,source,C2 - C1,True,secondary,0.0510659366,0.0448562065,0.0571795870,0.0427022878,0.0592172373,0.0009995002,hypothesised,,,,confirmed,,
B2_labels_and_thresholds_on_primary_cohort,frozen_findings_primary_0.80,14766,132923,14766,8740,0.5919003115,0.2804415549,0.3325283748,132923,32306,0.2430429647,0.0914424140,0.6851778721,primary-cohort rotation,evaluable_study,H4,M3,external,C2 - C1,True,secondary,0.0307491347,0.0267493191,0.0349521778,0.0253277974,0.0361923063,0.0009995002,hypothesised,,,,confirmed,,
B2_labels_and_thresholds_on_primary_cohort,frozen_findings_primary_0.80,14766,132923,14766,8740,0.5919003115,0.2804415549,0.3325283748,132923,32306,0.2430429647,0.0914424140,0.6851778721,primary-cohort rotation,evaluable_study,H4,M4,external,C2 - C1,True,secondary,-0.0441439213,-0.0488628992,-0.0395476809,-0.0508697424,-0.0378418786,0.0009995002,opposite,,,,opposite_direction_not_material,,
B2_labels_and_thresholds_on_primary_cohort,frozen_findings_primary_0.80,14766,132923,14766,8740,0.5919003115,0.2804415549,0.3325283748,132923,32306,0.2430429647,0.0914424140,0.6851778721,primary-cohort rotation,cell_micro,H1,M1,,external C0 - source C0,False,not_registered,0.0802935331,0.0727453035,0.0879364890,0.0700986701,0.0912609671,0.0009995002,hypothesised,True,True,False,confirmed,0.0200000000,
B2_labels_and_thresholds_on_primary_cohort,frozen_findings_primary_0.80,14766,132923,14766,8740,0.5919003115,0.2804415549,0.3325283748,132923,32306,0.2430429647,0.0914424140,0.6851778721,primary-cohort rotation,cell_micro,H1,M2,,external C0 - source C0,False,not_registered,0.0077197851,-0.0018474693,0.0175650556,-0.0049408306,0.0213907545,0.0999500250,spans_zero,False,False,True,inconclusive,0.0200000000,
B2_labels_and_thresholds_on_primary_cohort,frozen_findings_primary_0.80,14766,132923,14766,8740,0.5919003115,0.2804415549,0.3325283748,132923,32306,0.2430429647,0.0914424140,0.6851778721,primary-cohort rotation,cell_micro,H1,M3,,external C0 - source C0,True,confirmatory,0.0252657231,0.0162878035,0.0342830811,0.0131388904,0.0372456223,0.0009995002,hypothesised,True,False,False,confirmed,0.0200000000,
B2_labels_and_thresholds_on_primary_cohort,frozen_findings_primary_0.80,14766,132923,14766,8740,0.5919003115,0.2804415549,0.3325283748,132923,32306,0.2430429647,0.0914424140,0.6851778721,primary-cohort rotation,cell_micro,H1,M4,,external C0 - source C0,True,confirmatory,0.0010933284,-0.0065145965,0.0090456681,-0.0084889526,0.0114389453,0.7446276862,spans_zero,False,False,True,inconclusive,0.0200000000,
B2_labels_and_thresholds_on_primary_cohort,frozen_findings_primary_0.80,14766,132923,14766,8740,0.5919003115,0.2804415549,0.3325283748,132923,32306,0.2430429647,0.0914424140,0.6851778721,primary-cohort rotation,cell_micro,H2,M3,,interaction C1,True,confirmatory,0.0324024926,0.0258392865,0.0392997268,0.0240713091,0.0415273471,0.0009995002,hypothesised,True,True,False,confirmed,0.0200000000,
B2_labels_and_thresholds_on_primary_cohort,frozen_findings_primary_0.80,14766,132923,14766,8740,0.5919003115,0.2804415549,0.3325283748,132923,32306,0.2430429647,0.0914424140,0.6851778721,primary-cohort rotation,cell_micro,H2,M3,,interaction C2,False,not_registered,-0.0142323512,-0.0226382712,-0.0058170783,-0.0251729404,-0.0029214347,0.0029985007,opposite,False,False,False,opposite_direction_not_material,0.0200000000,
B2_labels_and_thresholds_on_primary_cohort,frozen_findings_primary_0.80,14766,132923,14766,8740,0.5919003115,0.2804415549,0.3325283748,132923,32306,0.2430429647,0.0914424140,0.6851778721,primary-cohort rotation,cell_micro,H2,M4,,interaction C1,True,confirmatory,0.0997065481,0.0924767605,0.1069509393,0.0902746005,0.1091539467,0.0009995002,hypothesised,True,True,False,confirmed,0.0200000000,
B2_labels_and_thresholds_on_primary_cohort,frozen_findings_primary_0.80,14766,132923,14766,8740,0.5919003115,0.2804415549,0.3325283748,132923,32306,0.2430429647,0.0914424140,0.6851778721,primary-cohort rotation,cell_micro,H2,M4,,interaction C2,False,not_registered,0.0126135738,0.0050357588,0.0200831118,0.0025509095,0.0227166075,0.0019990005,hypothesised,False,False,False,same_direction_not_material,0.0200000000,
B2_labels_and_thresholds_on_primary_cohort,frozen_findings_primary_0.80,14766,132923,14766,8740,0.5919003115,0.2804415549,0.3325283748,132923,32306,0.2430429647,0.0914424140,0.6851778721,primary-cohort rotation,cell_micro,H3,M3,,transfer gap M3 - transfer gap M1,False,not_registered,-0.0550278100,-0.0624413375,-0.0476498683,-0.0651230588,-0.0456861385,0.0009995002,opposite,,,,opposite_direction_not_material,,opposite_direction_material
B2_labels_and_thresholds_on_primary_cohort,frozen_findings_primary_0.80,14766,132923,14766,8740,0.5919003115,0.2804415549,0.3325283748,132923,32306,0.2430429647,0.0914424140,0.6851778721,primary-cohort rotation,cell_micro,H3,M4,,transfer gap M4 - transfer gap M1,False,not_registered,-0.0792002047,-0.0866478702,-0.0711936135,-0.0892471637,-0.0689020937,0.0009995002,opposite,,,,opposite_direction_not_material,,opposite_direction_material
B2_labels_and_thresholds_on_primary_cohort,frozen_findings_primary_0.80,14766,132923,14766,8740,0.5919003115,0.2804415549,0.3325283748,132923,32306,0.2430429647,0.0914424140,0.6851778721,primary-cohort rotation,cell_micro,H4,M3,source,C2 - C1,True,secondary,0.0819480897,0.0754100576,0.0883430310,0.0739789431,0.0908633830,0.0009995002,hypothesised,,,,confirmed,,
B2_labels_and_thresholds_on_primary_cohort,frozen_findings_primary_0.80,14766,132923,14766,8740,0.5919003115,0.2804415549,0.3325283748,132923,32306,0.2430429647,0.0914424140,0.6851778721,primary-cohort rotation,cell_micro,H4,M4,source,C2 - C1,True,secondary,0.0559737363,0.0499848218,0.0616651929,0.0480988205,0.0640095007,0.0009995002,hypothesised,,,,confirmed,,
B2_labels_and_thresholds_on_primary_cohort,frozen_findings_primary_0.80,14766,132923,14766,8740,0.5919003115,0.2804415549,0.3325283748,132923,32306,0.2430429647,0.0914424140,0.6851778721,primary-cohort rotation,cell_micro,H4,M3,external,C2 - C1,True,secondary,0.0353132460,0.0315325990,0.0392879076,0.0305407647,0.0404496162,0.0009995002,hypothesised,,,,confirmed,,
B2_labels_and_thresholds_on_primary_cohort,frozen_findings_primary_0.80,14766,132923,14766,8740,0.5919003115,0.2804415549,0.3325283748,132923,32306,0.2430429647,0.0914424140,0.6851778721,primary-cohort rotation,cell_micro,H4,M4,external,C2 - C1,True,secondary,-0.0311192380,-0.0354169163,-0.0270449621,-0.0371548027,-0.0256774414,0.0009995002,opposite,,,,opposite_direction_not_material,,
B2_labels_and_thresholds_on_primary_cohort,frozen_findings_primary_0.80,14766,132923,14766,8740,0.5919003115,0.2804415549,0.3325283748,132923,32306,0.2430429647,0.0914424140,0.6851778721,primary-cohort rotation,pathology_macro,H1,M1,,external C0 - source C0,False,not_registered,0.0763519450,0.0671004716,0.0852494880,0.0639760884,0.0892106061,0.0009995002,hypothesised,True,True,False,confirmed,0.0200000000,
B2_labels_and_thresholds_on_primary_cohort,frozen_findings_primary_0.80,14766,132923,14766,8740,0.5919003115,0.2804415549,0.3325283748,132923,32306,0.2430429647,0.0914424140,0.6851778721,primary-cohort rotation,pathology_macro,H1,M2,,external C0 - source C0,False,not_registered,0.0137489660,0.0050151853,0.0232792126,0.0006414529,0.0268127283,0.0069965017,hypothesised,False,False,False,same_direction_not_material,0.0200000000,
B2_labels_and_thresholds_on_primary_cohort,frozen_findings_primary_0.80,14766,132923,14766,8740,0.5919003115,0.2804415549,0.3325283748,132923,32306,0.2430429647,0.0914424140,0.6851778721,primary-cohort rotation,pathology_macro,H1,M3,,external C0 - source C0,True,confirmatory,0.0386290505,0.0287867266,0.0484781361,0.0252913477,0.0524847988,0.0009995002,hypothesised,True,True,False,confirmed,0.0200000000,
B2_labels_and_thresholds_on_primary_cohort,frozen_findings_primary_0.80,14766,132923,14766,8740,0.5919003115,0.2804415549,0.3325283748,132923,32306,0.2430429647,0.0914424140,0.6851778721,primary-cohort rotation,pathology_macro,H1,M4,,external C0 - source C0,True,confirmatory,0.0009503772,-0.0069743286,0.0091709034,-0.0090759916,0.0127083447,0.7946026987,spans_zero,False,False,True,inconclusive,0.0200000000,
B2_labels_and_thresholds_on_primary_cohort,frozen_findings_primary_0.80,14766,132923,14766,8740,0.5919003115,0.2804415549,0.3325283748,132923,32306,0.2430429647,0.0914424140,0.6851778721,primary-cohort rotation,pathology_macro,H2,M3,,interaction C1,True,confirmatory,0.0326498756,0.0246625041,0.0409588622,0.0221153290,0.0441464389,0.0009995002,hypothesised,True,True,False,confirmed,0.0200000000,
B2_labels_and_thresholds_on_primary_cohort,frozen_findings_primary_0.80,14766,132923,14766,8740,0.5919003115,0.2804415549,0.3325283748,132923,32306,0.2430429647,0.0914424140,0.6851778721,primary-cohort rotation,pathology_macro,H2,M3,,interaction C2,False,not_registered,-0.0232233057,-0.0333807129,-0.0131321897,-0.0366279790,-0.0102349951,0.0009995002,opposite,False,False,False,opposite_direction_material,0.0200000000,
B2_labels_and_thresholds_on_primary_cohort,frozen_findings_primary_0.80,14766,132923,14766,8740,0.5919003115,0.2804415549,0.3325283748,132923,32306,0.2430429647,0.0914424140,0.6851778721,primary-cohort rotation,pathology_macro,H2,M4,,interaction C1,True,confirmatory,0.0705846341,0.0631626739,0.0776248467,0.0607676086,0.0801271858,0.0009995002,hypothesised,True,True,False,confirmed,0.0200000000,
B2_labels_and_thresholds_on_primary_cohort,frozen_findings_primary_0.80,14766,132923,14766,8740,0.5919003115,0.2804415549,0.3325283748,132923,32306,0.2430429647,0.0914424140,0.6851778721,primary-cohort rotation,pathology_macro,H2,M4,,interaction C2,False,not_registered,0.0042436565,-0.0043699607,0.0122178152,-0.0066313300,0.0155553706,0.3308345827,spans_zero,False,False,True,inconclusive,0.0200000000,
B2_labels_and_thresholds_on_primary_cohort,frozen_findings_primary_0.80,14766,132923,14766,8740,0.5919003115,0.2804415549,0.3325283748,132923,32306,0.2430429647,0.0914424140,0.6851778721,primary-cohort rotation,pathology_macro,H3,M3,,transfer gap M3 - transfer gap M1,False,not_registered,-0.0377228946,-0.0455209860,-0.0295418550,-0.0486216784,-0.0269349957,0.0009995002,opposite,,,,opposite_direction_not_material,,opposite_direction_material
B2_labels_and_thresholds_on_primary_cohort,frozen_findings_primary_0.80,14766,132923,14766,8740,0.5919003115,0.2804415549,0.3325283748,132923,32306,0.2430429647,0.0914424140,0.6851778721,primary-cohort rotation,pathology_macro,H3,M4,,transfer gap M4 - transfer gap M1,False,not_registered,-0.0754015679,-0.0841207373,-0.0655440975,-0.0876486739,-0.0624731827,0.0009995002,opposite,,,,opposite_direction_not_material,,opposite_direction_material
B2_labels_and_thresholds_on_primary_cohort,frozen_findings_primary_0.80,14766,132923,14766,8740,0.5919003115,0.2804415549,0.3325283748,132923,32306,0.2430429647,0.0914424140,0.6851778721,primary-cohort rotation,pathology_macro,H4,M3,source,C2 - C1,True,secondary,0.0959342968,0.0883256151,0.1035549159,0.0858578659,0.1061675890,0.0009995002,hypothesised,,,,confirmed,,
B2_labels_and_thresholds_on_primary_cohort,frozen_findings_primary_0.80,14766,132923,14766,8740,0.5919003115,0.2804415549,0.3325283748,132923,32306,0.2430429647,0.0914424140,0.6851778721,primary-cohort rotation,pathology_macro,H4,M4,source,C2 - C1,True,secondary,0.0695378327,0.0630329950,0.0760528673,0.0601247837,0.0783892614,0.0009995002,hypothesised,,,,confirmed,,
B2_labels_and_thresholds_on_primary_cohort,frozen_findings_primary_0.80,14766,132923,14766,8740,0.5919003115,0.2804415549,0.3325283748,132923,32306,0.2430429647,0.0914424140,0.6851778721,primary-cohort rotation,pathology_macro,H4,M3,external,C2 - C1,True,secondary,0.0400611155,0.0355461411,0.0447628461,0.0342779577,0.0463273176,0.0009995002,hypothesised,,,,confirmed,,
B2_labels_and_thresholds_on_primary_cohort,frozen_findings_primary_0.80,14766,132923,14766,8740,0.5919003115,0.2804415549,0.3325283748,132923,32306,0.2430429647,0.0914424140,0.6851778721,primary-cohort rotation,pathology_macro,H4,M4,external,C2 - C1,True,secondary,0.0031968551,-0.0008863039,0.0071816940,-0.0023170284,0.0087317655,0.1109445277,spans_zero,,,,inconclusive,,
