analysis,label_variant,estimator,site,model,condition,risk,ci_low,ci_high,coverage_all,coverage_evaluable
primary,primary,original,source,M1,C0,0.1083957553,0.1025431211,0.1146574195,0.7956115400,0.7736599128
primary,primary,original,source,M1,C1,0.1083957553,0.1025431211,0.1146574195,0.7956115400,0.7736599128
primary,primary,original,source,M1,C2,0.1083957553,0.1025431211,0.1146574195,0.7956115400,0.7736599128
primary,primary,original,source,M2,C0,0.1574798943,0.1504885891,0.1647060741,0.8027901937,0.7868684278
primary,primary,original,source,M2,C1,0.2410876338,0.2328052244,0.2492139248,1.0000000000,1.0000000000
primary,primary,original,source,M2,C2,0.2415073582,0.2331519927,0.2496642678,0.7899905188,0.7822518595
primary,primary,original,source,M3,C0,0.1101714334,0.1044309395,0.1162072150,0.7979818502,0.8593229033
primary,primary,original,source,M3,C1,0.0951167903,0.0900401694,0.1005860741,0.8214817825,0.8430366761
primary,primary,original,source,M3,C2,0.1425734747,0.1362838570,0.1489933668,0.7281592848,0.7744293409
primary,primary,original,source,M4,C0,0.0744312729,0.0699878328,0.0790014719,0.7998103752,0.8102077456
primary,primary,original,source,M4,C1,0.0719951215,0.0675599075,0.0764019692,0.8051605039,0.7871249038
primary,primary,original,source,M4,C2,0.0893212631,0.0841528120,0.0944666541,0.7892455641,0.7875096179
primary,primary,original,external,M1,C0,0.1818148578,0.1792290291,0.1844080077,0.7715669974,0.7733344434
primary,primary,original,external,M1,C1,0.1818148578,0.1792290291,0.1844080077,0.7715669974,0.7733344434
primary,primary,original,external,M1,C2,0.1818148578,0.1792290291,0.1844080077,0.7715669974,0.7733344434
primary,primary,original,external,M2,C0,0.2337963127,0.2310466315,0.2364076140,0.8468662308,0.8484486874
primary,primary,original,external,M2,C1,0.2604772437,0.2577893284,0.2629103798,1.0000000000,1.0000000000
primary,primary,original,external,M2,C2,0.2666677042,0.2638048830,0.2693096880,0.8459107905,0.8458770421
primary,primary,original,external,M3,C0,0.1570503103,0.1548982457,0.1593633818,0.7741925777,0.7889400751
primary,primary,original,external,M3,C1,0.1444287411,0.1423705172,0.1466026721,0.8277423772,0.8348041664
primary,primary,original,external,M3,C2,0.1675622091,0.1652338041,0.1699425760,0.7462591124,0.7597084235
primary,primary,original,external,M4,C0,0.1128209860,0.1109940367,0.1146707938,0.7949263860,0.8028713622
primary,primary,original,external,M4,C1,0.1200195918,0.1181329962,0.1219181899,0.7641491691,0.7694584744
primary,primary,original,external,M4,C2,0.1140267856,0.1121700488,0.1158951475,0.7877342522,0.7955819504
primary,primary,evaluable_study,source,M1,C0,0.2110779601,0.2001434577,0.2231630652,0.7956115400,0.7736599128
primary,primary,evaluable_study,source,M1,C1,0.2110779601,0.2001434577,0.2231630652,0.7956115400,0.7736599128
primary,primary,evaluable_study,source,M1,C2,0.2110779601,0.2001434577,0.2231630652,0.7956115400,0.7736599128
primary,primary,evaluable_study,source,M2,C0,0.3042318557,0.2929199693,0.3165166271,0.8027901937,0.7868684278
primary,primary,evaluable_study,source,M2,C1,0.4565144909,0.4417413620,0.4717754029,1.0000000000,1.0000000000
primary,primary,evaluable_study,source,M2,C2,0.4618333333,0.4500288806,0.4729603197,0.7899905188,0.7822518595
primary,primary,evaluable_study,source,M3,C0,0.1937248172,0.1837859990,0.2038208480,0.7979818502,0.8593229033
primary,primary,evaluable_study,source,M3,C1,0.1755045127,0.1663304303,0.1858229992,0.8214817825,0.8430366761
primary,primary,evaluable_study,source,M3,C2,0.2538416956,0.2435138952,0.2647552421,0.7281592848,0.7744293409
primary,primary,evaluable_study,source,M4,C0,0.1391315817,0.1310323148,0.1475838019,0.7998103752,0.8102077456
primary,primary,evaluable_study,source,M4,C1,0.1394509612,0.1315032866,0.1480464010,0.8051605039,0.7871249038
primary,primary,evaluable_study,source,M4,C2,0.1695082234,0.1597812741,0.1790595177,0.7892455641,0.7875096179
primary,primary,evaluable_study,external,M1,C0,0.2230499169,0.2199420514,0.2262113998,0.7715669974,0.7733344434
primary,primary,evaluable_study,external,M1,C1,0.2230499169,0.2199420514,0.2262113998,0.7715669974,0.7733344434
primary,primary,evaluable_study,external,M1,C2,0.2230499169,0.2199420514,0.2262113998,0.7715669974,0.7733344434
primary,primary,evaluable_study,external,M2,C0,0.2869414552,0.2838085963,0.2901917415,0.8468662308,0.8484486874
primary,primary,evaluable_study,external,M2,C1,0.3202847003,0.3169326712,0.3232860027,1.0000000000,1.0000000000
primary,primary,evaluable_study,external,M2,C2,0.3279096175,0.3244480859,0.3310881054,0.8459107905,0.8458770421
primary,primary,evaluable_study,external,M3,C0,0.1895004260,0.1869103747,0.1923254372,0.7741925777,0.7889400751
primary,primary,evaluable_study,external,M3,C1,0.1760883457,0.1735793617,0.1788536315,0.8277423772,0.8348041664
primary,primary,evaluable_study,external,M3,C2,0.2023882002,0.1995729222,0.2052489644,0.7462591124,0.7597084235
primary,primary,evaluable_study,external,M4,C0,0.1373527130,0.1351225815,0.1396067522,0.7949263860,0.8028713622
primary,primary,evaluable_study,external,M4,C1,0.1465586679,0.1442191291,0.1489040750,0.7641491691,0.7694584744
primary,primary,evaluable_study,external,M4,C2,0.1388251322,0.1365315472,0.1410958891,0.7877342522,0.7955819504
primary,primary,cell_micro,source,M1,C0,0.1924626490,0.1827635239,0.2028877197,0.7956115400,0.7736599128
primary,primary,cell_micro,source,M1,C1,0.1924626490,0.1827635239,0.2028877197,0.7956115400,0.7736599128
primary,primary,cell_micro,source,M1,C2,0.1924626490,0.1827635239,0.2028877197,0.7956115400,0.7736599128
primary,primary,cell_micro,source,M2,C0,0.3156205120,0.3038822296,0.3274891593,0.8027901937,0.7868684278
primary,primary,cell_micro,source,M2,C1,0.4684411648,0.4544638138,0.4825424323,1.0000000000,1.0000000000
primary,primary,cell_micro,source,M2,C2,0.4688814130,0.4571206662,0.4795955453,0.7899905188,0.7822518595
primary,primary,cell_micro,source,M3,C0,0.1873348932,0.1788289333,0.1965422233,0.7979818502,0.8593229033
primary,primary,cell_micro,source,M3,C1,0.1659706110,0.1573550285,0.1753124865,0.8214817825,0.8430366761
primary,primary,cell_micro,source,M3,C2,0.2432363882,0.2333827250,0.2535077240,0.7281592848,0.7744293409
primary,primary,cell_micro,source,M4,C0,0.1345161290,0.1269979932,0.1424807252,0.7998103752,0.8102077456
primary,primary,cell_micro,source,M4,C1,0.1383684298,0.1306616508,0.1462532902,0.8051605039,0.7871249038
primary,primary,cell_micro,source,M4,C2,0.1608536788,0.1518710378,0.1695899670,0.7892455641,0.7875096179
primary,primary,cell_micro,external,M1,C0,0.2080934080,0.2052604312,0.2109166197,0.7715669974,0.7733344434
primary,primary,cell_micro,external,M1,C1,0.2080934080,0.2052604312,0.2109166197,0.7715669974,0.7733344434
primary,primary,cell_micro,external,M1,C2,0.2080934080,0.2052604312,0.2109166197,0.7715669974,0.7733344434
primary,primary,cell_micro,external,M2,C0,0.3142860657,0.3108569624,0.3177399278,0.8468662308,0.8484486874
primary,primary,cell_micro,external,M2,C1,0.3559666811,0.3525118218,0.3590847463,1.0000000000,1.0000000000
primary,primary,cell_micro,external,M2,C2,0.3596157399,0.3558306520,0.3631090567,0.8459107905,0.8458770421
primary,primary,cell_micro,external,M3,C0,0.1846950366,0.1822085395,0.1872858575,0.7741925777,0.7889400751
primary,primary,cell_micro,external,M3,C1,0.1677555858,0.1654798081,0.1701944960,0.8277423772,0.8348041664
primary,primary,cell_micro,external,M3,C2,0.1971337822,0.1945294830,0.1997786604,0.7462591124,0.7597084235
primary,primary,cell_micro,external,M4,C0,0.1421085740,0.1398552250,0.1442902814,0.7949263860,0.8028713622
primary,primary,cell_micro,external,M4,C1,0.1391637023,0.1371052821,0.1412401416,0.7641491691,0.7694584744
primary,primary,cell_micro,external,M4,C2,0.1438692669,0.1415899464,0.1461094309,0.7877342522,0.7955819504
primary,primary,pathology_macro,source,M1,C0,0.2002952210,0.1902857944,0.2110210252,0.7956115400,0.7736599128
primary,primary,pathology_macro,source,M1,C1,0.2002952210,0.1902857944,0.2110210252,0.7956115400,0.7736599128
primary,primary,pathology_macro,source,M1,C2,0.2002952210,0.1902857944,0.2110210252,0.7956115400,0.7736599128
primary,primary,pathology_macro,source,M2,C0,0.3184878505,0.3072718429,0.3301454156,0.8027901937,0.7868684278
primary,primary,pathology_macro,source,M2,C1,0.5090667304,0.4976007503,0.5208620925,1.0000000000,1.0000000000
primary,primary,pathology_macro,source,M2,C2,0.4812689795,0.4695641070,0.4924585431,0.7899905188,0.7822518595
primary,primary,pathology_macro,source,M3,C0,0.1930973659,0.1841759323,0.2027603725,0.7979818502,0.8593229033
primary,primary,pathology_macro,source,M3,C1,0.1743809123,0.1649245484,0.1848512609,0.8214817825,0.8430366761
primary,primary,pathology_macro,source,M3,C2,0.2505212282,0.2403856676,0.2616092158,0.7281592848,0.7744293409
primary,primary,pathology_macro,source,M4,C0,0.1350879786,0.1274139775,0.1430516531,0.7998103752,0.8102077456
primary,primary,pathology_macro,source,M4,C1,0.1433841917,0.1350886228,0.1520437615,0.8051605039,0.7871249038
primary,primary,pathology_macro,source,M4,C2,0.1628538575,0.1539113890,0.1722844253,0.7892455641,0.7875096179
primary,primary,pathology_macro,external,M1,C0,0.2477354927,0.2448710316,0.2505268739,0.7715669974,0.7733344434
primary,primary,pathology_macro,external,M1,C1,0.2477354927,0.2448710316,0.2505268739,0.7715669974,0.7733344434
primary,primary,pathology_macro,external,M1,C2,0.2477354927,0.2448710316,0.2505268739,0.7715669974,0.7733344434
primary,primary,pathology_macro,external,M2,C0,0.3342221749,0.3305924520,0.3377033251,0.8468662308,0.8484486874
primary,primary,pathology_macro,external,M2,C1,0.4324604085,0.4296570969,0.4351328392,1.0000000000,1.0000000000
primary,primary,pathology_macro,external,M2,C2,0.3893651646,0.3858289926,0.3927398686,0.8459107905,0.8458770421
primary,primary,pathology_macro,external,M3,C0,0.2118520109,0.2090330997,0.2146672127,0.7741925777,0.7889400751
primary,primary,pathology_macro,external,M3,C1,0.1989975816,0.1963522201,0.2018233957,0.8277423772,0.8348041664
primary,primary,pathology_macro,external,M3,C2,0.2237947684,0.2208841938,0.2267594095,0.7462591124,0.7597084235
primary,primary,pathology_macro,external,M4,C0,0.1413739987,0.1389937049,0.1436040891,0.7949263860,0.8028713622
primary,primary,pathology_macro,external,M4,C1,0.1297503146,0.1276702654,0.1318102610,0.7641491691,0.7694584744
primary,primary,pathology_macro,external,M4,C2,0.1426272572,0.1402628412,0.1449308437,0.7877342522,0.7955819504
primary,unmentioned_negative,original,source,M1,C0,0.2578609125,0.2465016171,0.2703425889,0.7956115400,0.7955976973
primary,unmentioned_negative,original,source,M1,C1,0.2578609125,0.2465016171,0.2703425889,0.7956115400,0.7955976973
primary,unmentioned_negative,original,source,M1,C2,0.2578609125,0.2465016171,0.2703425889,0.7956115400,0.7955976973
primary,unmentioned_negative,original,source,M2,C0,0.5352890726,0.5291988362,0.5413172246,0.8027901937,0.8027768371
primary,unmentioned_negative,original,source,M2,C1,0.5397704185,0.5343192350,0.5453159658,1.0000000000,1.0000000000
primary,unmentioned_negative,original,source,M2,C2,0.5666209458,0.5610252583,0.5723258673,0.7899905188,0.7900440230
primary,unmentioned_negative,original,source,M3,C0,0.3490706951,0.3386681693,0.3597333219,0.7979818502,0.7980358957
primary,unmentioned_negative,original,source,M3,C1,0.3277507557,0.3164738625,0.3396749584,0.8214817825,0.8214696918
primary,unmentioned_negative,original,source,M3,C2,0.3458240327,0.3357578196,0.3558561490,0.7281592848,0.7281408737
primary,unmentioned_negative,original,source,M4,C0,0.3826954558,0.3726904069,0.3922792748,0.7998103752,0.7997968168
primary,unmentioned_negative,original,source,M4,C1,0.3442215493,0.3340727348,0.3543518058,0.8051605039,0.8052150356
primary,unmentioned_negative,original,source,M4,C2,0.3657428065,0.3554691248,0.3761845261,0.7892455641,0.7892312902
primary,unmentioned_negative,original,external,M1,C0,0.3228299483,0.3201522645,0.3256746334,0.7715669974,0.7715669974
primary,unmentioned_negative,original,external,M1,C1,0.3228299483,0.3201522645,0.3256746334,0.7715669974,0.7715669974
primary,unmentioned_negative,original,external,M1,C2,0.3228299483,0.3201522645,0.3256746334,0.7715669974,0.7715669974
primary,unmentioned_negative,original,external,M2,C0,0.6082262869,0.6062128219,0.6102888707,0.8468662308,0.8468662308
primary,unmentioned_negative,original,external,M2,C1,0.5083846788,0.5065047497,0.5102899920,1.0000000000,1.0000000000
primary,unmentioned_negative,original,external,M2,C2,0.6205408466,0.6186201527,0.6224181874,0.8459107905,0.8459107905
primary,unmentioned_negative,original,external,M3,C0,0.4318979088,0.4292327682,0.4345936873,0.7741925777,0.7741925777
primary,unmentioned_negative,original,external,M3,C1,0.3778812887,0.3750138222,0.3808573418,0.8277423772,0.8277423772
primary,unmentioned_negative,original,external,M3,C2,0.4391251239,0.4365290620,0.4417770769,0.7462591124,0.7462591124
primary,unmentioned_negative,original,external,M4,C0,0.5133568040,0.5110559010,0.5156537179,0.7949263860,0.7949263860
primary,unmentioned_negative,original,external,M4,C1,0.4395226422,0.4369734396,0.4420282098,0.7641491691,0.7641491691
primary,unmentioned_negative,original,external,M4,C2,0.5121612803,0.5097395411,0.5145525292,0.7877342522,0.7877342522
primary,unmentioned_negative,evaluable_study,source,M1,C0,0.2578828637,0.2465032527,0.2703437276,0.7956115400,0.7955976973
primary,unmentioned_negative,evaluable_study,source,M1,C1,0.2578828637,0.2465032527,0.2703437276,0.7956115400,0.7955976973
primary,unmentioned_negative,evaluable_study,source,M1,C2,0.2578828637,0.2465032527,0.2703437276,0.7956115400,0.7955976973
primary,unmentioned_negative,evaluable_study,source,M2,C0,0.5353342332,0.5292446678,0.5413784651,0.8027901937,0.8027768371
primary,unmentioned_negative,evaluable_study,source,M2,C1,0.5398069760,0.5343921893,0.5453476173,1.0000000000,1.0000000000
primary,unmentioned_negative,evaluable_study,source,M2,C2,0.5666209458,0.5610252583,0.5723258673,0.7899905188,0.7900440230
primary,unmentioned_negative,evaluable_study,source,M3,C0,0.3490706951,0.3386681693,0.3597333219,0.7979818502,0.7980358957
primary,unmentioned_negative,evaluable_study,source,M3,C1,0.3277777778,0.3165000791,0.3397276439,0.8214817825,0.8214696918
primary,unmentioned_negative,evaluable_study,source,M3,C2,0.3458561994,0.3357915028,0.3558935428,0.7281592848,0.7281408737
primary,unmentioned_negative,evaluable_study,source,M4,C0,0.3827278629,0.3727868940,0.3922792748,0.7998103752,0.7997968168
primary,unmentioned_negative,evaluable_study,source,M4,C1,0.3442215493,0.3340727348,0.3543518058,0.8051605039,0.8052150356
primary,unmentioned_negative,evaluable_study,source,M4,C2,0.3657741926,0.3555122223,0.3762012110,0.7892455641,0.7892312902
primary,unmentioned_negative,evaluable_study,external,M1,C0,0.3228299483,0.3201522645,0.3256746334,0.7715669974,0.7715669974
primary,unmentioned_negative,evaluable_study,external,M1,C1,0.3228299483,0.3201522645,0.3256746334,0.7715669974,0.7715669974
primary,unmentioned_negative,evaluable_study,external,M1,C2,0.3228299483,0.3201522645,0.3256746334,0.7715669974,0.7715669974
primary,unmentioned_negative,evaluable_study,external,M2,C0,0.6082262869,0.6062128219,0.6102888707,0.8468662308,0.8468662308
primary,unmentioned_negative,evaluable_study,external,M2,C1,0.5083846788,0.5065047497,0.5102899920,1.0000000000,1.0000000000
primary,unmentioned_negative,evaluable_study,external,M2,C2,0.6205408466,0.6186201527,0.6224181874,0.8459107905,0.8459107905
primary,unmentioned_negative,evaluable_study,external,M3,C0,0.4318979088,0.4292327682,0.4345936873,0.7741925777,0.7741925777
primary,unmentioned_negative,evaluable_study,external,M3,C1,0.3778812887,0.3750138222,0.3808573418,0.8277423772,0.8277423772
primary,unmentioned_negative,evaluable_study,external,M3,C2,0.4391251239,0.4365290620,0.4417770769,0.7462591124,0.7462591124
primary,unmentioned_negative,evaluable_study,external,M4,C0,0.5133568040,0.5110559010,0.5156537179,0.7949263860,0.7949263860
primary,unmentioned_negative,evaluable_study,external,M4,C1,0.4395226422,0.4369734396,0.4420282098,0.7641491691,0.7641491691
primary,unmentioned_negative,evaluable_study,external,M4,C2,0.5121612803,0.5097395411,0.5145525292,0.7877342522,0.7877342522
primary,unmentioned_negative,cell_micro,source,M1,C0,0.2535838822,0.2420399236,0.2660823680,0.7956115400,0.7955976973
primary,unmentioned_negative,cell_micro,source,M1,C1,0.2535838822,0.2420399236,0.2660823680,0.7956115400,0.7955976973
primary,unmentioned_negative,cell_micro,source,M1,C2,0.2535838822,0.2420399236,0.2660823680,0.7956115400,0.7955976973
primary,unmentioned_negative,cell_micro,source,M2,C0,0.5355588569,0.5295391204,0.5416621934,0.8027901937,0.8027768371
primary,unmentioned_negative,cell_micro,source,M2,C1,0.5412119935,0.5358401424,0.5466831977,1.0000000000,1.0000000000
primary,unmentioned_negative,cell_micro,source,M2,C2,0.5674488889,0.5617575645,0.5731114115,0.7899905188,0.7900440230
primary,unmentioned_negative,cell_micro,source,M3,C0,0.3454782962,0.3348447633,0.3562962485,0.7979818502,0.7980358957
primary,unmentioned_negative,cell_micro,source,M3,C1,0.3237660026,0.3123806877,0.3357142780,0.8214817825,0.8214696918
primary,unmentioned_negative,cell_micro,source,M3,C2,0.3423915147,0.3322469188,0.3526146272,0.7281592848,0.7281408737
primary,unmentioned_negative,cell_micro,source,M4,C0,0.3802809482,0.3703537514,0.3898123749,0.7998103752,0.7997968168
primary,unmentioned_negative,cell_micro,source,M4,C1,0.3421084683,0.3319213989,0.3524365884,0.8051605039,0.8052150356
primary,unmentioned_negative,cell_micro,source,M4,C2,0.3628035222,0.3523726042,0.3735782419,0.7892455641,0.7892312902
primary,unmentioned_negative,cell_micro,external,M1,C0,0.3200831215,0.3173648884,0.3229286506,0.7715669974,0.7715669974
primary,unmentioned_negative,cell_micro,external,M1,C1,0.3200831215,0.3173648884,0.3229286506,0.7715669974,0.7715669974
primary,unmentioned_negative,cell_micro,external,M1,C2,0.3200831215,0.3173648884,0.3229286506,0.7715669974,0.7715669974
primary,unmentioned_negative,cell_micro,external,M2,C0,0.6061937942,0.6042319706,0.6082453630,0.8468662308,0.8468662308
primary,unmentioned_negative,cell_micro,external,M2,C1,0.4995349019,0.4976619696,0.5014088790,1.0000000000,1.0000000000
primary,unmentioned_negative,cell_micro,external,M2,C2,0.6194125455,0.6174431746,0.6212423252,0.8459107905,0.8459107905
primary,unmentioned_negative,cell_micro,external,M3,C0,0.4292022379,0.4265095544,0.4318987232,0.7741925777,0.7741925777
primary,unmentioned_negative,cell_micro,external,M3,C1,0.3738277239,0.3709245550,0.3768517257,0.8277423772,0.8277423772
primary,unmentioned_negative,cell_micro,external,M3,C2,0.4366277740,0.4339849508,0.4392883052,0.7462591124,0.7462591124
primary,unmentioned_negative,cell_micro,external,M4,C0,0.5110955322,0.5087411111,0.5133791527,0.7949263860,0.7949263860
primary,unmentioned_negative,cell_micro,external,M4,C1,0.4376579801,0.4351389382,0.4402373991,0.7641491691,0.7641491691
primary,unmentioned_negative,cell_micro,external,M4,C2,0.5098925302,0.5074752350,0.5122859325,0.7877342522,0.7877342522
primary,unmentioned_negative,pathology_macro,source,M1,C0,0.2534679670,0.2419049353,0.2658844172,0.7956115400,0.7955976973
primary,unmentioned_negative,pathology_macro,source,M1,C1,0.2534679670,0.2419049353,0.2658844172,0.7956115400,0.7955976973
primary,unmentioned_negative,pathology_macro,source,M1,C2,0.2534679670,0.2419049353,0.2658844172,0.7956115400,0.7955976973
primary,unmentioned_negative,pathology_macro,source,M2,C0,0.5357053539,0.5296425722,0.5418846612,0.8027901937,0.8027768371
primary,unmentioned_negative,pathology_macro,source,M2,C1,0.5425794668,0.5372800526,0.5479500424,1.0000000000,1.0000000000
primary,unmentioned_negative,pathology_macro,source,M2,C2,0.5676646306,0.5620139723,0.5733278680,0.7899905188,0.7900440230
primary,unmentioned_negative,pathology_macro,source,M3,C0,0.3454069344,0.3347996620,0.3562267593,0.7979818502,0.7980358957
primary,unmentioned_negative,pathology_macro,source,M3,C1,0.3241021869,0.3126788310,0.3359802517,0.8214817825,0.8214696918
primary,unmentioned_negative,pathology_macro,source,M3,C2,0.3423556521,0.3322799031,0.3525263360,0.7281592848,0.7281408737
primary,unmentioned_negative,pathology_macro,source,M4,C0,0.3807566004,0.3708669252,0.3902725660,0.7998103752,0.7997968168
primary,unmentioned_negative,pathology_macro,source,M4,C1,0.3433281687,0.3331996517,0.3535701041,0.8051605039,0.8052150356
primary,unmentioned_negative,pathology_macro,source,M4,C2,0.3631199059,0.3526536792,0.3738192051,0.7892455641,0.7892312902
primary,unmentioned_negative,pathology_macro,external,M1,C0,0.3221973596,0.3194238681,0.3250753622,0.7715669974,0.7715669974
primary,unmentioned_negative,pathology_macro,external,M1,C1,0.3221973596,0.3194238681,0.3250753622,0.7715669974,0.7715669974
primary,unmentioned_negative,pathology_macro,external,M1,C2,0.3221973596,0.3194238681,0.3250753622,0.7715669974,0.7715669974
primary,unmentioned_negative,pathology_macro,external,M2,C0,0.6027805044,0.6008111449,0.6048363195,0.8468662308,0.8468662308
primary,unmentioned_negative,pathology_macro,external,M2,C1,0.4830687693,0.4813269536,0.4847931619,1.0000000000,1.0000000000
primary,unmentioned_negative,pathology_macro,external,M2,C2,0.6158212038,0.6138852597,0.6176538664,0.8459107905,0.8459107905
primary,unmentioned_negative,pathology_macro,external,M3,C0,0.4315037148,0.4287673932,0.4342296871,0.7741925777,0.7741925777
primary,unmentioned_negative,pathology_macro,external,M3,C1,0.3749178932,0.3719662941,0.3779884760,0.8277423772,0.8277423772
primary,unmentioned_negative,pathology_macro,external,M3,C2,0.4386281904,0.4359740065,0.4412931184,0.7462591124,0.7462591124
primary,unmentioned_negative,pathology_macro,external,M4,C0,0.5151993280,0.5128147119,0.5174862117,0.7949263860,0.7949263860
primary,unmentioned_negative,pathology_macro,external,M4,C1,0.4426662590,0.4400723071,0.4451907759,0.7641491691,0.7641491691
primary,unmentioned_negative,pathology_macro,external,M4,C2,0.5136610120,0.5112342827,0.5160595168,0.7877342522,0.7877342522
primary,uncertain_positive,original,source,M1,C0,0.1353719782,0.1290649101,0.1420027074,0.7956115400,0.7699178278
primary,uncertain_positive,original,source,M1,C1,0.1353719782,0.1290649101,0.1420027074,0.7956115400,0.7699178278
primary,uncertain_positive,original,source,M1,C2,0.1353719782,0.1290649101,0.1420027074,0.7956115400,0.7699178278
primary,uncertain_positive,original,source,M2,C0,0.1775462572,0.1704902271,0.1850148303,0.8027901937,0.7888531618
primary,uncertain_positive,original,source,M2,C1,0.2539098831,0.2461666673,0.2617235059,1.0000000000,1.0000000000
primary,uncertain_positive,original,source,M2,C2,0.2560980140,0.2476465732,0.2643285306,0.7899905188,0.7824222937
primary,uncertain_positive,original,source,M3,C0,0.1368129226,0.1304758154,0.1435399341,0.7979818502,0.8570918185
primary,uncertain_positive,original,source,M3,C1,0.1139667491,0.1081222283,0.1200490577,0.8214817825,0.8404191973
primary,uncertain_positive,original,source,M3,C2,0.1691530258,0.1622576649,0.1760818389,0.7281592848,0.7752768846
primary,uncertain_positive,original,source,M4,C0,0.0958439176,0.0908283266,0.1009487009,0.7998103752,0.8089793974
primary,uncertain_positive,original,source,M4,C1,0.0875725461,0.0827958147,0.0924046929,0.8051605039,0.7820650232
primary,uncertain_positive,original,source,M4,C2,0.1079400492,0.1024575719,0.1136914976,0.7892455641,0.7864713588
primary,uncertain_positive,original,external,M1,C0,0.2428694703,0.2400734450,0.2456055420,0.7715669974,0.7700246405
primary,uncertain_positive,original,external,M1,C1,0.2428694703,0.2400734450,0.2456055420,0.7715669974,0.7700246405
primary,uncertain_positive,original,external,M1,C2,0.2428694703,0.2400734450,0.2456055420,0.7715669974,0.7700246405
primary,uncertain_positive,original,external,M2,C0,0.2653866996,0.2625921175,0.2681705755,0.8468662308,0.8485789509
primary,uncertain_positive,original,external,M2,C1,0.3510473482,0.3482870666,0.3537195317,1.0000000000,1.0000000000
primary,uncertain_positive,original,external,M2,C2,0.2993103050,0.2966370398,0.3019866293,0.8459107905,0.8462330385
primary,uncertain_positive,original,external,M3,C0,0.2005948679,0.1980440165,0.2031299774,0.7741925777,0.7865472895
primary,uncertain_positive,original,external,M3,C1,0.1961181902,0.1936560187,0.1987239160,0.8277423772,0.8306723824
primary,uncertain_positive,original,external,M3,C2,0.2104976729,0.2079231136,0.2129687137,0.7462591124,0.7585229191
primary,uncertain_positive,original,external,M4,C0,0.1338710441,0.1318571166,0.1358609471,0.7949263860,0.8008759198
primary,uncertain_positive,original,external,M4,C1,0.1508724431,0.1488961173,0.1530151353,0.7641491691,0.7662188618
primary,uncertain_positive,original,external,M4,C2,0.1348386306,0.1327986828,0.1368960533,0.7877342522,0.7933909404
primary,uncertain_positive,evaluable_study,source,M1,C0,0.2459938128,0.2342924472,0.2583627937,0.7956115400,0.7699178278
primary,uncertain_positive,evaluable_study,source,M1,C1,0.2459938128,0.2342924472,0.2583627937,0.7956115400,0.7699178278
primary,uncertain_positive,evaluable_study,source,M1,C2,0.2459938128,0.2342924472,0.2583627937,0.7956115400,0.7699178278
primary,uncertain_positive,evaluable_study,source,M2,C0,0.3177284622,0.3069294580,0.3291318566,0.8027901937,0.7888531618
primary,uncertain_positive,evaluable_study,source,M2,C1,0.4464967647,0.4329958219,0.4607543571,1.0000000000,1.0000000000
primary,uncertain_positive,evaluable_study,source,M2,C2,0.4547006596,0.4434049925,0.4654268508,0.7899905188,0.7824222937
primary,uncertain_positive,evaluable_study,source,M3,C0,0.2239914779,0.2137990811,0.2347273546,0.7979818502,0.8570918185
primary,uncertain_positive,evaluable_study,source,M3,C1,0.1958929668,0.1861383404,0.2062983437,0.8214817825,0.8404191973
primary,uncertain_positive,evaluable_study,source,M3,C2,0.2793753200,0.2682535139,0.2906096380,0.7281592848,0.7752768846
primary,uncertain_positive,evaluable_study,source,M4,C0,0.1666298641,0.1580032781,0.1757184634,0.7998103752,0.8089793974
primary,uncertain_positive,evaluable_study,source,M4,C1,0.1585427136,0.1501882652,0.1672594694,0.8051605039,0.7820650232
primary,uncertain_positive,evaluable_study,source,M4,C2,0.1904805169,0.1805980278,0.2001253556,0.7892455641,0.7864713588
primary,uncertain_positive,evaluable_study,external,M1,C0,0.2729663237,0.2698607414,0.2760947019,0.7715669974,0.7700246405
primary,uncertain_positive,evaluable_study,external,M1,C1,0.2729663237,0.2698607414,0.2760947019,0.7715669974,0.7700246405
primary,uncertain_positive,evaluable_study,external,M1,C2,0.2729663237,0.2698607414,0.2760947019,0.7715669974,0.7700246405
primary,uncertain_positive,evaluable_study,external,M2,C0,0.2970768695,0.2941564002,0.3001524337,0.8468662308,0.8485789509
primary,uncertain_positive,evaluable_study,external,M2,C1,0.3937611107,0.3906755065,0.3967107418,1.0000000000,1.0000000000
primary,uncertain_positive,evaluable_study,external,M2,C2,0.3356011049,0.3326246403,0.3384782649,0.8459107905,0.8462330385
primary,uncertain_positive,evaluable_study,external,M3,C0,0.2214680628,0.2186716306,0.2243447992,0.7741925777,0.7865472895
primary,uncertain_positive,evaluable_study,external,M3,C1,0.2192049818,0.2164268772,0.2222540904,0.8277423772,0.8306723824
primary,uncertain_positive,evaluable_study,external,M3,C2,0.2322925937,0.2294513334,0.2350629343,0.7462591124,0.7585229191
primary,uncertain_positive,evaluable_study,external,M4,C0,0.1490443276,0.1467825206,0.1512948627,0.7949263860,0.8008759198
primary,uncertain_positive,evaluable_study,external,M4,C1,0.1687727606,0.1664865403,0.1711263881,0.7641491691,0.7662188618
primary,uncertain_positive,evaluable_study,external,M4,C2,0.1501668085,0.1479218876,0.1523527720,0.7877342522,0.7933909404
primary,uncertain_positive,cell_micro,source,M1,C0,0.2210207612,0.2107295922,0.2324108182,0.7956115400,0.7699178278
primary,uncertain_positive,cell_micro,source,M1,C1,0.2210207612,0.2107295922,0.2324108182,0.7956115400,0.7699178278
primary,uncertain_positive,cell_micro,source,M1,C2,0.2210207612,0.2107295922,0.2324108182,0.7956115400,0.7699178278
primary,uncertain_positive,cell_micro,source,M2,C0,0.3283904405,0.3174718793,0.3393300520,0.8027901937,0.7888531618
primary,uncertain_positive,cell_micro,source,M2,C1,0.4540807729,0.4415822913,0.4665099904,1.0000000000,1.0000000000
primary,uncertain_positive,cell_micro,source,M2,C2,0.4617257429,0.4512778781,0.4718860437,0.7899905188,0.7824222937
primary,uncertain_positive,cell_micro,source,M3,C0,0.2140509185,0.2048821881,0.2236683294,0.7979818502,0.8570918185
primary,uncertain_positive,cell_micro,source,M3,C1,0.1812302006,0.1720785806,0.1910223849,0.8214817825,0.8404191973
primary,uncertain_positive,cell_micro,source,M3,C2,0.2628214337,0.2526950982,0.2735701827,0.7281592848,0.7752768846
primary,uncertain_positive,cell_micro,source,M4,C0,0.1600689655,0.1521707912,0.1684358087,0.7998103752,0.8089793974
primary,uncertain_positive,cell_micro,source,M4,C1,0.1542682058,0.1465825849,0.1622250608,0.8051605039,0.7820650232
primary,uncertain_positive,cell_micro,source,M4,C2,0.1776973824,0.1685729044,0.1869983776,0.7892455641,0.7864713588
primary,uncertain_positive,cell_micro,external,M1,C0,0.2579129313,0.2549659897,0.2608119082,0.7715669974,0.7700246405
primary,uncertain_positive,cell_micro,external,M1,C1,0.2579129313,0.2549659897,0.2608119082,0.7715669974,0.7700246405
primary,uncertain_positive,cell_micro,external,M1,C2,0.2579129313,0.2549659897,0.2608119082,0.7715669974,0.7700246405
primary,uncertain_positive,cell_micro,external,M2,C0,0.3167580001,0.3136797288,0.3199469624,0.8468662308,0.8485789509
primary,uncertain_positive,cell_micro,external,M2,C1,0.4349288072,0.4319609590,0.4377539396,1.0000000000,1.0000000000
primary,uncertain_positive,cell_micro,external,M2,C2,0.3572332288,0.3540457624,0.3601890029,0.8459107905,0.8462330385
primary,uncertain_positive,cell_micro,external,M3,C0,0.2153658574,0.2127693629,0.2180626952,0.7741925777,0.7865472895
primary,uncertain_positive,cell_micro,external,M3,C1,0.2112035556,0.2085648160,0.2139431119,0.8277423772,0.8306723824
primary,uncertain_positive,cell_micro,external,M3,C2,0.2261514131,0.2234730710,0.2287120225,0.7462591124,0.7585229191
primary,uncertain_positive,cell_micro,external,M4,C0,0.1501629213,0.1480208525,0.1523548185,0.7949263860,0.8008759198
primary,uncertain_positive,cell_micro,external,M4,C1,0.1639864714,0.1619188820,0.1660457660,0.7641491691,0.7662188618
primary,uncertain_positive,cell_micro,external,M4,C2,0.1518183082,0.1495792104,0.1540246153,0.7877342522,0.7933909404
primary,uncertain_positive,pathology_macro,source,M1,C0,0.2281646245,0.2175785412,0.2397785641,0.7956115400,0.7699178278
primary,uncertain_positive,pathology_macro,source,M1,C1,0.2281646245,0.2175785412,0.2397785641,0.7956115400,0.7699178278
primary,uncertain_positive,pathology_macro,source,M1,C2,0.2281646245,0.2175785412,0.2397785641,0.7956115400,0.7699178278
primary,uncertain_positive,pathology_macro,source,M2,C0,0.3325207178,0.3220672830,0.3432499302,0.8027901937,0.7888531618
primary,uncertain_positive,pathology_macro,source,M2,C1,0.4986173894,0.4889741219,0.5085861379,1.0000000000,1.0000000000
primary,uncertain_positive,pathology_macro,source,M2,C2,0.4755105055,0.4644148729,0.4860003501,0.7899905188,0.7824222937
primary,uncertain_positive,pathology_macro,source,M3,C0,0.2192919615,0.2102234209,0.2289429643,0.7979818502,0.8570918185
primary,uncertain_positive,pathology_macro,source,M3,C1,0.1938315526,0.1840347261,0.2042909603,0.8214817825,0.8404191973
primary,uncertain_positive,pathology_macro,source,M3,C2,0.2712646409,0.2607390784,0.2823691257,0.7281592848,0.7752768846
primary,uncertain_positive,pathology_macro,source,M4,C0,0.1640114505,0.1558098561,0.1725881038,0.7998103752,0.8089793974
primary,uncertain_positive,pathology_macro,source,M4,C1,0.1653621594,0.1573761956,0.1741632351,0.8051605039,0.7820650232
primary,uncertain_positive,pathology_macro,source,M4,C2,0.1828603052,0.1735042873,0.1922390071,0.7892455641,0.7864713588
primary,uncertain_positive,pathology_macro,external,M1,C0,0.2698023700,0.2669837330,0.2725853843,0.7715669974,0.7700246405
primary,uncertain_positive,pathology_macro,external,M1,C1,0.2698023700,0.2669837330,0.2725853843,0.7715669974,0.7700246405
primary,uncertain_positive,pathology_macro,external,M1,C2,0.2698023700,0.2669837330,0.2725853843,0.7715669974,0.7700246405
primary,uncertain_positive,pathology_macro,external,M2,C0,0.3267666902,0.3236540379,0.3300467673,0.8468662308,0.8485789509
primary,uncertain_positive,pathology_macro,external,M2,C1,0.4711694944,0.4688433675,0.4733404430,1.0000000000,1.0000000000
primary,uncertain_positive,pathology_macro,external,M2,C2,0.3717746659,0.3687468289,0.3746827734,0.8459107905,0.8462330385
primary,uncertain_positive,pathology_macro,external,M3,C0,0.2236309293,0.2209899335,0.2263676667,0.7741925777,0.7865472895
primary,uncertain_positive,pathology_macro,external,M3,C1,0.2248776097,0.2222350381,0.2276942686,0.8277423772,0.8306723824
primary,uncertain_positive,pathology_macro,external,M3,C2,0.2336445748,0.2309335262,0.2363311461,0.7462591124,0.7585229191
primary,uncertain_positive,pathology_macro,external,M4,C0,0.1556071469,0.1533219405,0.1577776093,0.7949263860,0.8008759198
primary,uncertain_positive,pathology_macro,external,M4,C1,0.1647833821,0.1626086966,0.1668445639,0.7641491691,0.7662188618
primary,uncertain_positive,pathology_macro,external,M4,C2,0.1563868947,0.1541523481,0.1586782721,0.7877342522,0.7933909404
primary,uncertain_negative,original,source,M1,C0,0.1450034048,0.1386174214,0.1517812598,0.7956115400,0.7699178278
primary,uncertain_negative,original,source,M1,C1,0.1450034048,0.1386174214,0.1517812598,0.7956115400,0.7699178278
primary,uncertain_negative,original,source,M1,C2,0.1450034048,0.1386174214,0.1517812598,0.7956115400,0.7699178278
primary,uncertain_negative,original,source,M2,C0,0.1974565547,0.1900816384,0.2051535663,0.8027901937,0.7888531618
primary,uncertain_negative,original,source,M2,C1,0.2771908438,0.2691656096,0.2855808762,1.0000000000,1.0000000000
primary,uncertain_negative,original,source,M2,C2,0.2712816117,0.2629032142,0.2794078998,0.7899905188,0.7824222937
primary,uncertain_negative,original,source,M3,C0,0.1575150641,0.1509611981,0.1638550254,0.7979818502,0.8570918185
primary,uncertain_negative,original,source,M3,C1,0.1490162132,0.1429816446,0.1553075691,0.8214817825,0.8404191973
primary,uncertain_negative,original,source,M3,C2,0.1874891493,0.1803229083,0.1943902235,0.7281592848,0.7752768846
primary,uncertain_negative,original,source,M4,C0,0.1265946938,0.1208648934,0.1323003765,0.7998103752,0.8089793974
primary,uncertain_negative,original,source,M4,C1,0.1246712648,0.1187683011,0.1304541000,0.8051605039,0.7820650232
primary,uncertain_negative,original,source,M4,C2,0.1417381729,0.1355100632,0.1479252971,0.7892455641,0.7864713588
primary,uncertain_negative,original,external,M1,C0,0.2483429051,0.2458326240,0.2508549319,0.7715669974,0.7700246405
primary,uncertain_negative,original,external,M1,C1,0.2483429051,0.2458326240,0.2508549319,0.7715669974,0.7700246405
primary,uncertain_negative,original,external,M1,C2,0.2483429051,0.2458326240,0.2508549319,0.7715669974,0.7700246405
primary,uncertain_negative,original,external,M2,C0,0.3321182160,0.3293661781,0.3348674810,0.8468662308,0.8485789509
primary,uncertain_negative,original,external,M2,C1,0.2982516194,0.2956556866,0.3007571555,1.0000000000,1.0000000000
primary,uncertain_negative,original,external,M2,C2,0.3585533747,0.3556783239,0.3612081922,0.8459107905,0.8462330385
primary,uncertain_negative,original,external,M3,C0,0.2545667004,0.2520243874,0.2570962932,0.7741925777,0.7865472895
primary,uncertain_negative,original,external,M3,C1,0.2301919546,0.2279441309,0.2325689118,0.8277423772,0.8306723824
primary,uncertain_negative,original,external,M3,C2,0.2662388897,0.2637781496,0.2688010758,0.7462591124,0.7585229191
primary,uncertain_negative,original,external,M4,C0,0.2403439204,0.2379567793,0.2427609782,0.7949263860,0.8008759198
primary,uncertain_negative,original,external,M4,C1,0.2282066428,0.2260168399,0.2304908600,0.7641491691,0.7662188618
primary,uncertain_negative,original,external,M4,C2,0.2405690110,0.2382254324,0.2429393099,0.7877342522,0.7933909404
primary,uncertain_negative,evaluable_study,source,M1,C0,0.2634957463,0.2528268980,0.2741801488,0.7956115400,0.7699178278
primary,uncertain_negative,evaluable_study,source,M1,C1,0.2634957463,0.2528268980,0.2741801488,0.7956115400,0.7699178278
primary,uncertain_negative,evaluable_study,source,M1,C2,0.2634957463,0.2528268980,0.2741801488,0.7956115400,0.7699178278
primary,uncertain_negative,evaluable_study,source,M2,C0,0.3533589976,0.3430223592,0.3645589262,0.8027901937,0.7888531618
primary,uncertain_negative,evaluable_study,source,M2,C1,0.4874359890,0.4745142936,0.5002380106,1.0000000000,1.0000000000
primary,uncertain_negative,evaluable_study,source,M2,C2,0.4816590563,0.4707862928,0.4915912308,0.7899905188,0.7824222937
primary,uncertain_negative,evaluable_study,source,M3,C0,0.2578852300,0.2480016809,0.2674311544,0.7979818502,0.8570918185
primary,uncertain_negative,evaluable_study,source,M3,C1,0.2561381135,0.2470369753,0.2654994502,0.8214817825,0.8404191973
primary,uncertain_negative,evaluable_study,source,M3,C2,0.3096594982,0.3001026745,0.3195236637,0.7281592848,0.7752768846
primary,uncertain_negative,evaluable_study,source,M4,C0,0.2200917611,0.2108053730,0.2291159057,0.7998103752,0.8089793974
primary,uncertain_negative,evaluable_study,source,M4,C1,0.2257068169,0.2163650021,0.2345445262,0.8051605039,0.7820650232
primary,uncertain_negative,evaluable_study,source,M4,C2,0.2501236624,0.2404410998,0.2597213245,0.7892455641,0.7864713588
primary,uncertain_negative,evaluable_study,external,M1,C0,0.2791180371,0.2762742092,0.2819658710,0.7715669974,0.7700246405
primary,uncertain_negative,evaluable_study,external,M1,C1,0.2791180371,0.2762742092,0.2819658710,0.7715669974,0.7700246405
primary,uncertain_negative,evaluable_study,external,M1,C2,0.2791180371,0.2762742092,0.2819658710,0.7715669974,0.7700246405
primary,uncertain_negative,evaluable_study,external,M2,C0,0.3717768828,0.3687501179,0.3748345974,0.8468662308,0.8485789509
primary,uncertain_negative,evaluable_study,external,M2,C1,0.3345414501,0.3315707577,0.3374310820,1.0000000000,1.0000000000
primary,uncertain_negative,evaluable_study,external,M2,C2,0.4020272831,0.3988586007,0.4050332351,0.8459107905,0.8462330385
primary,uncertain_negative,evaluable_study,external,M3,C0,0.2810560139,0.2783438514,0.2838791793,0.7741925777,0.7865472895
primary,uncertain_negative,evaluable_study,external,M3,C1,0.2572898677,0.2548257285,0.2599143484,0.8277423772,0.8306723824
primary,uncertain_negative,evaluable_study,external,M3,C2,0.2938052539,0.2911409588,0.2966583693,0.7462591124,0.7585229191
primary,uncertain_negative,evaluable_study,external,M4,C0,0.2675851096,0.2650310635,0.2702631046,0.7949263860,0.8008759198
primary,uncertain_negative,evaluable_study,external,M4,C1,0.2552823054,0.2528413998,0.2578892165,0.7641491691,0.7662188618
primary,uncertain_negative,evaluable_study,external,M4,C2,0.2679164008,0.2652895647,0.2705597343,0.7877342522,0.7933909404
primary,uncertain_negative,cell_micro,source,M1,C0,0.2507208766,0.2413631661,0.2602856175,0.7956115400,0.7699178278
primary,uncertain_negative,cell_micro,source,M1,C1,0.2507208766,0.2413631661,0.2602856175,0.7956115400,0.7699178278
primary,uncertain_negative,cell_micro,source,M1,C2,0.2507208766,0.2413631661,0.2602856175,0.7956115400,0.7699178278
primary,uncertain_negative,cell_micro,source,M2,C0,0.3573999424,0.3470319116,0.3677168735,0.8027901937,0.7888531618
primary,uncertain_negative,cell_micro,source,M2,C1,0.4921080717,0.4799648731,0.5050742708,1.0000000000,1.0000000000
primary,uncertain_negative,cell_micro,source,M2,C2,0.4852846402,0.4750769837,0.4951167551,0.7899905188,0.7824222937
primary,uncertain_negative,cell_micro,source,M3,C0,0.2519497261,0.2433361951,0.2603706726,0.7979818502,0.8570918185
primary,uncertain_negative,cell_micro,source,M3,C1,0.2486800422,0.2399328931,0.2577709253,0.8214817825,0.8404191973
primary,uncertain_negative,cell_micro,source,M3,C2,0.3008906766,0.2915526482,0.3104518662,0.7281592848,0.7752768846
primary,uncertain_negative,cell_micro,source,M4,C0,0.2148275862,0.2065742143,0.2231221881,0.7998103752,0.8089793974
primary,uncertain_negative,cell_micro,source,M4,C1,0.2240986176,0.2154929224,0.2327663915,0.8051605039,0.7820650232
primary,uncertain_negative,cell_micro,source,M4,C2,0.2428885578,0.2336384767,0.2523310844,0.7892455641,0.7864713588
primary,uncertain_negative,cell_micro,external,M1,C0,0.2779780531,0.2753522886,0.2805333623,0.7715669974,0.7700246405
primary,uncertain_negative,cell_micro,external,M1,C1,0.2779780531,0.2753522886,0.2805333623,0.7715669974,0.7700246405
primary,uncertain_negative,cell_micro,external,M1,C2,0.2779780531,0.2753522886,0.2805333623,0.7715669974,0.7700246405
primary,uncertain_negative,cell_micro,external,M2,C0,0.3913663294,0.3884743587,0.3943091671,0.8468662308,0.8485789509
primary,uncertain_negative,cell_micro,external,M2,C1,0.3383176496,0.3354113173,0.3410013695,1.0000000000,1.0000000000
primary,uncertain_negative,cell_micro,external,M2,C2,0.4217488887,0.4186029166,0.4245813684,0.8459107905,0.8462330385
primary,uncertain_negative,cell_micro,external,M3,C0,0.2912858612,0.2887243151,0.2939177298,0.7741925777,0.7865472895
primary,uncertain_negative,cell_micro,external,M3,C1,0.2634243498,0.2610513431,0.2658692534,0.8277423772,0.8306723824
primary,uncertain_negative,cell_micro,external,M3,C2,0.3029822164,0.3005213906,0.3056794871,0.7462591124,0.7585229191
primary,uncertain_negative,cell_micro,external,M4,C0,0.2870167817,0.2844619183,0.2895643238,0.7949263860,0.8008759198
primary,uncertain_negative,cell_micro,external,M4,C1,0.2642279017,0.2619056475,0.2666254391,0.7641491691,0.7662188618
primary,uncertain_negative,cell_micro,external,M4,C2,0.2875928720,0.2851568703,0.2901952118,0.7877342522,0.7933909404
primary,uncertain_negative,pathology_macro,source,M1,C0,0.2568815098,0.2469956069,0.2666961044,0.7956115400,0.7699178278
primary,uncertain_negative,pathology_macro,source,M1,C1,0.2568815098,0.2469956069,0.2666961044,0.7956115400,0.7699178278
primary,uncertain_negative,pathology_macro,source,M1,C2,0.2568815098,0.2469956069,0.2666961044,0.7956115400,0.7699178278
primary,uncertain_negative,pathology_macro,source,M2,C0,0.3553640911,0.3450026860,0.3661463304,0.8027901937,0.7888531618
primary,uncertain_negative,pathology_macro,source,M2,C1,0.5004044161,0.4888003662,0.5120066151,1.0000000000,1.0000000000
primary,uncertain_negative,pathology_macro,source,M2,C2,0.4872917301,0.4771365953,0.4973141803,0.7899905188,0.7824222937
primary,uncertain_negative,pathology_macro,source,M3,C0,0.2586823560,0.2496352945,0.2675138698,0.7979818502,0.8570918185
primary,uncertain_negative,pathology_macro,source,M3,C1,0.2533331269,0.2439228294,0.2628912313,0.8214817825,0.8404191973
primary,uncertain_negative,pathology_macro,source,M3,C2,0.3054135629,0.2958464152,0.3148581647,0.7281592848,0.7752768846
primary,uncertain_negative,pathology_macro,source,M4,C0,0.2193421953,0.2106776969,0.2281606338,0.7998103752,0.8089793974
primary,uncertain_negative,pathology_macro,source,M4,C1,0.2298301274,0.2207705978,0.2389834188,0.8051605039,0.7820650232
primary,uncertain_negative,pathology_macro,source,M4,C2,0.2475254328,0.2380998750,0.2572529244,0.7892455641,0.7864713588
primary,uncertain_negative,pathology_macro,external,M1,C0,0.2914255578,0.2889916975,0.2938930891,0.7715669974,0.7700246405
primary,uncertain_negative,pathology_macro,external,M1,C1,0.2914255578,0.2889916975,0.2938930891,0.7715669974,0.7700246405
primary,uncertain_negative,pathology_macro,external,M1,C2,0.2914255578,0.2889916975,0.2938930891,0.7715669974,0.7700246405
primary,uncertain_negative,pathology_macro,external,M2,C0,0.4046920115,0.4017246986,0.4075636368,0.8468662308,0.8485789509
primary,uncertain_negative,pathology_macro,external,M2,C1,0.3446615219,0.3416097330,0.3474744617,1.0000000000,1.0000000000
primary,uncertain_negative,pathology_macro,external,M2,C2,0.4370463489,0.4338607036,0.4398509707,0.8459107905,0.8462330385
primary,uncertain_negative,pathology_macro,external,M3,C0,0.3102032218,0.3077532333,0.3127923620,0.7741925777,0.7865472895
primary,uncertain_negative,pathology_macro,external,M3,C1,0.2829286606,0.2805219402,0.2853462181,0.8277423772,0.8306723824
primary,uncertain_negative,pathology_macro,external,M3,C2,0.3205885167,0.3180257979,0.3232104518,0.7462591124,0.7585229191
primary,uncertain_negative,pathology_macro,external,M4,C0,0.3090206520,0.3063797721,0.3116078568,0.7949263860,0.8008759198
primary,uncertain_negative,pathology_macro,external,M4,C1,0.2839400664,0.2815560538,0.2864240138,0.7641491691,0.7662188618
primary,uncertain_negative,pathology_macro,external,M4,C2,0.3084120504,0.3058900745,0.3110337256,0.7877342522,0.7933909404
coverage70,primary,original,source,M1,C0,0.0999805087,0.0941618159,0.1064524616,0.6949072193,0.6611951783
coverage70,primary,original,source,M1,C1,0.0999805087,0.0941618159,0.1064524616,0.6949072193,0.6611951783
coverage70,primary,original,source,M1,C2,0.0999805087,0.0941618159,0.1064524616,0.6949072193,0.6611951783
coverage70,primary,original,source,M2,C0,0.1467059549,0.1397452739,0.1539895597,0.6952458350,0.6741472172
coverage70,primary,original,source,M2,C1,0.2410876338,0.2328052244,0.2492139248,1.0000000000,1.0000000000
coverage70,primary,original,source,M2,C2,0.2346994264,0.2265166016,0.2429425052,0.6808208046,0.6723518851
coverage70,primary,original,source,M3,C0,0.1068415588,0.1008514922,0.1130642639,0.6957198971,0.7745575789
coverage70,primary,original,source,M3,C1,0.0914511974,0.0861664020,0.0972562969,0.7098063118,0.7482687869
coverage70,primary,original,source,M3,C2,0.1414123915,0.1347109964,0.1483193466,0.6059190031,0.6683765068
coverage70,primary,original,source,M4,C0,0.0687721332,0.0643175061,0.0733136782,0.7012054720,0.7137727622
coverage70,primary,original,source,M4,C1,0.0677224448,0.0632977644,0.0725540110,0.7098740349,0.6833803539
coverage70,primary,original,source,M4,C2,0.0855346835,0.0800901479,0.0909545655,0.6921982934,0.6933829187
coverage70,primary,original,external,M1,C0,0.1690132887,0.1664170455,0.1717264978,0.6568991070,0.6592384970
coverage70,primary,original,external,M1,C1,0.1690132887,0.1664170455,0.1717264978,0.6568991070,0.6592384970
coverage70,primary,original,external,M1,C2,0.1690132887,0.1664170455,0.1717264978,0.6568991070,0.6592384970
coverage70,primary,original,external,M2,C0,0.2235592750,0.2206737193,0.2262634767,0.7587249761,0.7607444821
coverage70,primary,original,external,M2,C1,0.2604772437,0.2577893284,0.2629103798,1.0000000000,1.0000000000
coverage70,primary,original,external,M2,C2,0.2575348498,0.2545663626,0.2602900071,0.7573557624,0.7574882981
coverage70,primary,original,external,M3,C0,0.1462247339,0.1440101024,0.1486309170,0.6656109176,0.6845756785
coverage70,primary,original,external,M3,C1,0.1328075627,0.1306964249,0.1350911318,0.7190177772,0.7296257239
coverage70,primary,original,external,M3,C2,0.1561941009,0.1537245865,0.1585514251,0.6345102052,0.6516160663
coverage70,primary,original,external,M4,C0,0.1079424002,0.1060315683,0.1098508828,0.6961549168,0.7063884109
coverage70,primary,original,external,M4,C1,0.1135017558,0.1115048598,0.1154863219,0.6548377632,0.6618841465
coverage70,primary,original,external,M4,C2,0.1086314305,0.1067435171,0.1106037649,0.6883458845,0.6985717193
coverage70,primary,evaluable_study,source,M1,C0,0.1989720714,0.1873140479,0.2110824012,0.6949072193,0.6611951783
coverage70,primary,evaluable_study,source,M1,C1,0.1989720714,0.1873140479,0.2110824012,0.6949072193,0.6611951783
coverage70,primary,evaluable_study,source,M1,C2,0.1989720714,0.1873140479,0.2110824012,0.6949072193,0.6611951783
coverage70,primary,evaluable_study,source,M2,C0,0.2864910278,0.2746378074,0.2993235062,0.6952458350,0.6741472172
coverage70,primary,evaluable_study,source,M2,C1,0.4565144909,0.4417413620,0.4717754029,1.0000000000,1.0000000000
coverage70,primary,evaluable_study,source,M2,C2,0.4500158942,0.4372758488,0.4621845960,0.6808208046,0.6723518851
coverage70,primary,evaluable_study,source,M3,C0,0.1817190949,0.1716307814,0.1920585741,0.6957198971,0.7745575789
coverage70,primary,evaluable_study,source,M3,C1,0.1642673522,0.1547139377,0.1747513353,0.7098063118,0.7482687869
coverage70,primary,evaluable_study,source,M3,C2,0.2427507035,0.2316323136,0.2542328032,0.6059190031,0.6683765068
coverage70,primary,evaluable_study,source,M4,C0,0.1279314888,0.1195767718,0.1363111756,0.7012054720,0.7137727622
coverage70,primary,evaluable_study,source,M4,C1,0.1332082317,0.1247555651,0.1422788678,0.7098740349,0.6833803539
coverage70,primary,evaluable_study,source,M4,C2,0.1616885519,0.1513377966,0.1718641717,0.6921982934,0.6933829187
coverage70,primary,evaluable_study,external,M1,C0,0.2070824856,0.2039183230,0.2103288942,0.6568991070,0.6592384970
coverage70,primary,evaluable_study,external,M1,C1,0.2070824856,0.2039183230,0.2103288942,0.6568991070,0.6592384970
coverage70,primary,evaluable_study,external,M1,C2,0.2070824856,0.2039183230,0.2103288942,0.6568991070,0.6592384970
coverage70,primary,evaluable_study,external,M2,C0,0.2741603638,0.2708082869,0.2774744848,0.7587249761,0.7607444821
coverage70,primary,evaluable_study,external,M2,C1,0.3202847003,0.3169326712,0.3232860027,1.0000000000,1.0000000000
coverage70,primary,evaluable_study,external,M2,C2,0.3166113051,0.3130436884,0.3200430713,0.7573557624,0.7574882981
coverage70,primary,evaluable_study,external,M3,C0,0.1748180279,0.1721267608,0.1776969588,0.6656109176,0.6845756785
coverage70,primary,evaluable_study,external,M3,C1,0.1609269214,0.1583052652,0.1637443410,0.7190177772,0.7296257239
coverage70,primary,evaluable_study,external,M3,C2,0.1870156112,0.1840706060,0.1899454254,0.6345102052,0.6516160663
coverage70,primary,evaluable_study,external,M4,C0,0.1308039339,0.1284459363,0.1331347794,0.6961549168,0.7063884109
coverage70,primary,evaluable_study,external,M4,C1,0.1380768030,0.1356432650,0.1405378886,0.6548377632,0.6618841465
coverage70,primary,evaluable_study,external,M4,C2,0.1316187084,0.1292937308,0.1339980576,0.6883458845,0.6985717193
coverage70,primary,cell_micro,source,M1,C0,0.1791743925,0.1694438896,0.1897029008,0.6949072193,0.6611951783
coverage70,primary,cell_micro,source,M1,C1,0.1791743925,0.1694438896,0.1897029008,0.6949072193,0.6611951783
coverage70,primary,cell_micro,source,M1,C2,0.1791743925,0.1694438896,0.1897029008,0.6949072193,0.6611951783
coverage70,primary,cell_micro,source,M2,C0,0.2963587658,0.2842042088,0.3086813279,0.6952458350,0.6741472172
coverage70,primary,cell_micro,source,M2,C1,0.4684411648,0.4544638138,0.4825424323,1.0000000000,1.0000000000
coverage70,primary,cell_micro,source,M2,C2,0.4581290449,0.4458845007,0.4695613060,0.6808208046,0.6723518851
coverage70,primary,cell_micro,source,M3,C0,0.1772078353,0.1686317010,0.1868892160,0.6957198971,0.7745575789
coverage70,primary,cell_micro,source,M3,C1,0.1575951005,0.1490124005,0.1672803079,0.7098063118,0.7482687869
coverage70,primary,cell_micro,source,M3,C2,0.2326348467,0.2222769752,0.2433831886,0.6059190031,0.6683765068
coverage70,primary,cell_micro,source,M4,C0,0.1243179338,0.1167632916,0.1321992310,0.7012054720,0.7137727622
coverage70,primary,cell_micro,source,M4,C1,0.1310056132,0.1230356272,0.1394726475,0.7098740349,0.6833803539
coverage70,primary,cell_micro,source,M4,C2,0.1533320783,0.1437566966,0.1630059270,0.6921982934,0.6933829187
coverage70,primary,cell_micro,external,M1,C0,0.1914011754,0.1885078017,0.1942044307,0.6568991070,0.6592384970
coverage70,primary,cell_micro,external,M1,C1,0.1914011754,0.1885078017,0.1942044307,0.6568991070,0.6592384970
coverage70,primary,cell_micro,external,M1,C2,0.1914011754,0.1885078017,0.1942044307,0.6568991070,0.6592384970
coverage70,primary,cell_micro,external,M2,C0,0.3024516058,0.2988469275,0.3059945244,0.7587249761,0.7607444821
coverage70,primary,cell_micro,external,M2,C1,0.3559666811,0.3525118218,0.3590847463,1.0000000000,1.0000000000
coverage70,primary,cell_micro,external,M2,C2,0.3497807470,0.3458199408,0.3535689385,0.7573557624,0.7574882981
coverage70,primary,cell_micro,external,M3,C0,0.1713187733,0.1688108158,0.1740207438,0.6656109176,0.6845756785
coverage70,primary,cell_micro,external,M3,C1,0.1543360405,0.1519589530,0.1568779124,0.7190177772,0.7296257239
coverage70,primary,cell_micro,external,M3,C2,0.1836217882,0.1809426008,0.1863786434,0.6345102052,0.6516160663
coverage70,primary,cell_micro,external,M4,C0,0.1357520352,0.1334328807,0.1380611511,0.6961549168,0.7063884109
coverage70,primary,cell_micro,external,M4,C1,0.1309569994,0.1288497014,0.1330591323,0.6548377632,0.6618841465
coverage70,primary,cell_micro,external,M4,C2,0.1367633177,0.1345265366,0.1391241640,0.6883458845,0.6985717193
coverage70,primary,pathology_macro,source,M1,C0,0.1887973751,0.1784742214,0.1999770365,0.6949072193,0.6611951783
coverage70,primary,pathology_macro,source,M1,C1,0.1887973751,0.1784742214,0.1999770365,0.6949072193,0.6611951783
coverage70,primary,pathology_macro,source,M1,C2,0.1887973751,0.1784742214,0.1999770365,0.6949072193,0.6611951783
coverage70,primary,pathology_macro,source,M2,C0,0.3021000059,0.2901269204,0.3144342723,0.6952458350,0.6741472172
coverage70,primary,pathology_macro,source,M2,C1,0.5090667304,0.4976007503,0.5208620925,1.0000000000,1.0000000000
coverage70,primary,pathology_macro,source,M2,C2,0.4699784305,0.4575121532,0.4819453416,0.6808208046,0.6723518851
coverage70,primary,pathology_macro,source,M3,C0,0.1834954860,0.1742990707,0.1935093982,0.6957198971,0.7745575789
coverage70,primary,pathology_macro,source,M3,C1,0.1645350995,0.1549307530,0.1747996146,0.7098063118,0.7482687869
coverage70,primary,pathology_macro,source,M3,C2,0.2405590817,0.2301578697,0.2523822697,0.6059190031,0.6683765068
coverage70,primary,pathology_macro,source,M4,C0,0.1244848855,0.1165572422,0.1326002910,0.7012054720,0.7137727622
coverage70,primary,pathology_macro,source,M4,C1,0.1335061640,0.1247837667,0.1424624601,0.7098740349,0.6833803539
coverage70,primary,pathology_macro,source,M4,C2,0.1555120494,0.1463020273,0.1653429977,0.6921982934,0.6933829187
coverage70,primary,pathology_macro,external,M1,C0,0.2352899077,0.2322962394,0.2382507512,0.6568991070,0.6592384970
coverage70,primary,pathology_macro,external,M1,C1,0.2352899077,0.2322962394,0.2382507512,0.6568991070,0.6592384970
coverage70,primary,pathology_macro,external,M1,C2,0.2352899077,0.2322962394,0.2382507512,0.6568991070,0.6592384970
coverage70,primary,pathology_macro,external,M2,C0,0.3217720105,0.3179689957,0.3253793139,0.7587249761,0.7607444821
coverage70,primary,pathology_macro,external,M2,C1,0.4324604085,0.4296570969,0.4351328392,1.0000000000,1.0000000000
coverage70,primary,pathology_macro,external,M2,C2,0.3784922414,0.3747822265,0.3820806049,0.7573557624,0.7574882981
coverage70,primary,pathology_macro,external,M3,C0,0.1975225273,0.1945252019,0.2006407665,0.6656109176,0.6845756785
coverage70,primary,pathology_macro,external,M3,C1,0.1852322714,0.1823444168,0.1881882350,0.7190177772,0.7296257239
coverage70,primary,pathology_macro,external,M3,C2,0.2092730530,0.2061355469,0.2124766331,0.6345102052,0.6516160663
coverage70,primary,pathology_macro,external,M4,C0,0.1346865521,0.1320928003,0.1371097106,0.6961549168,0.7063884109
coverage70,primary,pathology_macro,external,M4,C1,0.1230127994,0.1208781216,0.1252379438,0.6548377632,0.6618841465
coverage70,primary,pathology_macro,external,M4,C2,0.1355507379,0.1332568425,0.1380037405,0.6883458845,0.6985717193
coverage90,primary,original,source,M1,C0,0.1144826892,0.1087479560,0.1206522618,0.8971962617,0.8856116953
coverage90,primary,original,source,M1,C1,0.1144826892,0.1087479560,0.1206522618,0.8971962617,0.8856116953
coverage90,primary,original,source,M1,C2,0.1144826892,0.1087479560,0.1206522618,0.8971962617,0.8856116953
coverage90,primary,original,source,M2,C0,0.1657253516,0.1586673459,0.1729704005,0.9005146959,0.8913824057
coverage90,primary,original,source,M2,C1,0.2410876338,0.2328052244,0.2492139248,1.0000000000,1.0000000000
coverage90,primary,original,source,M2,C2,0.2476318854,0.2392937284,0.2555599164,0.8917784099,0.8865093614
coverage90,primary,original,source,M3,C0,0.1107605542,0.1051640194,0.1166531121,0.9026141135,0.9337009490
coverage90,primary,original,source,M3,C1,0.0974339017,0.0924783768,0.1028790663,0.9135852634,0.9222877661
coverage90,primary,original,source,M3,C2,0.1440057675,0.1377655253,0.1501130356,0.8610998239,0.8890741216
coverage90,primary,original,source,M4,C0,0.0791516652,0.0746002082,0.0837456621,0.9028850061,0.9104898692
coverage90,primary,original,source,M4,C1,0.0767476748,0.0724603929,0.0813056290,0.9028850061,0.8944601180
coverage90,primary,original,source,M4,C2,0.0950664660,0.0898547011,0.1000830041,0.9000406339,0.9026673506
coverage90,primary,original,external,M1,C0,0.1926876506,0.1902188706,0.1951420273,0.8843465766,0.8853490222
coverage90,primary,original,external,M1,C1,0.1926876506,0.1902188706,0.1951420273,0.8843465766,0.8853490222
coverage90,primary,original,external,M1,C2,0.1926876506,0.1902188706,0.1951420273,0.8843465766,0.8853490222
coverage90,primary,original,external,M2,C0,0.2434510732,0.2407908202,0.2460342826,0.9279883843,0.9290392407
coverage90,primary,original,external,M2,C1,0.2604772437,0.2577893284,0.2629103798,1.0000000000,1.0000000000
coverage90,primary,original,external,M2,C2,0.2761056850,0.2733890539,0.2786591870,0.9273940552,0.9271521341
coverage90,primary,original,external,M3,C0,0.1655919410,0.1634386592,0.1679364502,0.8860919480,0.8944237849
coverage90,primary,original,external,M3,C1,0.1524796399,0.1503868102,0.1546996128,0.9191411569,0.9226378790
coverage90,primary,original,external,M3,C2,0.1750205116,0.1728333818,0.1773003339,0.8680363820,0.8757377292
coverage90,primary,original,external,M4,C0,0.1165973895,0.1148526841,0.1183378754,0.8995282983,0.9032302825
coverage90,primary,original,external,M4,C1,0.1246384151,0.1227607202,0.1264192871,0.8839102337,0.8868106048
coverage90,primary,original,external,M4,C2,0.1185208870,0.1166707010,0.1202683564,0.8940965822,0.8985587686
coverage90,primary,evaluable_study,source,M1,C0,0.2196157930,0.2088060927,0.2315706181,0.8971962617,0.8856116953
coverage90,primary,evaluable_study,source,M1,C1,0.2196157930,0.2088060927,0.2315706181,0.8971962617,0.8856116953
coverage90,primary,evaluable_study,source,M1,C2,0.2196157930,0.2088060927,0.2315706181,0.8971962617,0.8856116953
coverage90,primary,evaluable_study,source,M2,C0,0.3170263271,0.3060467317,0.3286617490,0.9005146959,0.8913824057
coverage90,primary,evaluable_study,source,M2,C1,0.4565144909,0.4417413620,0.4717754029,1.0000000000,1.0000000000
coverage90,primary,evaluable_study,source,M2,C2,0.4716934278,0.4604657059,0.4824381755,0.8917784099,0.8865093614
coverage90,primary,evaluable_study,source,M3,C0,0.2027491645,0.1929063407,0.2129966451,0.9026141135,0.9337009490
coverage90,primary,evaluable_study,source,M3,C1,0.1827563033,0.1734283379,0.1929906588,0.9135852634,0.9222877661
coverage90,primary,evaluable_study,source,M3,C2,0.2641040435,0.2540552725,0.2742788875,0.8610998239,0.8890741216
coverage90,primary,evaluable_study,source,M4,C0,0.1486267606,0.1407072360,0.1569175056,0.9028850061,0.9104898692
coverage90,primary,evaluable_study,source,M4,C1,0.1466953405,0.1387812236,0.1550976987,0.9028850061,0.8944601180
coverage90,primary,evaluable_study,source,M4,C2,0.1794904579,0.1702550313,0.1888140939,0.9000406339,0.9026673506
coverage90,primary,evaluable_study,external,M1,C0,0.2366618604,0.2336587925,0.2396580636,0.8843465766,0.8853490222
coverage90,primary,evaluable_study,external,M1,C1,0.2366618604,0.2336587925,0.2396580636,0.8843465766,0.8853490222
coverage90,primary,evaluable_study,external,M1,C2,0.2366618604,0.2336587925,0.2396580636,0.8843465766,0.8853490222
coverage90,primary,evaluable_study,external,M2,C0,0.2990105977,0.2958675174,0.3022880647,0.9279883843,0.9290392407
coverage90,primary,evaluable_study,external,M2,C1,0.3202847003,0.3169326712,0.3232860027,1.0000000000,1.0000000000
coverage90,primary,evaluable_study,external,M2,C2,0.3395901304,0.3363051610,0.3426498841,0.9273940552,0.9271521341
coverage90,primary,evaluable_study,external,M3,C0,0.2017163276,0.1991519421,0.2044721104,0.8860919480,0.8944237849
coverage90,primary,evaluable_study,external,M3,C1,0.1867794945,0.1842390040,0.1895904705,0.9191411569,0.9226378790
coverage90,primary,evaluable_study,external,M3,C2,0.2133139324,0.2106567473,0.2161145069,0.8680363820,0.8757377292
coverage90,primary,evaluable_study,external,M4,C0,0.1427813794,0.1406352224,0.1448981831,0.8995282983,0.9032302825
coverage90,primary,evaluable_study,external,M4,C1,0.1527550609,0.1504199519,0.1550615586,0.8839102337,0.8868106048
coverage90,primary,evaluable_study,external,M4,C2,0.1450104321,0.1427971518,0.1471796802,0.8940965822,0.8985587686
coverage90,primary,cell_micro,source,M1,C0,0.2022912047,0.1928588953,0.2128003703,0.8971962617,0.8856116953
coverage90,primary,cell_micro,source,M1,C1,0.2022912047,0.1928588953,0.2128003703,0.8971962617,0.8856116953
coverage90,primary,cell_micro,source,M1,C2,0.2022912047,0.1928588953,0.2128003703,0.8971962617,0.8856116953
coverage90,primary,cell_micro,source,M2,C0,0.3273562537,0.3162316462,0.3387341797,0.9005146959,0.8913824057
coverage90,primary,cell_micro,source,M2,C1,0.4684411648,0.4544638138,0.4825424323,1.0000000000,1.0000000000
coverage90,primary,cell_micro,source,M2,C2,0.4777463531,0.4672498872,0.4876138243,0.8917784099,0.8865093614
coverage90,primary,cell_micro,source,M3,C0,0.1956399832,0.1873748650,0.2050749499,0.9026141135,0.9337009490
coverage90,primary,cell_micro,source,M3,C1,0.1719527805,0.1633536945,0.1814841161,0.9135852634,0.9222877661
coverage90,primary,cell_micro,source,M3,C2,0.2542033923,0.2449162840,0.2637523069,0.8610998239,0.8890741216
coverage90,primary,cell_micro,source,M4,C0,0.1448365447,0.1376591911,0.1527218129,0.9028850061,0.9104898692
coverage90,primary,cell_micro,source,M4,C1,0.1448670037,0.1372839867,0.1528023426,0.9028850061,0.8944601180
coverage90,primary,cell_micro,source,M4,C2,0.1702714472,0.1615904705,0.1790280791,0.9000406339,0.9026673506
coverage90,primary,cell_micro,external,M1,C0,0.2215915740,0.2188666873,0.2243262966,0.8843465766,0.8853490222
coverage90,primary,cell_micro,external,M1,C1,0.2215915740,0.2188666873,0.2243262966,0.8843465766,0.8853490222
coverage90,primary,cell_micro,external,M1,C2,0.2215915740,0.2188666873,0.2243262966,0.8843465766,0.8853490222
coverage90,primary,cell_micro,external,M2,C0,0.3248762898,0.3214872822,0.3282670708,0.9279883843,0.9290392407
coverage90,primary,cell_micro,external,M2,C1,0.3559666811,0.3525118218,0.3590847463,1.0000000000,1.0000000000
coverage90,primary,cell_micro,external,M2,C2,0.3697954732,0.3663331963,0.3729774382,0.9273940552,0.9271521341
coverage90,primary,cell_micro,external,M3,C0,0.1945616448,0.1921694858,0.1970981244,0.8860919480,0.8944237849
coverage90,primary,cell_micro,external,M3,C1,0.1775891609,0.1752880201,0.1800383785,0.9191411569,0.9226378790
coverage90,primary,cell_micro,external,M3,C2,0.2059117607,0.2034255400,0.2084391015,0.8680363820,0.8757377292
coverage90,primary,cell_micro,external,M4,C0,0.1479040292,0.1457674148,0.1501149238,0.8995282983,0.9032302825
coverage90,primary,cell_micro,external,M4,C1,0.1451753590,0.1431493333,0.1471136577,0.8839102337,0.8868106048
coverage90,primary,cell_micro,external,M4,C2,0.1503143997,0.1480851872,0.1525148798,0.8940965822,0.8985587686
coverage90,primary,pathology_macro,source,M1,C0,0.2089947023,0.1993357587,0.2192925600,0.8971962617,0.8856116953
coverage90,primary,pathology_macro,source,M1,C1,0.2089947023,0.1993357587,0.2192925600,0.8971962617,0.8856116953
coverage90,primary,pathology_macro,source,M1,C2,0.2089947023,0.1993357587,0.2192925600,0.8971962617,0.8856116953
coverage90,primary,pathology_macro,source,M2,C0,0.3295752164,0.3191479266,0.3404152742,0.9005146959,0.8913824057
coverage90,primary,pathology_macro,source,M2,C1,0.5090667304,0.4976007503,0.5208620925,1.0000000000,1.0000000000
coverage90,primary,pathology_macro,source,M2,C2,0.4901779513,0.4792687160,0.5006179936,0.8917784099,0.8865093614
coverage90,primary,pathology_macro,source,M3,C0,0.2013107617,0.1923818332,0.2109641546,0.9026141135,0.9337009490
coverage90,primary,pathology_macro,source,M3,C1,0.1814925603,0.1722513077,0.1915857459,0.9135852634,0.9222877661
coverage90,primary,pathology_macro,source,M3,C2,0.2613399136,0.2513786632,0.2709234557,0.8610998239,0.8890741216
coverage90,primary,pathology_macro,source,M4,C0,0.1447409262,0.1372762815,0.1528463979,0.9028850061,0.9104898692
coverage90,primary,pathology_macro,source,M4,C1,0.1511433787,0.1430039421,0.1595465809,0.9028850061,0.8944601180
coverage90,primary,pathology_macro,source,M4,C2,0.1723946917,0.1636177788,0.1813424133,0.9000406339,0.9026673506
coverage90,primary,pathology_macro,external,M1,C0,0.2582454441,0.2555090469,0.2609385739,0.8843465766,0.8853490222
coverage90,primary,pathology_macro,external,M1,C1,0.2582454441,0.2555090469,0.2609385739,0.8843465766,0.8853490222
coverage90,primary,pathology_macro,external,M1,C2,0.2582454441,0.2555090469,0.2609385739,0.8843465766,0.8853490222
coverage90,primary,pathology_macro,external,M2,C0,0.3452367836,0.3417494539,0.3486060102,0.9279883843,0.9290392407
coverage90,primary,pathology_macro,external,M2,C1,0.4324604085,0.4296570969,0.4351328392,1.0000000000,1.0000000000
coverage90,primary,pathology_macro,external,M2,C2,0.3999448059,0.3966226092,0.4029782460,0.9273940552,0.9271521341
coverage90,primary,pathology_macro,external,M3,C0,0.2230202241,0.2204425835,0.2257335007,0.8860919480,0.8944237849
coverage90,primary,pathology_macro,external,M3,C1,0.2085415426,0.2059931526,0.2113292747,0.9191411569,0.9226378790
coverage90,primary,pathology_macro,external,M3,C2,0.2339560263,0.2311785717,0.2366470856,0.8680363820,0.8757377292
coverage90,primary,pathology_macro,external,M4,C0,0.1473600569,0.1450778465,0.1495910275,0.8995282983,0.9032302825
coverage90,primary,pathology_macro,external,M4,C1,0.1347849781,0.1328524293,0.1367759081,0.8839102337,0.8868106048
coverage90,primary,pathology_macro,external,M4,C2,0.1490622749,0.1467455878,0.1513073322,0.8940965822,0.8985587686
T5,primary,original,source,M1,C0,0.1111542491,0.1050395885,0.1173688666,0.7954411765,0.7751247808
T5,primary,original,source,M1,C1,0.1111542491,0.1050395885,0.1173688666,0.7954411765,0.7751247808
T5,primary,original,source,M1,C2,0.1111542491,0.1050395885,0.1173688666,0.7954411765,0.7751247808
T5,primary,original,source,M2,C0,0.1637628582,0.1560941429,0.1712020173,0.8005882353,0.7844327533
T5,primary,original,source,M2,C1,0.2501715686,0.2417713221,0.2587157027,1.0000000000,1.0000000000
T5,primary,original,source,M2,C2,0.2494144690,0.2409305911,0.2578969100,0.7890441176,0.7851072440
T5,primary,original,source,M3,C0,0.1143581287,0.1078630463,0.1206361692,0.8026470588,0.8591663294
T5,primary,original,source,M3,C1,0.0974489341,0.0920562858,0.1029851045,0.8243382353,0.8436530420
T5,primary,original,source,M3,C2,0.1491270159,0.1418769350,0.1561873977,0.7355882353,0.7821394847
T5,primary,original,source,M4,C0,0.0779031026,0.0731750395,0.0829014085,0.8018382353,0.8115472818
T5,primary,original,source,M4,C1,0.0742989659,0.0697905969,0.0787265330,0.8058823529,0.7875354108
T5,primary,original,source,M4,C2,0.0946812132,0.0896535103,0.1001511186,0.7919117647,0.7930662350
T5,primary,original,external,M1,C0,0.1807198043,0.1780117222,0.1833502341,0.7720371037,0.7737273344
T5,primary,original,external,M1,C1,0.1807198043,0.1780117222,0.1833502341,0.7720371037,0.7737273344
T5,primary,original,external,M1,C2,0.1807198043,0.1780117222,0.1833502341,0.7720371037,0.7737273344
T5,primary,original,external,M2,C0,0.2298979398,0.2269666113,0.2327534288,0.8541606628,0.8563408154
T5,primary,original,external,M2,C1,0.2603551273,0.2577023170,0.2628973163,1.0000000000,1.0000000000
T5,primary,original,external,M2,C2,0.2640038844,0.2609723352,0.2668739960,0.8531880403,0.8527498916
T5,primary,original,external,M3,C0,0.1524762460,0.1499422471,0.1548874543,0.7724693804,0.7878242115
T5,primary,original,external,M3,C1,0.1436725592,0.1413172595,0.1460760006,0.8278548271,0.8349953863
T5,primary,original,external,M3,C2,0.1630910479,0.1604267801,0.1655943464,0.7394362392,0.7521929093
T5,primary,original,external,M4,C0,0.1108831522,0.1089681320,0.1127943917,0.7953890490,0.8031662386
T5,primary,original,external,M4,C1,0.1193749165,0.1173752793,0.1214212721,0.7642110951,0.7701475280
T5,primary,original,external,M4,C2,0.1145911131,0.1125988968,0.1165574296,0.7886077089,0.7954396380
T5,primary,evaluable_study,source,M1,C0,0.2092702170,0.1978379784,0.2212185091,0.7954411765,0.7751247808
T5,primary,evaluable_study,source,M1,C1,0.2092702170,0.1978379784,0.2212185091,0.7954411765,0.7751247808
T5,primary,evaluable_study,source,M1,C2,0.2092702170,0.1978379784,0.2212185091,0.7954411765,0.7751247808
T5,primary,evaluable_study,source,M2,C0,0.3066294067,0.2945636261,0.3187428948,0.8005882353,0.7844327533
T5,primary,evaluable_study,source,M2,C1,0.4589684788,0.4439507982,0.4740137097,1.0000000000,1.0000000000
T5,primary,evaluable_study,source,M2,C2,0.4598739977,0.4483065830,0.4719535511,0.7890441176,0.7851072440
T5,primary,evaluable_study,source,M3,C0,0.1960014654,0.1854184606,0.2064786773,0.8026470588,0.8591663294
T5,primary,evaluable_study,source,M3,C1,0.1746881996,0.1649523905,0.1849588660,0.8243382353,0.8436530420
T5,primary,evaluable_study,source,M3,C2,0.2573071174,0.2461090526,0.2679811243,0.7355882353,0.7821394847
T5,primary,evaluable_study,source,M4,C0,0.1412123227,0.1324016649,0.1502087763,0.8018382353,0.8115472818
T5,primary,evaluable_study,source,M4,C1,0.1394855544,0.1314544870,0.1476321470,0.8058823529,0.7875354108
T5,primary,evaluable_study,source,M4,C2,0.1734507002,0.1641683037,0.1828598967,0.7919117647,0.7930662350
T5,primary,evaluable_study,external,M1,C0,0.2226071422,0.2193293698,0.2258621074,0.7720371037,0.7737273344
T5,primary,evaluable_study,external,M1,C1,0.2226071422,0.2193293698,0.2258621074,0.7720371037,0.7737273344
T5,primary,evaluable_study,external,M1,C2,0.2226071422,0.2193293698,0.2258621074,0.7720371037,0.7737273344
T5,primary,evaluable_study,external,M2,C0,0.2830812572,0.2794872312,0.2866134060,0.8541606628,0.8563408154
T5,primary,evaluable_study,external,M2,C1,0.3214024985,0.3182067646,0.3246908606,1.0000000000,1.0000000000
T5,primary,evaluable_study,external,M2,C2,0.3260742595,0.3224245465,0.3297078913,0.8531880403,0.8527498916
T5,primary,evaluable_study,external,M3,C0,0.1845598611,0.1815362950,0.1875001533,0.7724693804,0.7878242115
T5,primary,evaluable_study,external,M3,C1,0.1758437962,0.1729132443,0.1787727487,0.8278548271,0.8349953863
T5,primary,evaluable_study,external,M3,C2,0.1979177444,0.1947377374,0.2008996124,0.7394362392,0.7521929093
T5,primary,evaluable_study,external,M4,C0,0.1355572781,0.1332076802,0.1378813966,0.7953890490,0.8031662386
T5,primary,evaluable_study,external,M4,C1,0.1462297062,0.1437645315,0.1488105514,0.7642110951,0.7701475280
T5,primary,evaluable_study,external,M4,C2,0.1402451467,0.1378282881,0.1426804035,0.7886077089,0.7954396380
T5,primary,cell_micro,source,M1,C0,0.1914707682,0.1813721889,0.2020880327,0.7954411765,0.7751247808
T5,primary,cell_micro,source,M1,C1,0.1914707682,0.1813721889,0.2020880327,0.7954411765,0.7751247808
T5,primary,cell_micro,source,M1,C2,0.1914707682,0.1813721889,0.2020880327,0.7954411765,0.7751247808
T5,primary,cell_micro,source,M2,C0,0.3174995585,0.3054251320,0.3298436671,0.8005882353,0.7844327533
T5,primary,cell_micro,source,M2,C1,0.4711743283,0.4570206732,0.4855953604,1.0000000000,1.0000000000
T5,primary,cell_micro,source,M2,C2,0.4666725059,0.4557892177,0.4777418558,0.7890441176,0.7851072440
T5,primary,cell_micro,source,M3,C0,0.1889273901,0.1795862690,0.1985005451,0.8026470588,0.8591663294
T5,primary,cell_micro,source,M3,C1,0.1657926583,0.1568843160,0.1748565236,0.8243382353,0.8436530420
T5,primary,cell_micro,source,M3,C2,0.2476497214,0.2380583364,0.2577891006,0.7355882353,0.7821394847
T5,primary,cell_micro,source,M4,C0,0.1357568634,0.1280711836,0.1436844044,0.8018382353,0.8115472818
T5,primary,cell_micro,source,M4,C1,0.1380561555,0.1304131206,0.1456078410,0.8058823529,0.7875354108
T5,primary,cell_micro,source,M4,C2,0.1656252675,0.1570372590,0.1741952663,0.7919117647,0.7930662350
T5,primary,cell_micro,external,M1,C0,0.2072938344,0.2044072675,0.2102383201,0.7720371037,0.7737273344
T5,primary,cell_micro,external,M1,C1,0.2072938344,0.2044072675,0.2102383201,0.7720371037,0.7737273344
T5,primary,cell_micro,external,M1,C2,0.2072938344,0.2044072675,0.2102383201,0.7720371037,0.7737273344
T5,primary,cell_micro,external,M2,C0,0.3117929668,0.3081442174,0.3154339143,0.8541606628,0.8563408154
T5,primary,cell_micro,external,M2,C1,0.3584112325,0.3552040285,0.3615339491,1.0000000000,1.0000000000
T5,primary,cell_micro,external,M2,C2,0.3581107353,0.3542544930,0.3618576406,0.8531880403,0.8527498916
T5,primary,cell_micro,external,M3,C0,0.1800146134,0.1771921012,0.1827627874,0.7724693804,0.7878242115
T5,primary,cell_micro,external,M3,C1,0.1674875748,0.1648910213,0.1700952890,0.8278548271,0.8349953863
T5,primary,cell_micro,external,M3,C2,0.1923966998,0.1894037277,0.1951847095,0.7394362392,0.7521929093
T5,primary,cell_micro,external,M4,C0,0.1418631800,0.1395472101,0.1441529057,0.7953890490,0.8031662386
T5,primary,cell_micro,external,M4,C1,0.1392911999,0.1371692065,0.1415139460,0.7642110951,0.7701475280
T5,primary,cell_micro,external,M4,C2,0.1467945300,0.1443256981,0.1491353340,0.7886077089,0.7954396380
T5,primary,pathology_macro,source,M1,C0,0.1997663619,0.1893117667,0.2103443829,0.7954411765,0.7751247808
T5,primary,pathology_macro,source,M1,C1,0.1997663619,0.1893117667,0.2103443829,0.7954411765,0.7751247808
T5,primary,pathology_macro,source,M1,C2,0.1997663619,0.1893117667,0.2103443829,0.7954411765,0.7751247808
T5,primary,pathology_macro,source,M2,C0,0.3204155584,0.3086864861,0.3323783150,0.8005882353,0.7844327533
T5,primary,pathology_macro,source,M2,C1,0.5127958267,0.5014871699,0.5249664453,1.0000000000,1.0000000000
T5,primary,pathology_macro,source,M2,C2,0.4816931463,0.4698151709,0.4927260945,0.7890441176,0.7851072440
T5,primary,pathology_macro,source,M3,C0,0.1948561478,0.1854472129,0.2048865602,0.8026470588,0.8591663294
T5,primary,pathology_macro,source,M3,C1,0.1743879681,0.1646583634,0.1838463245,0.8243382353,0.8436530420
T5,primary,pathology_macro,source,M3,C2,0.2566755079,0.2469627725,0.2672179864,0.7355882353,0.7821394847
T5,primary,pathology_macro,source,M4,C0,0.1363065687,0.1284773420,0.1446827151,0.8018382353,0.8115472818
T5,primary,pathology_macro,source,M4,C1,0.1433651112,0.1350256546,0.1513604978,0.8058823529,0.7875354108
T5,primary,pathology_macro,source,M4,C2,0.1676961846,0.1586130255,0.1768445590,0.7919117647,0.7930662350
T5,primary,pathology_macro,external,M1,C0,0.2482100717,0.2452125275,0.2511941415,0.7720371037,0.7737273344
T5,primary,pathology_macro,external,M1,C1,0.2482100717,0.2452125275,0.2511941415,0.7720371037,0.7737273344
T5,primary,pathology_macro,external,M1,C2,0.2482100717,0.2452125275,0.2511941415,0.7720371037,0.7737273344
T5,primary,pathology_macro,external,M2,C0,0.3310920473,0.3273942985,0.3347684645,0.8541606628,0.8563408154
T5,primary,pathology_macro,external,M2,C1,0.4354326947,0.4327660716,0.4379839675,1.0000000000,1.0000000000
T5,primary,pathology_macro,external,M2,C2,0.3871193521,0.3834202305,0.3908911411,0.8531880403,0.8527498916
T5,primary,pathology_macro,external,M3,C0,0.2086593198,0.2054819702,0.2116907126,0.7724693804,0.7878242115
T5,primary,pathology_macro,external,M3,C1,0.1999772266,0.1970175362,0.2028196384,0.8278548271,0.8349953863
T5,primary,pathology_macro,external,M3,C2,0.2205399202,0.2172357680,0.2235772936,0.7394362392,0.7521929093
T5,primary,pathology_macro,external,M4,C0,0.1419338108,0.1394467612,0.1443032007,0.7953890490,0.8031662386
T5,primary,pathology_macro,external,M4,C1,0.1304932047,0.1283293996,0.1327101380,0.7642110951,0.7701475280
T5,primary,pathology_macro,external,M4,C2,0.1457101635,0.1431739899,0.1482624041,0.7886077089,0.7954396380
T10,primary,original,source,M1,C0,0.1233041024,0.1159733718,0.1312266828,0.7891659706,0.7728670254
T10,primary,original,source,M1,C1,0.1233041024,0.1159733718,0.1312266828,0.7891659706,0.7728670254
T10,primary,original,source,M1,C2,0.1233041024,0.1159733718,0.1312266828,0.7891659706,0.7728670254
T10,primary,original,source,M2,C0,0.1968369830,0.1876759498,0.2065763223,0.7846319055,0.7724827056
T10,primary,original,source,M2,C1,0.2942409418,0.2834570754,0.3049574873,1.0000000000,1.0000000000
T10,primary,original,source,M2,C2,0.3066671809,0.2957153413,0.3172655428,0.7734160601,0.7765180630
T10,primary,original,source,M3,C0,0.1295017231,0.1215901229,0.1379826449,0.8309270970,0.8606840892
T10,primary,original,source,M3,C1,0.1110053440,0.1037489068,0.1184665829,0.8335520821,0.8451191391
T10,primary,original,source,M3,C2,0.1715726767,0.1628395339,0.1805474630,0.7511036869,0.7847809377
T10,primary,original,source,M4,C0,0.0897532506,0.0836748981,0.0956721604,0.8075408662,0.8162951576
T10,primary,original,source,M4,C1,0.0868380296,0.0807510409,0.0930798975,0.7960863859,0.7830514988
T10,primary,original,source,M4,C2,0.1067094719,0.0999387181,0.1141413179,0.7990693235,0.7934281322
T10,primary,original,external,M1,C0,0.1792268773,0.1738793961,0.1845393923,0.7713643826,0.7728248308
T10,primary,original,external,M1,C1,0.1792268773,0.1738793961,0.1845393923,0.7713643826,0.7728248308
T10,primary,original,external,M1,C2,0.1792268773,0.1738793961,0.1845393923,0.7713643826,0.7728248308
T10,primary,original,external,M2,C0,0.2170778662,0.2114890121,0.2227517184,0.8528039402,0.8558692422
T10,primary,original,external,M2,C1,0.2609630174,0.2556950650,0.2664744729,1.0000000000,1.0000000000
T10,primary,original,external,M2,C2,0.2682137477,0.2626540329,0.2740872535,0.8508165558,0.8525122448
T10,primary,original,external,M3,C0,0.1516225337,0.1468298525,0.1565641283,0.7766352718,0.7963238127
T10,primary,original,external,M3,C1,0.1432407602,0.1381550877,0.1481365930,0.8229499698,0.8298937868
T10,primary,original,external,M3,C2,0.1718115218,0.1665538039,0.1768628127,0.7352026268,0.7518023224
T10,primary,original,external,M4,C0,0.1129270292,0.1087073097,0.1172347536,0.7904173507,0.8001761048
T10,primary,original,external,M4,C1,0.1157339155,0.1115044403,0.1201683545,0.7619459086,0.7692477024
T10,primary,original,external,M4,C2,0.1137807508,0.1095870657,0.1179092482,0.7879547222,0.7961587144
T10,primary,evaluable_study,source,M1,C0,0.2027681087,0.1901693807,0.2163056973,0.7891659706,0.7728670254
T10,primary,evaluable_study,source,M1,C1,0.2027681087,0.1901693807,0.2163056973,0.7891659706,0.7728670254
T10,primary,evaluable_study,source,M1,C2,0.2027681087,0.1901693807,0.2163056973,0.7891659706,0.7728670254
T10,primary,evaluable_study,source,M2,C0,0.3219900498,0.3080798311,0.3364782222,0.7846319055,0.7724827056
T10,primary,evaluable_study,source,M2,C1,0.4738726621,0.4566895932,0.4915977801,1.0000000000,1.0000000000
T10,primary,evaluable_study,source,M2,C2,0.4919120680,0.4786940575,0.5057362778,0.7734160601,0.7765180630
T10,primary,evaluable_study,source,M3,C0,0.2013507479,0.1892461741,0.2142379937,0.8309270970,0.8606840892
T10,primary,evaluable_study,source,M3,C1,0.1763263605,0.1647304604,0.1885917341,0.8335520821,0.8451191391
T10,primary,evaluable_study,source,M3,C2,0.2644588639,0.2518098629,0.2772799187,0.7511036869,0.7847809377
T10,primary,evaluable_study,source,M4,C0,0.1429967043,0.1333445868,0.1529688224,0.8075408662,0.8162951576
T10,primary,evaluable_study,source,M4,C1,0.1421799591,0.1323363137,0.1521165399,0.7960863859,0.7830514988
T10,primary,evaluable_study,source,M4,C2,0.1730766126,0.1625868321,0.1848439106,0.7990693235,0.7934281322
T10,primary,evaluable_study,external,M1,C0,0.2278656033,0.2212313826,0.2346083288,0.7713643826,0.7728248308
T10,primary,evaluable_study,external,M1,C1,0.2278656033,0.2212313826,0.2346083288,0.7713643826,0.7728248308
T10,primary,evaluable_study,external,M1,C2,0.2278656033,0.2212313826,0.2346083288,0.7713643826,0.7728248308
T10,primary,evaluable_study,external,M2,C0,0.2755208333,0.2685403776,0.2824066498,0.8528039402,0.8558692422
T10,primary,evaluable_study,external,M2,C1,0.3324115349,0.3259439895,0.3389489518,1.0000000000,1.0000000000
T10,primary,evaluable_study,external,M2,C2,0.3409678738,0.3343812541,0.3480199706,0.8508165558,0.8525122448
T10,primary,evaluable_study,external,M3,C0,0.1883598249,0.1825630412,0.1947342968,0.7766352718,0.7963238127
T10,primary,evaluable_study,external,M3,C1,0.1809316976,0.1745937664,0.1871243944,0.8229499698,0.8298937868
T10,primary,evaluable_study,external,M3,C2,0.2140192275,0.2076765630,0.2202818518,0.7352026268,0.7518023224
T10,primary,evaluable_study,external,M4,C0,0.1420907840,0.1368135327,0.1474556947,0.7904173507,0.8001761048
T10,primary,evaluable_study,external,M4,C1,0.1460211284,0.1407395308,0.1516262459,0.7619459086,0.7692477024
T10,primary,evaluable_study,external,M4,C2,0.1434390913,0.1382580921,0.1488434388,0.7879547222,0.7961587144
T10,primary,cell_micro,source,M1,C0,0.1859906284,0.1749393717,0.1983512292,0.7891659706,0.7728670254
T10,primary,cell_micro,source,M1,C1,0.1859906284,0.1749393717,0.1983512292,0.7891659706,0.7728670254
T10,primary,cell_micro,source,M1,C2,0.1859906284,0.1749393717,0.1983512292,0.7891659706,0.7728670254
T10,primary,cell_micro,source,M2,C0,0.3279391933,0.3147360095,0.3426182778,0.7846319055,0.7724827056
T10,primary,cell_micro,source,M2,C1,0.4833868227,0.4672045903,0.4993991470,1.0000000000,1.0000000000
T10,primary,cell_micro,source,M2,C2,0.4984668220,0.4861196382,0.5109395657,0.7734160601,0.7765180630
T10,primary,cell_micro,source,M3,C0,0.1931413782,0.1826015025,0.2047254065,0.8309270970,0.8606840892
T10,primary,cell_micro,source,M3,C1,0.1669808183,0.1567395623,0.1776540485,0.8335520821,0.8451191391
T10,primary,cell_micro,source,M3,C2,0.2548502994,0.2439107442,0.2660476485,0.7511036869,0.7847809377
T10,primary,cell_micro,source,M4,C0,0.1359412642,0.1274749337,0.1445547856,0.8075408662,0.8162951576
T10,primary,cell_micro,source,M4,C1,0.1378365499,0.1288504515,0.1469961259,0.7960863859,0.7830514988
T10,primary,cell_micro,source,M4,C2,0.1637991987,0.1541176654,0.1744365765,0.7990693235,0.7934281322
T10,primary,cell_micro,external,M1,C0,0.2129629630,0.2069815112,0.2191722704,0.7713643826,0.7728248308
T10,primary,cell_micro,external,M1,C1,0.2129629630,0.2069815112,0.2191722704,0.7713643826,0.7728248308
T10,primary,cell_micro,external,M1,C2,0.2129629630,0.2069815112,0.2191722704,0.7713643826,0.7728248308
T10,primary,cell_micro,external,M2,C0,0.3006424932,0.2936056087,0.3077955113,0.8528039402,0.8558692422
T10,primary,cell_micro,external,M2,C1,0.3701323251,0.3641774577,0.3764309661,1.0000000000,1.0000000000
T10,primary,cell_micro,external,M2,C2,0.3745709541,0.3675521796,0.3817795862,0.8508165558,0.8525122448
T10,primary,cell_micro,external,M3,C0,0.1838241099,0.1786181883,0.1896819908,0.7766352718,0.7963238127
T10,primary,cell_micro,external,M3,C1,0.1719150218,0.1667289585,0.1773498638,0.8229499698,0.8298937868
T10,primary,cell_micro,external,M3,C2,0.2101461519,0.2046311724,0.2159676111,0.7352026268,0.7518023224
T10,primary,cell_micro,external,M4,C0,0.1484810425,0.1433599320,0.1533522093,0.7904173507,0.8001761048
T10,primary,cell_micro,external,M4,C1,0.1411593500,0.1365824331,0.1460439307,0.7619459086,0.7692477024
T10,primary,cell_micro,external,M4,C2,0.1498514557,0.1446140705,0.1549304462,0.7879547222,0.7961587144
T10,primary,pathology_macro,source,M1,C0,0.1964268890,0.1849982660,0.2095845857,0.7891659706,0.7728670254
T10,primary,pathology_macro,source,M1,C1,0.1964268890,0.1849982660,0.2095845857,0.7891659706,0.7728670254
T10,primary,pathology_macro,source,M1,C2,0.1964268890,0.1849982660,0.2095845857,0.7891659706,0.7728670254
T10,primary,pathology_macro,source,M2,C0,0.3323712905,0.3181067961,0.3474261594,0.7846319055,0.7724827056
T10,primary,pathology_macro,source,M2,C1,0.5332575793,0.5201293752,0.5464382832,1.0000000000,1.0000000000
T10,primary,pathology_macro,source,M2,C2,0.5157202001,0.5025869935,0.5287269545,0.7734160601,0.7765180630
T10,primary,pathology_macro,source,M3,C0,0.2006619084,0.1893929205,0.2134388032,0.8309270970,0.8606840892
T10,primary,pathology_macro,source,M3,C1,0.1768762491,0.1650609944,0.1890679447,0.8335520821,0.8451191391
T10,primary,pathology_macro,source,M3,C2,0.2600343261,0.2481907705,0.2721093875,0.7511036869,0.7847809377
T10,primary,pathology_macro,source,M4,C0,0.1372212589,0.1282451513,0.1465195156,0.8075408662,0.8162951576
T10,primary,pathology_macro,source,M4,C1,0.1469368330,0.1364314366,0.1571880431,0.7960863859,0.7830514988
T10,primary,pathology_macro,source,M4,C2,0.1664578346,0.1558390190,0.1784395151,0.7990693235,0.7934281322
T10,primary,pathology_macro,external,M1,C0,0.2508579981,0.2448912556,0.2570797379,0.7713643826,0.7728248308
T10,primary,pathology_macro,external,M1,C1,0.2508579981,0.2448912556,0.2570797379,0.7713643826,0.7728248308
T10,primary,pathology_macro,external,M1,C2,0.2508579981,0.2448912556,0.2570797379,0.7713643826,0.7728248308
T10,primary,pathology_macro,external,M2,C0,0.3278730265,0.3202743231,0.3354498707,0.8528039402,0.8558692422
T10,primary,pathology_macro,external,M2,C1,0.4505217292,0.4453495341,0.4558870821,1.0000000000,1.0000000000
T10,primary,pathology_macro,external,M2,C2,0.4080157371,0.4008380771,0.4154205682,0.8508165558,0.8525122448
T10,primary,pathology_macro,external,M3,C0,0.2133070650,0.2072198964,0.2199898945,0.7766352718,0.7963238127
T10,primary,pathology_macro,external,M3,C1,0.2023294001,0.1965380751,0.2085969221,0.8229499698,0.8298937868
T10,primary,pathology_macro,external,M3,C2,0.2381846506,0.2317254353,0.2450757410,0.7352026268,0.7518023224
T10,primary,pathology_macro,external,M4,C0,0.1485838601,0.1434627301,0.1538755177,0.7904173507,0.8001761048
T10,primary,pathology_macro,external,M4,C1,0.1346441806,0.1300443088,0.1395703255,0.7619459086,0.7692477024
T10,primary,pathology_macro,external,M4,C2,0.1521064379,0.1465387933,0.1574851625,0.7879547222,0.7961587144
seed20260719,primary,original,source,M1,C0,0.0952911343,0.0899853106,0.1006142034,0.8056345659,0.7782764811
seed20260719,primary,original,source,M1,C1,0.0952911343,0.0899853106,0.1006142034,0.8056345659,0.7782764811
seed20260719,primary,original,source,M1,C2,0.0952911343,0.0899853106,0.1006142034,0.8056345659,0.7782764811
seed20260719,primary,original,source,M4,C0,0.1149744278,0.1087303793,0.1212856140,0.8077339835,0.8150807899
seed20260719,primary,original,source,M4,C1,0.1166184892,0.1102441096,0.1231493425,0.8199918732,0.8002051808
seed20260719,primary,original,source,M4,C2,0.1226440198,0.1163713361,0.1291196416,0.7974400650,0.8027699410
seed20260719,primary,original,external,M1,C0,0.1464037830,0.1441084345,0.1487613515,0.7652457832,0.7715747310
seed20260719,primary,original,external,M1,C1,0.1464037830,0.1441084345,0.1487613515,0.7652457832,0.7715747310
seed20260719,primary,original,external,M1,C2,0.1464037830,0.1441084345,0.1487613515,0.7652457832,0.7715747310
seed20260719,primary,original,external,M4,C0,0.1396243744,0.1374043099,0.1418755141,0.7741006004,0.7869029889
seed20260719,primary,original,external,M4,C1,0.1501149381,0.1479609646,0.1523675484,0.7778170656,0.7883460838
seed20260719,primary,original,external,M4,C2,0.1410783871,0.1389076352,0.1433415544,0.7670964927,0.7790399719
seed20260719,primary,evaluable_study,source,M1,C0,0.1867825562,0.1764967691,0.1977491675,0.8056345659,0.7782764811
seed20260719,primary,evaluable_study,source,M1,C1,0.1867825562,0.1764967691,0.1977491675,0.8056345659,0.7782764811
seed20260719,primary,evaluable_study,source,M1,C2,0.1867825562,0.1764967691,0.1977491675,0.8056345659,0.7782764811
seed20260719,primary,evaluable_study,source,M4,C0,0.2157488987,0.2042212867,0.2279396262,0.8077339835,0.8150807899
seed20260719,primary,evaluable_study,source,M4,C1,0.2262847222,0.2141999086,0.2385105360,0.8199918732,0.8002051808
seed20260719,primary,evaluable_study,source,M4,C2,0.2306922258,0.2188441399,0.2432819458,0.7974400650,0.8027699410
seed20260719,primary,evaluable_study,external,M1,C0,0.1785428256,0.1758445855,0.1814492235,0.7652457832,0.7715747310
seed20260719,primary,evaluable_study,external,M1,C1,0.1785428256,0.1758445855,0.1814492235,0.7652457832,0.7715747310
seed20260719,primary,evaluable_study,external,M1,C2,0.1785428256,0.1758445855,0.1814492235,0.7652457832,0.7715747310
seed20260719,primary,evaluable_study,external,M4,C0,0.1688902604,0.1661661868,0.1717367586,0.7741006004,0.7869029889
seed20260719,primary,evaluable_study,external,M4,C1,0.1821174750,0.1795354250,0.1849388427,0.7778170656,0.7883460838
seed20260719,primary,evaluable_study,external,M4,C2,0.1708118110,0.1682530970,0.1735030124,0.7670964927,0.7790399719
seed20260719,primary,cell_micro,source,M1,C0,0.1670428894,0.1577811540,0.1763989093,0.8056345659,0.7782764811
seed20260719,primary,cell_micro,source,M1,C1,0.1670428894,0.1577811540,0.1763989093,0.8056345659,0.7782764811
seed20260719,primary,cell_micro,source,M1,C2,0.1670428894,0.1577811540,0.1763989093,0.8056345659,0.7782764811
seed20260719,primary,cell_micro,source,M4,C0,0.1983034571,0.1883648570,0.2090013027,0.8077339835,0.8150807899
seed20260719,primary,cell_micro,source,M4,C1,0.2046988050,0.1936467057,0.2157304260,0.8199918732,0.8002051808
seed20260719,primary,cell_micro,source,M4,C2,0.2095222698,0.1988775929,0.2210094678,0.7974400650,0.8027699410
seed20260719,primary,cell_micro,external,M1,C0,0.1664712232,0.1640239064,0.1690576049,0.7652457832,0.7715747310
seed20260719,primary,cell_micro,external,M1,C1,0.1664712232,0.1640239064,0.1690576049,0.7652457832,0.7715747310
seed20260719,primary,cell_micro,external,M1,C2,0.1664712232,0.1640239064,0.1690576049,0.7652457832,0.7715747310
seed20260719,primary,cell_micro,external,M4,C0,0.1689406047,0.1665144423,0.1714985401,0.7741006004,0.7869029889
seed20260719,primary,cell_micro,external,M4,C1,0.1734012799,0.1710281858,0.1759370691,0.7778170656,0.7883460838
seed20260719,primary,cell_micro,external,M4,C2,0.1716523979,0.1692781334,0.1742184393,0.7670964927,0.7790399719
seed20260719,primary,pathology_macro,source,M1,C0,0.1730611806,0.1637657205,0.1832379480,0.8056345659,0.7782764811
seed20260719,primary,pathology_macro,source,M1,C1,0.1730611806,0.1637657205,0.1832379480,0.8056345659,0.7782764811
seed20260719,primary,pathology_macro,source,M1,C2,0.1730611806,0.1637657205,0.1832379480,0.8056345659,0.7782764811
seed20260719,primary,pathology_macro,source,M4,C0,0.2080767640,0.1980856467,0.2188967599,0.8077339835,0.8150807899
seed20260719,primary,pathology_macro,source,M4,C1,0.2128785650,0.2013911688,0.2241146208,0.8199918732,0.8002051808
seed20260719,primary,pathology_macro,source,M4,C2,0.2212946223,0.2104607347,0.2328789956,0.7974400650,0.8027699410
seed20260719,primary,pathology_macro,external,M1,C0,0.2015897824,0.1987526518,0.2045430859,0.7652457832,0.7715747310
seed20260719,primary,pathology_macro,external,M1,C1,0.2015897824,0.1987526518,0.2045430859,0.7652457832,0.7715747310
seed20260719,primary,pathology_macro,external,M1,C2,0.2015897824,0.1987526518,0.2045430859,0.7652457832,0.7715747310
seed20260719,primary,pathology_macro,external,M4,C0,0.2233947098,0.2205240942,0.2265068294,0.7741006004,0.7869029889
seed20260719,primary,pathology_macro,external,M4,C1,0.2155603975,0.2127171431,0.2185271374,0.7778170656,0.7883460838
seed20260719,primary,pathology_macro,external,M4,C2,0.2264002344,0.2234857192,0.2294074189,0.7670964927,0.7790399719
findings_S1,primary,original,source,M1,C0,0.1212078273,0.1152162558,0.1271755854,0.7973743678,0.7990846682
findings_S1,primary,original,source,M1,C1,0.1212078273,0.1152162558,0.1271755854,0.7973743678,0.7990846682
findings_S1,primary,original,source,M1,C2,0.1212078273,0.1152162558,0.1271755854,0.7973743678,0.7990846682
findings_S1,primary,original,source,M2,C0,0.3255229374,0.3173828775,0.3340335665,0.7990960938,0.8024027460
findings_S1,primary,original,source,M2,C1,0.2290559202,0.2171922389,0.2406288128,1.0000000000,1.0000000000
findings_S1,primary,original,source,M2,C2,0.4009336621,0.3915927462,0.4095984486,0.7856451092,0.7872997712
findings_S1,primary,original,source,M3,C0,0.1892234976,0.1819287741,0.1966919076,0.7968363284,0.7951945080
findings_S1,primary,original,source,M3,C1,0.1535498168,0.1465294613,0.1601424877,0.8417088131,0.8399313501
findings_S1,primary,original,source,M3,C2,0.2141967354,0.2057981618,0.2219230859,0.7515334122,0.7483981693
findings_S1,primary,original,source,M4,C0,0.1477764233,0.1411647154,0.1547103288,0.7944689551,0.7937070938
findings_S1,primary,original,source,M4,C1,0.0991866155,0.0936832984,0.1047445787,0.8136231572,0.8177345538
findings_S1,primary,original,source,M4,C2,0.1471230296,0.1405139351,0.1538327550,0.7804799311,0.7799771167
findings_S1,primary,original,external,M1,C0,0.0540466943,0.0525212330,0.0555423110,0.7592816894,0.7547514394
findings_S1,primary,original,external,M1,C1,0.0540466943,0.0525212330,0.0555423110,0.7592816894,0.7547514394
findings_S1,primary,original,external,M1,C2,0.0540466943,0.0525212330,0.0555423110,0.7592816894,0.7547514394
findings_S1,primary,original,external,M2,C0,0.0870300787,0.0851741881,0.0889381624,0.8128766278,0.8450133102
findings_S1,primary,original,external,M2,C1,0.1492683734,0.1460010198,0.1524926358,1.0000000000,1.0000000000
findings_S1,primary,original,external,M2,C2,0.1058546870,0.1036443057,0.1081251907,0.8117857707,0.8098805176
findings_S1,primary,original,external,M3,C0,0.0568288076,0.0554802936,0.0582217355,0.8045560212,0.8174023401
findings_S1,primary,original,external,M3,C1,0.0551347335,0.0537386106,0.0564479830,0.8539379942,0.8545780969
findings_S1,primary,original,external,M3,C2,0.0640181316,0.0623950396,0.0655223880,0.7783904968,0.7964464805
findings_S1,primary,original,external,M4,C0,0.0398616176,0.0387531669,0.0409349274,0.7962655071,0.8058255432
findings_S1,primary,original,external,M4,C1,0.0537620199,0.0522752941,0.0551173471,0.7656763690,0.7671639943
findings_S1,primary,original,external,M4,C2,0.0433171282,0.0421289591,0.0444780392,0.7892163132,0.7963536185
findings_S1,primary,evaluable_study,source,M1,C0,0.1286010882,0.1221999431,0.1348869454,0.7973743678,0.7990846682
findings_S1,primary,evaluable_study,source,M1,C1,0.1286010882,0.1221999431,0.1348869454,0.7973743678,0.7990846682
findings_S1,primary,evaluable_study,source,M1,C2,0.1286010882,0.1221999431,0.1348869454,0.7973743678,0.7990846682
findings_S1,primary,evaluable_study,source,M2,C0,0.3446931888,0.3360013057,0.3537639390,0.7990960938,0.8024027460
findings_S1,primary,evaluable_study,source,M2,C1,0.2435488177,0.2312260065,0.2559197882,1.0000000000,1.0000000000
findings_S1,primary,evaluable_study,source,M2,C2,0.4254057065,0.4161630463,0.4342253778,0.7856451092,0.7872997712
findings_S1,primary,evaluable_study,source,M3,C0,0.2016115108,0.1938441783,0.2096179995,0.7968363284,0.7951945080
findings_S1,primary,evaluable_study,source,M3,C1,0.1636107706,0.1562115055,0.1707149177,0.8417088131,0.8399313501
findings_S1,primary,evaluable_study,source,M3,C2,0.2287035621,0.2200129517,0.2368609222,0.7515334122,0.7483981693
findings_S1,primary,evaluable_study,source,M4,C0,0.1572774014,0.1501501599,0.1646392090,0.7944689551,0.7937070938
findings_S1,primary,evaluable_study,source,M4,C1,0.1049321394,0.0990379062,0.1108620757,0.8136231572,0.8177345538
findings_S1,primary,evaluable_study,source,M4,C2,0.1565326879,0.1495272888,0.1636752311,0.7804799311,0.7799771167
findings_S1,primary,evaluable_study,external,M1,C0,0.2237098252,0.2185176935,0.2286560078,0.7592816894,0.7547514394
findings_S1,primary,evaluable_study,external,M1,C1,0.2237098252,0.2185176935,0.2286560078,0.7592816894,0.7547514394
findings_S1,primary,evaluable_study,external,M1,C2,0.2237098252,0.2185176935,0.2286560078,0.7592816894,0.7547514394
findings_S1,primary,evaluable_study,external,M2,C0,0.3444668303,0.3387933288,0.3503155507,0.8128766278,0.8450133102
findings_S1,primary,evaluable_study,external,M2,C1,0.6141645515,0.6078889345,0.6203316443,1.0000000000,1.0000000000
findings_S1,primary,evaluable_study,external,M2,C2,0.4365635988,0.4314131401,0.4417378189,0.8117857707,0.8098805176
findings_S1,primary,evaluable_study,external,M3,C0,0.2301473094,0.2251724687,0.2350867774,0.8045560212,0.8174023401
findings_S1,primary,evaluable_study,external,M3,C1,0.2266818796,0.2216145909,0.2313748530,0.8539379942,0.8545780969
findings_S1,primary,evaluable_study,external,M3,C2,0.2574310144,0.2524603970,0.2620870168,0.7783904968,0.7964464805
findings_S1,primary,evaluable_study,external,M4,C0,0.1620648152,0.1579956001,0.1661311935,0.7962655071,0.8058255432
findings_S1,primary,evaluable_study,external,M4,C1,0.2207748278,0.2161492480,0.2253158873,0.7656763690,0.7671639943
findings_S1,primary,evaluable_study,external,M4,C2,0.1766309066,0.1723742825,0.1805747570,0.7892163132,0.7963536185
findings_S1,primary,cell_micro,source,M1,C0,0.1366715046,0.1305325748,0.1428755727,0.7973743678,0.7990846682
findings_S1,primary,cell_micro,source,M1,C1,0.1366715046,0.1305325748,0.1428755727,0.7973743678,0.7990846682
findings_S1,primary,cell_micro,source,M1,C2,0.1366715046,0.1305325748,0.1428755727,0.7973743678,0.7990846682
findings_S1,primary,cell_micro,source,M2,C0,0.3426828539,0.3345257976,0.3504078933,0.7990960938,0.8024027460
findings_S1,primary,cell_micro,source,M2,C1,0.2417773485,0.2300449232,0.2537608588,1.0000000000,1.0000000000
findings_S1,primary,cell_micro,source,M2,C2,0.4258004926,0.4169664576,0.4342001548,0.7856451092,0.7872997712
findings_S1,primary,cell_micro,source,M3,C0,0.2046593035,0.1973274399,0.2120111575,0.7968363284,0.7951945080
findings_S1,primary,cell_micro,source,M3,C1,0.1672775169,0.1605421286,0.1739331025,0.8417088131,0.8399313501
findings_S1,primary,cell_micro,source,M3,C2,0.2336376987,0.2254458294,0.2410921138,0.7515334122,0.7483981693
findings_S1,primary,cell_micro,source,M4,C0,0.1616817327,0.1550769343,0.1683556091,0.7944689551,0.7937070938
findings_S1,primary,cell_micro,source,M4,C1,0.1068481848,0.1012680656,0.1122173177,0.8136231572,0.8177345538
findings_S1,primary,cell_micro,source,M4,C2,0.1620880832,0.1555654499,0.1690230345,0.7804799311,0.7799771167
findings_S1,primary,cell_micro,external,M1,C0,0.2169650377,0.2123040589,0.2212813458,0.7592816894,0.7547514394
findings_S1,primary,cell_micro,external,M1,C1,0.2169650377,0.2123040589,0.2212813458,0.7592816894,0.7547514394
findings_S1,primary,cell_micro,external,M1,C2,0.2169650377,0.2123040589,0.2212813458,0.7592816894,0.7547514394
findings_S1,primary,cell_micro,external,M2,C0,0.3504026390,0.3449829721,0.3558421306,0.8128766278,0.8450133102
findings_S1,primary,cell_micro,external,M2,C1,0.5873893441,0.5811668755,0.5937826362,1.0000000000,1.0000000000
findings_S1,primary,cell_micro,external,M2,C2,0.4412247795,0.4364418160,0.4460706643,0.8117857707,0.8098805176
findings_S1,primary,cell_micro,external,M3,C0,0.2299250266,0.2252874118,0.2344290580,0.8045560212,0.8174023401
findings_S1,primary,cell_micro,external,M3,C1,0.2249457326,0.2202940152,0.2291829427,0.8539379942,0.8545780969
findings_S1,primary,cell_micro,external,M3,C2,0.2602589785,0.2555045930,0.2646681699,0.7783904968,0.7964464805
findings_S1,primary,cell_micro,external,M4,C0,0.1627750611,0.1588975945,0.1665524235,0.7962655071,0.8058255432
findings_S1,primary,cell_micro,external,M4,C1,0.2076480614,0.2036201134,0.2114642981,0.7656763690,0.7671639943
findings_S1,primary,cell_micro,external,M4,C2,0.1765288233,0.1727118423,0.1802466544,0.7892163132,0.7963536185
findings_S1,primary,pathology_macro,source,M1,C0,0.1703800311,0.1628177792,0.1782867963,0.7973743678,0.7990846682
findings_S1,primary,pathology_macro,source,M1,C1,0.1703800311,0.1628177792,0.1782867963,0.7973743678,0.7990846682
findings_S1,primary,pathology_macro,source,M1,C2,0.1703800311,0.1628177792,0.1782867963,0.7973743678,0.7990846682
findings_S1,primary,pathology_macro,source,M2,C0,0.3043906154,0.2963653889,0.3122256378,0.7990960938,0.8024027460
findings_S1,primary,pathology_macro,source,M2,C1,0.2138483739,0.2029210494,0.2246440335,1.0000000000,1.0000000000
findings_S1,primary,pathology_macro,source,M2,C2,0.3869132590,0.3783456047,0.3951855537,0.7856451092,0.7872997712
findings_S1,primary,pathology_macro,source,M3,C0,0.2318237889,0.2237827445,0.2402441762,0.7968363284,0.7951945080
findings_S1,primary,pathology_macro,source,M3,C1,0.1955652899,0.1879020683,0.2033321102,0.8417088131,0.8399313501
findings_S1,primary,pathology_macro,source,M3,C2,0.2707381819,0.2625012246,0.2790117306,0.7515334122,0.7483981693
findings_S1,primary,pathology_macro,source,M4,C0,0.1574830526,0.1505786035,0.1646700924,0.7944689551,0.7937070938
findings_S1,primary,pathology_macro,source,M4,C1,0.0982340708,0.0926010512,0.1034655495,0.8136231572,0.8177345538
findings_S1,primary,pathology_macro,source,M4,C2,0.1641396896,0.1570937226,0.1715201739,0.7804799311,0.7799771167
findings_S1,primary,pathology_macro,external,M1,C0,0.2467319761,0.2414127681,0.2514430378,0.7592816894,0.7547514394
findings_S1,primary,pathology_macro,external,M1,C1,0.2467319761,0.2414127681,0.2514430378,0.7592816894,0.7547514394
findings_S1,primary,pathology_macro,external,M1,C2,0.2467319761,0.2414127681,0.2514430378,0.7592816894,0.7547514394
findings_S1,primary,pathology_macro,external,M2,C0,0.3181395815,0.3132533894,0.3234135405,0.8128766278,0.8450133102
findings_S1,primary,pathology_macro,external,M2,C1,0.4899648417,0.4845615608,0.4954179685,1.0000000000,1.0000000000
findings_S1,primary,pathology_macro,external,M2,C2,0.3998255660,0.3952636643,0.4044869920,0.8117857707,0.8098805176
findings_S1,primary,pathology_macro,external,M3,C0,0.2704528394,0.2647921231,0.2758367416,0.8045560212,0.8174023401
findings_S1,primary,pathology_macro,external,M3,C1,0.2668442159,0.2619052012,0.2716091242,0.8539379942,0.8545780969
findings_S1,primary,pathology_macro,external,M3,C2,0.3069053314,0.3013086104,0.3122569140,0.7783904968,0.7964464805
findings_S1,primary,pathology_macro,external,M4,C0,0.1584334298,0.1542720915,0.1624620557,0.7962655071,0.8058255432
findings_S1,primary,pathology_macro,external,M4,C1,0.1697690820,0.1661755468,0.1731655543,0.7656763690,0.7671639943
findings_S1,primary,pathology_macro,external,M4,C2,0.1729659371,0.1689665582,0.1770458208,0.7892163132,0.7963536185
