evaluation_tier,hypothesis,comparison,coverage,icc,paired_correlation,base_risk,true_effect,standard_error,power,mde_80_power
prespecified_eval,H1_risk_transport_gap,cross_institution_unpaired,0.8,0.05,,0.05,0.02,0.002435,0.5,0.022
prespecified_eval,H2_compound_shift_interaction,difference_in_differences,0.8,0.05,0.5,0.05,0.02,0.002638,0.5,0.0222
prespecified_eval,H2_compound_shift_interaction,difference_in_differences,0.8,0.05,0.7,0.05,0.02,0.00206,0.5,0.0217
prespecified_eval,H2_compound_shift_interaction,difference_in_differences,0.8,0.05,0.9,0.05,0.02,0.001236,0.5,0.021
prespecified_eval,H1_risk_transport_gap,cross_institution_unpaired,0.8,0.05,,0.05,0.03,0.002447,1.0,0.0221
prespecified_eval,H2_compound_shift_interaction,difference_in_differences,0.8,0.05,0.5,0.05,0.03,0.002751,0.9999,0.0223
prespecified_eval,H2_compound_shift_interaction,difference_in_differences,0.8,0.05,0.7,0.05,0.03,0.002163,1.0,0.0218
prespecified_eval,H2_compound_shift_interaction,difference_in_differences,0.8,0.05,0.9,0.05,0.03,0.001338,1.0,0.0211
prespecified_eval,H1_risk_transport_gap,cross_institution_unpaired,0.8,0.05,,0.05,0.05,0.002472,1.0,0.0221
prespecified_eval,H2_compound_shift_interaction,difference_in_differences,0.8,0.05,0.5,0.05,0.05,0.002967,1.0,0.0225
prespecified_eval,H2_compound_shift_interaction,difference_in_differences,0.8,0.05,0.7,0.05,0.05,0.002369,1.0,0.022
prespecified_eval,H2_compound_shift_interaction,difference_in_differences,0.8,0.05,0.9,0.05,0.05,0.001555,1.0,0.0213
prespecified_eval,H1_risk_transport_gap,cross_institution_unpaired,0.8,0.05,,0.05,0.1,0.002526,1.0,0.0221
prespecified_eval,H2_compound_shift_interaction,difference_in_differences,0.8,0.05,0.5,0.05,0.1,0.003445,1.0,0.0229
prespecified_eval,H2_compound_shift_interaction,difference_in_differences,0.8,0.05,0.7,0.05,0.1,0.00284,1.0,0.0224
prespecified_eval,H2_compound_shift_interaction,difference_in_differences,0.8,0.05,0.9,0.05,0.1,0.002065,1.0,0.0217
prespecified_eval,H1_risk_transport_gap,cross_institution_unpaired,0.8,0.05,,0.1,0.02,0.003332,0.5,0.0228
prespecified_eval,H2_compound_shift_interaction,difference_in_differences,0.8,0.05,0.5,0.1,0.02,0.003461,0.5,0.0229
prespecified_eval,H2_compound_shift_interaction,difference_in_differences,0.8,0.05,0.7,0.1,0.02,0.002687,0.5,0.0223
prespecified_eval,H2_compound_shift_interaction,difference_in_differences,0.8,0.05,0.9,0.1,0.02,0.001567,0.5,0.0213
prespecified_eval,H1_risk_transport_gap,cross_institution_unpaired,0.8,0.05,,0.1,0.03,0.00334,0.9986,0.0228
prespecified_eval,H2_compound_shift_interaction,difference_in_differences,0.8,0.05,0.5,0.1,0.03,0.003533,0.9977,0.023
prespecified_eval,H2_compound_shift_interaction,difference_in_differences,0.8,0.05,0.7,0.1,0.03,0.002748,0.9999,0.0223
prespecified_eval,H2_compound_shift_interaction,difference_in_differences,0.8,0.05,0.9,0.1,0.03,0.00162,1.0,0.0214
prespecified_eval,H1_risk_transport_gap,cross_institution_unpaired,0.8,0.05,,0.1,0.05,0.003356,1.0,0.0228
prespecified_eval,H2_compound_shift_interaction,difference_in_differences,0.8,0.05,0.5,0.1,0.05,0.003671,1.0,0.0231
prespecified_eval,H2_compound_shift_interaction,difference_in_differences,0.8,0.05,0.7,0.1,0.05,0.002871,1.0,0.0224
prespecified_eval,H2_compound_shift_interaction,difference_in_differences,0.8,0.05,0.9,0.1,0.05,0.001736,1.0,0.0215
prespecified_eval,H1_risk_transport_gap,cross_institution_unpaired,0.8,0.05,,0.1,0.1,0.003391,1.0,0.0229
prespecified_eval,H2_compound_shift_interaction,difference_in_differences,0.8,0.05,0.5,0.1,0.1,0.003984,1.0,0.0234
prespecified_eval,H2_compound_shift_interaction,difference_in_differences,0.8,0.05,0.7,0.1,0.1,0.003164,1.0,0.0227
prespecified_eval,H2_compound_shift_interaction,difference_in_differences,0.8,0.05,0.9,0.1,0.1,0.002037,1.0,0.0217
prespecified_eval,H1_risk_transport_gap,cross_institution_unpaired,0.8,0.05,,0.2,0.02,0.004429,0.5,0.0237
prespecified_eval,H2_compound_shift_interaction,difference_in_differences,0.8,0.05,0.5,0.2,0.02,0.004501,0.5,0.0238
prespecified_eval,H2_compound_shift_interaction,difference_in_differences,0.8,0.05,0.7,0.2,0.02,0.003488,0.5,0.0229
prespecified_eval,H2_compound_shift_interaction,difference_in_differences,0.8,0.05,0.9,0.2,0.02,0.002018,0.5,0.0217
prespecified_eval,H1_risk_transport_gap,cross_institution_unpaired,0.8,0.05,,0.2,0.03,0.004434,0.9879,0.0237
prespecified_eval,H2_compound_shift_interaction,difference_in_differences,0.8,0.05,0.5,0.2,0.03,0.004539,0.9862,0.0238
prespecified_eval,H2_compound_shift_interaction,difference_in_differences,0.8,0.05,0.7,0.2,0.03,0.003519,0.9978,0.023
prespecified_eval,H2_compound_shift_interaction,difference_in_differences,0.8,0.05,0.9,0.2,0.03,0.00204,1.0,0.0217
prespecified_eval,H1_risk_transport_gap,cross_institution_unpaired,0.8,0.05,,0.2,0.05,0.004442,1.0,0.0237
prespecified_eval,H2_compound_shift_interaction,difference_in_differences,0.8,0.05,0.5,0.2,0.05,0.004613,1.0,0.0239
prespecified_eval,H2_compound_shift_interaction,difference_in_differences,0.8,0.05,0.7,0.2,0.05,0.003581,1.0,0.023
prespecified_eval,H2_compound_shift_interaction,difference_in_differences,0.8,0.05,0.9,0.2,0.05,0.002089,1.0,0.0218
prespecified_eval,H1_risk_transport_gap,cross_institution_unpaired,0.8,0.05,,0.2,0.1,0.004461,1.0,0.0238
prespecified_eval,H2_compound_shift_interaction,difference_in_differences,0.8,0.05,0.5,0.2,0.1,0.004774,1.0,0.024
prespecified_eval,H2_compound_shift_interaction,difference_in_differences,0.8,0.05,0.7,0.2,0.1,0.003721,1.0,0.0231
prespecified_eval,H2_compound_shift_interaction,difference_in_differences,0.8,0.05,0.9,0.2,0.1,0.002211,1.0,0.0219
prespecified_eval,H1_risk_transport_gap,cross_institution_unpaired,0.8,0.05,,0.3,0.02,0.005069,0.5,0.0243
prespecified_eval,H2_compound_shift_interaction,difference_in_differences,0.8,0.05,0.5,0.3,0.02,0.00511,0.5,0.0243
prespecified_eval,H2_compound_shift_interaction,difference_in_differences,0.8,0.05,0.7,0.3,0.02,0.003958,0.5,0.0233
prespecified_eval,H2_compound_shift_interaction,difference_in_differences,0.8,0.05,0.9,0.3,0.02,0.002287,0.5,0.0219
prespecified_eval,H1_risk_transport_gap,cross_institution_unpaired,0.8,0.05,,0.3,0.03,0.005072,0.9757,0.0243
prespecified_eval,H2_compound_shift_interaction,difference_in_differences,0.8,0.05,0.5,0.3,0.03,0.005131,0.9744,0.0243
prespecified_eval,H2_compound_shift_interaction,difference_in_differences,0.8,0.05,0.7,0.3,0.03,0.003975,0.9941,0.0233
prespecified_eval,H2_compound_shift_interaction,difference_in_differences,0.8,0.05,0.9,0.3,0.03,0.002298,1.0,0.0219
prespecified_eval,H1_risk_transport_gap,cross_institution_unpaired,0.8,0.05,,0.3,0.05,0.005076,1.0,0.0243
prespecified_eval,H2_compound_shift_interaction,difference_in_differences,0.8,0.05,0.5,0.3,0.05,0.00517,1.0,0.0244
prespecified_eval,H2_compound_shift_interaction,difference_in_differences,0.8,0.05,0.7,0.3,0.05,0.004007,1.0,0.0234
prespecified_eval,H2_compound_shift_interaction,difference_in_differences,0.8,0.05,0.9,0.3,0.05,0.00232,1.0,0.022
prespecified_eval,H1_risk_transport_gap,cross_institution_unpaired,0.8,0.05,,0.3,0.1,0.005085,1.0,0.0243
prespecified_eval,H2_compound_shift_interaction,difference_in_differences,0.8,0.05,0.5,0.3,0.1,0.005247,1.0,0.0244
prespecified_eval,H2_compound_shift_interaction,difference_in_differences,0.8,0.05,0.7,0.3,0.1,0.00407,1.0,0.0234
prespecified_eval,H2_compound_shift_interaction,difference_in_differences,0.8,0.05,0.9,0.3,0.1,0.002367,1.0,0.022
prespecified_eval,H1_risk_transport_gap,cross_institution_unpaired,0.8,0.15,,0.05,0.02,0.002979,0.5,0.0225
prespecified_eval,H2_compound_shift_interaction,difference_in_differences,0.8,0.15,0.5,0.05,0.02,0.003235,0.5,0.0227
prespecified_eval,H2_compound_shift_interaction,difference_in_differences,0.8,0.15,0.7,0.05,0.02,0.002526,0.5,0.0221
prespecified_eval,H2_compound_shift_interaction,difference_in_differences,0.8,0.15,0.9,0.05,0.02,0.001515,0.5,0.0213
prespecified_eval,H1_risk_transport_gap,cross_institution_unpaired,0.8,0.15,,0.05,0.03,0.002991,0.9996,0.0225
prespecified_eval,H2_compound_shift_interaction,difference_in_differences,0.8,0.15,0.5,0.05,0.03,0.003374,0.9985,0.0228
prespecified_eval,H2_compound_shift_interaction,difference_in_differences,0.8,0.15,0.7,0.05,0.03,0.002653,0.9999,0.0222
prespecified_eval,H2_compound_shift_interaction,difference_in_differences,0.8,0.15,0.9,0.05,0.03,0.001641,1.0,0.0214
prespecified_eval,H1_risk_transport_gap,cross_institution_unpaired,0.8,0.15,,0.05,0.05,0.003015,1.0,0.0225
prespecified_eval,H2_compound_shift_interaction,difference_in_differences,0.8,0.15,0.5,0.05,0.05,0.003639,1.0,0.0231
prespecified_eval,H2_compound_shift_interaction,difference_in_differences,0.8,0.15,0.7,0.05,0.05,0.002905,1.0,0.0224
prespecified_eval,H2_compound_shift_interaction,difference_in_differences,0.8,0.15,0.9,0.05,0.05,0.001907,1.0,0.0216
prespecified_eval,H1_risk_transport_gap,cross_institution_unpaired,0.8,0.15,,0.05,0.1,0.003067,1.0,0.0226
prespecified_eval,H2_compound_shift_interaction,difference_in_differences,0.8,0.15,0.5,0.05,0.1,0.004225,1.0,0.0236
prespecified_eval,H2_compound_shift_interaction,difference_in_differences,0.8,0.15,0.7,0.05,0.1,0.003483,1.0,0.0229
prespecified_eval,H2_compound_shift_interaction,difference_in_differences,0.8,0.15,0.9,0.05,0.1,0.002532,1.0,0.0221
prespecified_eval,H1_risk_transport_gap,cross_institution_unpaired,0.8,0.15,,0.1,0.02,0.004082,0.5,0.0234
prespecified_eval,H2_compound_shift_interaction,difference_in_differences,0.8,0.15,0.5,0.1,0.02,0.004245,0.5,0.0236
prespecified_eval,H2_compound_shift_interaction,difference_in_differences,0.8,0.15,0.7,0.1,0.02,0.003295,0.5,0.0228
prespecified_eval,H2_compound_shift_interaction,difference_in_differences,0.8,0.15,0.9,0.1,0.02,0.001922,0.5,0.0216
prespecified_eval,H1_risk_transport_gap,cross_institution_unpaired,0.8,0.15,,0.1,0.03,0.00409,0.9928,0.0234
prespecified_eval,H2_compound_shift_interaction,difference_in_differences,0.8,0.15,0.5,0.1,0.03,0.004333,0.9895,0.0236
prespecified_eval,H2_compound_shift_interaction,difference_in_differences,0.8,0.15,0.7,0.1,0.03,0.00337,0.9985,0.0228
prespecified_eval,H2_compound_shift_interaction,difference_in_differences,0.8,0.15,0.9,0.1,0.03,0.001987,1.0,0.0217
prespecified_eval,H1_risk_transport_gap,cross_institution_unpaired,0.8,0.15,,0.1,0.05,0.004105,1.0,0.0235
prespecified_eval,H2_compound_shift_interaction,difference_in_differences,0.8,0.15,0.5,0.1,0.05,0.004502,1.0,0.0238
prespecified_eval,H2_compound_shift_interaction,difference_in_differences,0.8,0.15,0.7,0.1,0.05,0.003522,1.0,0.023
prespecified_eval,H2_compound_shift_interaction,difference_in_differences,0.8,0.15,0.9,0.1,0.05,0.002129,1.0,0.0218
prespecified_eval,H1_risk_transport_gap,cross_institution_unpaired,0.8,0.15,,0.1,0.1,0.004139,1.0,0.0235
prespecified_eval,H2_compound_shift_interaction,difference_in_differences,0.8,0.15,0.5,0.1,0.1,0.004886,1.0,0.0241
prespecified_eval,H2_compound_shift_interaction,difference_in_differences,0.8,0.15,0.7,0.1,0.1,0.003881,1.0,0.0233
prespecified_eval,H2_compound_shift_interaction,difference_in_differences,0.8,0.15,0.9,0.1,0.1,0.002499,1.0,0.0221
prespecified_eval,H1_risk_transport_gap,cross_institution_unpaired,0.8,0.15,,0.2,0.02,0.00543,0.5,0.0246
prespecified_eval,H2_compound_shift_interaction,difference_in_differences,0.8,0.15,0.5,0.2,0.02,0.00552,0.5,0.0246
prespecified_eval,H2_compound_shift_interaction,difference_in_differences,0.8,0.15,0.7,0.2,0.02,0.004277,0.5,0.0236
prespecified_eval,H2_compound_shift_interaction,difference_in_differences,0.8,0.15,0.9,0.2,0.02,0.002475,0.5,0.0221
prespecified_eval,H1_risk_transport_gap,cross_institution_unpaired,0.8,0.15,,0.2,0.03,0.005434,0.9671,0.0246
prespecified_eval,H2_compound_shift_interaction,difference_in_differences,0.8,0.15,0.5,0.2,0.03,0.005567,0.9638,0.0247
prespecified_eval,H2_compound_shift_interaction,difference_in_differences,0.8,0.15,0.7,0.2,0.03,0.004316,0.9897,0.0236
prespecified_eval,H2_compound_shift_interaction,difference_in_differences,0.8,0.15,0.9,0.2,0.03,0.002503,1.0,0.0221
prespecified_eval,H1_risk_transport_gap,cross_institution_unpaired,0.8,0.15,,0.2,0.05,0.005442,1.0,0.0246
prespecified_eval,H2_compound_shift_interaction,difference_in_differences,0.8,0.15,0.5,0.2,0.05,0.005658,1.0,0.0248
prespecified_eval,H2_compound_shift_interaction,difference_in_differences,0.8,0.15,0.7,0.2,0.05,0.004392,1.0,0.0237
prespecified_eval,H2_compound_shift_interaction,difference_in_differences,0.8,0.15,0.9,0.2,0.05,0.002562,1.0,0.0222
prespecified_eval,H1_risk_transport_gap,cross_institution_unpaired,0.8,0.15,,0.2,0.1,0.00546,1.0,0.0246
prespecified_eval,H2_compound_shift_interaction,difference_in_differences,0.8,0.15,0.5,0.2,0.1,0.005856,1.0,0.0249
prespecified_eval,H2_compound_shift_interaction,difference_in_differences,0.8,0.15,0.7,0.2,0.1,0.004563,1.0,0.0238
prespecified_eval,H2_compound_shift_interaction,difference_in_differences,0.8,0.15,0.9,0.2,0.1,0.002712,1.0,0.0223
prespecified_eval,H1_risk_transport_gap,cross_institution_unpaired,0.8,0.15,,0.3,0.02,0.006216,0.5,0.0252
prespecified_eval,H2_compound_shift_interaction,difference_in_differences,0.8,0.15,0.5,0.3,0.02,0.006267,0.5,0.0253
prespecified_eval,H2_compound_shift_interaction,difference_in_differences,0.8,0.15,0.7,0.3,0.02,0.004855,0.5,0.0241
prespecified_eval,H2_compound_shift_interaction,difference_in_differences,0.8,0.15,0.9,0.3,0.02,0.002804,0.5,0.0224
prespecified_eval,H1_risk_transport_gap,cross_institution_unpaired,0.8,0.15,,0.3,0.03,0.006218,0.9461,0.0252
prespecified_eval,H2_compound_shift_interaction,difference_in_differences,0.8,0.15,0.5,0.3,0.03,0.006293,0.944,0.0253
prespecified_eval,H2_compound_shift_interaction,difference_in_differences,0.8,0.15,0.7,0.3,0.03,0.004876,0.9799,0.0241
prespecified_eval,H2_compound_shift_interaction,difference_in_differences,0.8,0.15,0.9,0.3,0.03,0.002818,0.9998,0.0224
prespecified_eval,H1_risk_transport_gap,cross_institution_unpaired,0.8,0.15,,0.3,0.05,0.006222,1.0,0.0252
prespecified_eval,H2_compound_shift_interaction,difference_in_differences,0.8,0.15,0.5,0.3,0.05,0.006341,1.0,0.0253
prespecified_eval,H2_compound_shift_interaction,difference_in_differences,0.8,0.15,0.7,0.3,0.05,0.004914,1.0,0.0241
prespecified_eval,H2_compound_shift_interaction,difference_in_differences,0.8,0.15,0.9,0.3,0.05,0.002845,1.0,0.0224
prespecified_eval,H1_risk_transport_gap,cross_institution_unpaired,0.8,0.15,,0.3,0.1,0.006231,1.0,0.0252
prespecified_eval,H2_compound_shift_interaction,difference_in_differences,0.8,0.15,0.5,0.3,0.1,0.006435,1.0,0.0254
prespecified_eval,H2_compound_shift_interaction,difference_in_differences,0.8,0.15,0.7,0.3,0.1,0.004992,1.0,0.0242
prespecified_eval,H2_compound_shift_interaction,difference_in_differences,0.8,0.15,0.9,0.3,0.1,0.002903,1.0,0.0224
prespecified_eval,H1_risk_transport_gap,cross_institution_unpaired,0.8,0.3,,0.05,0.02,0.003646,0.5,0.0231
prespecified_eval,H2_compound_shift_interaction,difference_in_differences,0.8,0.3,0.5,0.05,0.02,0.003966,0.5,0.0233
prespecified_eval,H2_compound_shift_interaction,difference_in_differences,0.8,0.3,0.7,0.05,0.02,0.003097,0.5,0.0226
prespecified_eval,H2_compound_shift_interaction,difference_in_differences,0.8,0.3,0.9,0.05,0.02,0.001858,0.5,0.0216
prespecified_eval,H1_risk_transport_gap,cross_institution_unpaired,0.8,0.3,,0.05,0.03,0.003658,0.9969,0.0231
prespecified_eval,H2_compound_shift_interaction,difference_in_differences,0.8,0.3,0.5,0.05,0.03,0.004136,0.9922,0.0235
prespecified_eval,H2_compound_shift_interaction,difference_in_differences,0.8,0.3,0.7,0.05,0.03,0.003252,0.9989,0.0227
prespecified_eval,H2_compound_shift_interaction,difference_in_differences,0.8,0.3,0.9,0.05,0.03,0.002012,1.0,0.0217
prespecified_eval,H1_risk_transport_gap,cross_institution_unpaired,0.8,0.3,,0.05,0.05,0.003682,1.0,0.0231
prespecified_eval,H2_compound_shift_interaction,difference_in_differences,0.8,0.3,0.5,0.05,0.05,0.004461,1.0,0.0238
prespecified_eval,H2_compound_shift_interaction,difference_in_differences,0.8,0.3,0.7,0.05,0.05,0.003562,1.0,0.023
prespecified_eval,H2_compound_shift_interaction,difference_in_differences,0.8,0.3,0.9,0.05,0.05,0.002338,1.0,0.022
prespecified_eval,H1_risk_transport_gap,cross_institution_unpaired,0.8,0.3,,0.05,0.1,0.003734,1.0,0.0231
prespecified_eval,H2_compound_shift_interaction,difference_in_differences,0.8,0.3,0.5,0.05,0.1,0.005179,1.0,0.0244
prespecified_eval,H2_compound_shift_interaction,difference_in_differences,0.8,0.3,0.7,0.05,0.1,0.00427,1.0,0.0236
prespecified_eval,H2_compound_shift_interaction,difference_in_differences,0.8,0.3,0.9,0.05,0.1,0.003105,1.0,0.0226
prespecified_eval,H1_risk_transport_gap,cross_institution_unpaired,0.8,0.3,,0.1,0.02,0.005,0.5,0.0242
prespecified_eval,H2_compound_shift_interaction,difference_in_differences,0.8,0.3,0.5,0.1,0.02,0.005204,0.5,0.0244
prespecified_eval,H2_compound_shift_interaction,difference_in_differences,0.8,0.3,0.7,0.1,0.02,0.004039,0.5,0.0234
prespecified_eval,H2_compound_shift_interaction,difference_in_differences,0.8,0.3,0.9,0.1,0.02,0.002357,0.5,0.022
prespecified_eval,H1_risk_transport_gap,cross_institution_unpaired,0.8,0.3,,0.1,0.03,0.005008,0.9771,0.0242
prespecified_eval,H2_compound_shift_interaction,difference_in_differences,0.8,0.3,0.5,0.1,0.03,0.005311,0.9701,0.0245
prespecified_eval,H2_compound_shift_interaction,difference_in_differences,0.8,0.3,0.7,0.1,0.03,0.004132,0.9922,0.0235
prespecified_eval,H2_compound_shift_interaction,difference_in_differences,0.8,0.3,0.9,0.1,0.03,0.002436,1.0,0.022
prespecified_eval,H1_risk_transport_gap,cross_institution_unpaired,0.8,0.3,,0.1,0.05,0.005023,1.0,0.0242
prespecified_eval,H2_compound_shift_interaction,difference_in_differences,0.8,0.3,0.5,0.1,0.05,0.005519,1.0,0.0246
prespecified_eval,H2_compound_shift_interaction,difference_in_differences,0.8,0.3,0.7,0.1,0.05,0.004317,1.0,0.0236
prespecified_eval,H2_compound_shift_interaction,difference_in_differences,0.8,0.3,0.9,0.1,0.05,0.00261,1.0,0.0222
prespecified_eval,H1_risk_transport_gap,cross_institution_unpaired,0.8,0.3,,0.1,0.1,0.005057,1.0,0.0243
prespecified_eval,H2_compound_shift_interaction,difference_in_differences,0.8,0.3,0.5,0.1,0.1,0.00599,1.0,0.025
prespecified_eval,H2_compound_shift_interaction,difference_in_differences,0.8,0.3,0.7,0.1,0.1,0.004757,1.0,0.024
prespecified_eval,H2_compound_shift_interaction,difference_in_differences,0.8,0.3,0.9,0.1,0.1,0.003063,1.0,0.0226
prespecified_eval,H1_risk_transport_gap,cross_institution_unpaired,0.8,0.3,,0.2,0.02,0.006654,0.5,0.0256
prespecified_eval,H2_compound_shift_interaction,difference_in_differences,0.8,0.3,0.5,0.2,0.02,0.006767,0.5,0.0257
prespecified_eval,H2_compound_shift_interaction,difference_in_differences,0.8,0.3,0.7,0.2,0.02,0.005244,0.5,0.0244
prespecified_eval,H2_compound_shift_interaction,difference_in_differences,0.8,0.3,0.9,0.2,0.02,0.003034,0.5,0.0226
prespecified_eval,H1_risk_transport_gap,cross_institution_unpaired,0.8,0.3,,0.2,0.03,0.006659,0.9334,0.0256
prespecified_eval,H2_compound_shift_interaction,difference_in_differences,0.8,0.3,0.5,0.2,0.03,0.006825,0.9286,0.0257
prespecified_eval,H2_compound_shift_interaction,difference_in_differences,0.8,0.3,0.7,0.2,0.03,0.005291,0.9706,0.0245
prespecified_eval,H2_compound_shift_interaction,difference_in_differences,0.8,0.3,0.9,0.2,0.03,0.003068,0.9994,0.0226
prespecified_eval,H1_risk_transport_gap,cross_institution_unpaired,0.8,0.3,,0.2,0.05,0.006667,1.0,0.0256
prespecified_eval,H2_compound_shift_interaction,difference_in_differences,0.8,0.3,0.5,0.2,0.05,0.006936,1.0,0.0258
prespecified_eval,H2_compound_shift_interaction,difference_in_differences,0.8,0.3,0.7,0.2,0.05,0.005384,1.0,0.0245
prespecified_eval,H2_compound_shift_interaction,difference_in_differences,0.8,0.3,0.9,0.2,0.05,0.00314,1.0,0.0226
prespecified_eval,H1_risk_transport_gap,cross_institution_unpaired,0.8,0.3,,0.2,0.1,0.006685,1.0,0.0256
prespecified_eval,H2_compound_shift_interaction,difference_in_differences,0.8,0.3,0.5,0.2,0.1,0.007178,1.0,0.026
prespecified_eval,H2_compound_shift_interaction,difference_in_differences,0.8,0.3,0.7,0.2,0.1,0.005594,1.0,0.0247
prespecified_eval,H2_compound_shift_interaction,difference_in_differences,0.8,0.3,0.9,0.2,0.1,0.003325,1.0,0.0228
prespecified_eval,H1_risk_transport_gap,cross_institution_unpaired,0.8,0.3,,0.3,0.02,0.007618,0.5,0.0264
prespecified_eval,H2_compound_shift_interaction,difference_in_differences,0.8,0.3,0.5,0.3,0.02,0.007682,0.5,0.0265
prespecified_eval,H2_compound_shift_interaction,difference_in_differences,0.8,0.3,0.7,0.3,0.02,0.005951,0.5,0.025
prespecified_eval,H2_compound_shift_interaction,difference_in_differences,0.8,0.3,0.9,0.3,0.02,0.003438,0.5,0.0229
prespecified_eval,H1_risk_transport_gap,cross_institution_unpaired,0.8,0.3,,0.3,0.03,0.007621,0.9053,0.0264
prespecified_eval,H2_compound_shift_interaction,difference_in_differences,0.8,0.3,0.5,0.3,0.03,0.007714,0.9026,0.0265
prespecified_eval,H2_compound_shift_interaction,difference_in_differences,0.8,0.3,0.7,0.3,0.03,0.005977,0.9528,0.025
prespecified_eval,H2_compound_shift_interaction,difference_in_differences,0.8,0.3,0.9,0.3,0.03,0.003455,0.9981,0.0229
prespecified_eval,H1_risk_transport_gap,cross_institution_unpaired,0.8,0.3,,0.3,0.05,0.007625,1.0,0.0264
prespecified_eval,H2_compound_shift_interaction,difference_in_differences,0.8,0.3,0.5,0.3,0.05,0.007773,0.9999,0.0265
prespecified_eval,H2_compound_shift_interaction,difference_in_differences,0.8,0.3,0.7,0.3,0.05,0.006024,1.0,0.0251
prespecified_eval,H2_compound_shift_interaction,difference_in_differences,0.8,0.3,0.9,0.3,0.05,0.003487,1.0,0.0229
prespecified_eval,H1_risk_transport_gap,cross_institution_unpaired,0.8,0.3,,0.3,0.1,0.007634,1.0,0.0264
prespecified_eval,H2_compound_shift_interaction,difference_in_differences,0.8,0.3,0.5,0.3,0.1,0.007889,1.0,0.0266
prespecified_eval,H2_compound_shift_interaction,difference_in_differences,0.8,0.3,0.7,0.3,0.1,0.00612,1.0,0.0252
prespecified_eval,H2_compound_shift_interaction,difference_in_differences,0.8,0.3,0.9,0.3,0.1,0.003559,1.0,0.023
prespecified_eval,H1_risk_transport_gap,cross_institution_unpaired,0.9,0.05,,0.05,0.02,0.002335,0.5,0.022
prespecified_eval,H2_compound_shift_interaction,difference_in_differences,0.9,0.05,0.5,0.05,0.02,0.00253,0.5,0.0221
prespecified_eval,H2_compound_shift_interaction,difference_in_differences,0.9,0.05,0.7,0.05,0.02,0.001976,0.5,0.0217
prespecified_eval,H2_compound_shift_interaction,difference_in_differences,0.9,0.05,0.9,0.05,0.02,0.001185,0.5,0.021
prespecified_eval,H1_risk_transport_gap,cross_institution_unpaired,0.9,0.05,,0.05,0.03,0.002346,1.0,0.022
prespecified_eval,H2_compound_shift_interaction,difference_in_differences,0.9,0.05,0.5,0.05,0.03,0.002639,0.9999,0.0222
prespecified_eval,H2_compound_shift_interaction,difference_in_differences,0.9,0.05,0.7,0.05,0.03,0.002075,1.0,0.0217
prespecified_eval,H2_compound_shift_interaction,difference_in_differences,0.9,0.05,0.9,0.05,0.03,0.001284,1.0,0.0211
prespecified_eval,H1_risk_transport_gap,cross_institution_unpaired,0.9,0.05,,0.05,0.05,0.002369,1.0,0.022
prespecified_eval,H2_compound_shift_interaction,difference_in_differences,0.9,0.05,0.5,0.05,0.05,0.002846,1.0,0.0224
prespecified_eval,H2_compound_shift_interaction,difference_in_differences,0.9,0.05,0.7,0.05,0.05,0.002272,1.0,0.0219
prespecified_eval,H2_compound_shift_interaction,difference_in_differences,0.9,0.05,0.9,0.05,0.05,0.001492,1.0,0.0213
prespecified_eval,H1_risk_transport_gap,cross_institution_unpaired,0.9,0.05,,0.05,0.1,0.00242,1.0,0.022
prespecified_eval,H2_compound_shift_interaction,difference_in_differences,0.9,0.05,0.5,0.05,0.1,0.003304,1.0,0.0228
prespecified_eval,H2_compound_shift_interaction,difference_in_differences,0.9,0.05,0.7,0.05,0.1,0.002724,1.0,0.0223
prespecified_eval,H2_compound_shift_interaction,difference_in_differences,0.9,0.05,0.9,0.05,0.1,0.001981,1.0,0.0217
prespecified_eval,H1_risk_transport_gap,cross_institution_unpaired,0.9,0.05,,0.1,0.02,0.003196,0.5,0.0227
prespecified_eval,H2_compound_shift_interaction,difference_in_differences,0.9,0.05,0.5,0.1,0.02,0.00332,0.5,0.0228
prespecified_eval,H2_compound_shift_interaction,difference_in_differences,0.9,0.05,0.7,0.1,0.02,0.002577,0.5,0.0222
prespecified_eval,H2_compound_shift_interaction,difference_in_differences,0.9,0.05,0.9,0.1,0.02,0.001504,0.5,0.0213
prespecified_eval,H1_risk_transport_gap,cross_institution_unpaired,0.9,0.05,,0.1,0.03,0.003203,0.9991,0.0227
prespecified_eval,H2_compound_shift_interaction,difference_in_differences,0.9,0.05,0.5,0.1,0.03,0.003389,0.9984,0.0229
prespecified_eval,H2_compound_shift_interaction,difference_in_differences,0.9,0.05,0.7,0.1,0.03,0.002636,0.9999,0.0222
prespecified_eval,H2_compound_shift_interaction,difference_in_differences,0.9,0.05,0.9,0.1,0.03,0.001554,1.0,0.0213
prespecified_eval,H1_risk_transport_gap,cross_institution_unpaired,0.9,0.05,,0.1,0.05,0.003218,1.0,0.0227
prespecified_eval,H2_compound_shift_interaction,difference_in_differences,0.9,0.05,0.5,0.1,0.05,0.003521,1.0,0.023
prespecified_eval,H2_compound_shift_interaction,difference_in_differences,0.9,0.05,0.7,0.1,0.05,0.002754,1.0,0.0223
prespecified_eval,H2_compound_shift_interaction,difference_in_differences,0.9,0.05,0.9,0.1,0.05,0.001665,1.0,0.0214
prespecified_eval,H1_risk_transport_gap,cross_institution_unpaired,0.9,0.05,,0.1,0.1,0.00325,1.0,0.0227
prespecified_eval,H2_compound_shift_interaction,difference_in_differences,0.9,0.05,0.5,0.1,0.1,0.003822,1.0,0.0232
prespecified_eval,H2_compound_shift_interaction,difference_in_differences,0.9,0.05,0.7,0.1,0.1,0.003035,1.0,0.0226
prespecified_eval,H2_compound_shift_interaction,difference_in_differences,0.9,0.05,0.9,0.1,0.1,0.001954,1.0,0.0216
prespecified_eval,H1_risk_transport_gap,cross_institution_unpaired,0.9,0.05,,0.2,0.02,0.004249,0.5,0.0236
prespecified_eval,H2_compound_shift_interaction,difference_in_differences,0.9,0.05,0.5,0.2,0.02,0.004317,0.5,0.0236
prespecified_eval,H2_compound_shift_interaction,difference_in_differences,0.9,0.05,0.7,0.2,0.02,0.003346,0.5,0.0228
prespecified_eval,H2_compound_shift_interaction,difference_in_differences,0.9,0.05,0.9,0.2,0.02,0.001935,0.5,0.0216
prespecified_eval,H1_risk_transport_gap,cross_institution_unpaired,0.9,0.05,,0.2,0.03,0.004253,0.9906,0.0236
prespecified_eval,H2_compound_shift_interaction,difference_in_differences,0.9,0.05,0.5,0.2,0.03,0.004354,0.9892,0.0237
prespecified_eval,H2_compound_shift_interaction,difference_in_differences,0.9,0.05,0.7,0.2,0.03,0.003376,0.9985,0.0228
prespecified_eval,H2_compound_shift_interaction,difference_in_differences,0.9,0.05,0.9,0.2,0.03,0.001957,1.0,0.0216
prespecified_eval,H1_risk_transport_gap,cross_institution_unpaired,0.9,0.05,,0.2,0.05,0.004261,1.0,0.0236
prespecified_eval,H2_compound_shift_interaction,difference_in_differences,0.9,0.05,0.5,0.2,0.05,0.004425,1.0,0.0237
prespecified_eval,H2_compound_shift_interaction,difference_in_differences,0.9,0.05,0.7,0.2,0.05,0.003435,1.0,0.0229
prespecified_eval,H2_compound_shift_interaction,difference_in_differences,0.9,0.05,0.9,0.2,0.05,0.002004,1.0,0.0217
prespecified_eval,H1_risk_transport_gap,cross_institution_unpaired,0.9,0.05,,0.2,0.1,0.004278,1.0,0.0236
prespecified_eval,H2_compound_shift_interaction,difference_in_differences,0.9,0.05,0.5,0.2,0.1,0.00458,1.0,0.0239
prespecified_eval,H2_compound_shift_interaction,difference_in_differences,0.9,0.05,0.7,0.2,0.1,0.003569,1.0,0.023
prespecified_eval,H2_compound_shift_interaction,difference_in_differences,0.9,0.05,0.9,0.2,0.1,0.002121,1.0,0.0218
prespecified_eval,H1_risk_transport_gap,cross_institution_unpaired,0.9,0.05,,0.3,0.02,0.004862,0.5,0.0241
prespecified_eval,H2_compound_shift_interaction,difference_in_differences,0.9,0.05,0.5,0.3,0.02,0.004901,0.5,0.0241
prespecified_eval,H2_compound_shift_interaction,difference_in_differences,0.9,0.05,0.7,0.3,0.02,0.003797,0.5,0.0232
prespecified_eval,H2_compound_shift_interaction,difference_in_differences,0.9,0.05,0.9,0.3,0.02,0.002193,0.5,0.0218
prespecified_eval,H1_risk_transport_gap,cross_institution_unpaired,0.9,0.05,,0.3,0.03,0.004865,0.9801,0.0241
prespecified_eval,H2_compound_shift_interaction,difference_in_differences,0.9,0.05,0.5,0.3,0.03,0.004922,0.9789,0.0241
prespecified_eval,H2_compound_shift_interaction,difference_in_differences,0.9,0.05,0.7,0.3,0.03,0.003813,0.9956,0.0232
prespecified_eval,H2_compound_shift_interaction,difference_in_differences,0.9,0.05,0.9,0.3,0.03,0.002204,1.0,0.0219
prespecified_eval,H1_risk_transport_gap,cross_institution_unpaired,0.9,0.05,,0.3,0.05,0.004869,1.0,0.0241
prespecified_eval,H2_compound_shift_interaction,difference_in_differences,0.9,0.05,0.5,0.3,0.05,0.004959,1.0,0.0242
prespecified_eval,H2_compound_shift_interaction,difference_in_differences,0.9,0.05,0.7,0.3,0.05,0.003844,1.0,0.0232
prespecified_eval,H2_compound_shift_interaction,difference_in_differences,0.9,0.05,0.9,0.3,0.05,0.002225,1.0,0.0219
prespecified_eval,H1_risk_transport_gap,cross_institution_unpaired,0.9,0.05,,0.3,0.1,0.004877,1.0,0.0241
prespecified_eval,H2_compound_shift_interaction,difference_in_differences,0.9,0.05,0.5,0.3,0.1,0.005033,1.0,0.0242
prespecified_eval,H2_compound_shift_interaction,difference_in_differences,0.9,0.05,0.7,0.3,0.1,0.003905,1.0,0.0233
prespecified_eval,H2_compound_shift_interaction,difference_in_differences,0.9,0.05,0.9,0.3,0.1,0.002271,1.0,0.0219
prespecified_eval,H1_risk_transport_gap,cross_institution_unpaired,0.9,0.15,,0.05,0.02,0.002904,0.5,0.0224
prespecified_eval,H2_compound_shift_interaction,difference_in_differences,0.9,0.15,0.5,0.05,0.02,0.003155,0.5,0.0227
prespecified_eval,H2_compound_shift_interaction,difference_in_differences,0.9,0.15,0.7,0.05,0.02,0.002464,0.5,0.0221
prespecified_eval,H2_compound_shift_interaction,difference_in_differences,0.9,0.15,0.9,0.05,0.02,0.001478,0.5,0.0212
prespecified_eval,H1_risk_transport_gap,cross_institution_unpaired,0.9,0.15,,0.05,0.03,0.002915,0.9997,0.0225
prespecified_eval,H2_compound_shift_interaction,difference_in_differences,0.9,0.15,0.5,0.05,0.03,0.00329,0.9988,0.0228
prespecified_eval,H2_compound_shift_interaction,difference_in_differences,0.9,0.15,0.7,0.05,0.03,0.002588,0.9999,0.0222
prespecified_eval,H2_compound_shift_interaction,difference_in_differences,0.9,0.15,0.9,0.05,0.03,0.001601,1.0,0.0213
prespecified_eval,H1_risk_transport_gap,cross_institution_unpaired,0.9,0.15,,0.05,0.05,0.002936,1.0,0.0225
prespecified_eval,H2_compound_shift_interaction,difference_in_differences,0.9,0.15,0.5,0.05,0.05,0.00355,1.0,0.023
prespecified_eval,H2_compound_shift_interaction,difference_in_differences,0.9,0.15,0.7,0.05,0.05,0.002834,1.0,0.0224
prespecified_eval,H2_compound_shift_interaction,difference_in_differences,0.9,0.15,0.9,0.05,0.05,0.00186,1.0,0.0216
prespecified_eval,H1_risk_transport_gap,cross_institution_unpaired,0.9,0.15,,0.05,0.1,0.002985,1.0,0.0225
prespecified_eval,H2_compound_shift_interaction,difference_in_differences,0.9,0.15,0.5,0.05,0.1,0.00412,1.0,0.0235
prespecified_eval,H2_compound_shift_interaction,difference_in_differences,0.9,0.15,0.7,0.05,0.1,0.003397,1.0,0.0229
prespecified_eval,H2_compound_shift_interaction,difference_in_differences,0.9,0.15,0.9,0.05,0.1,0.00247,1.0,0.0221
prespecified_eval,H1_risk_transport_gap,cross_institution_unpaired,0.9,0.15,,0.1,0.02,0.00398,0.5,0.0233
prespecified_eval,H2_compound_shift_interaction,difference_in_differences,0.9,0.15,0.5,0.1,0.02,0.00414,0.5,0.0235
prespecified_eval,H2_compound_shift_interaction,difference_in_differences,0.9,0.15,0.7,0.1,0.02,0.003214,0.5,0.0227
prespecified_eval,H2_compound_shift_interaction,difference_in_differences,0.9,0.15,0.9,0.1,0.02,0.001875,0.5,0.0216
prespecified_eval,H1_risk_transport_gap,cross_institution_unpaired,0.9,0.15,,0.1,0.03,0.003987,0.9939,0.0234
prespecified_eval,H2_compound_shift_interaction,difference_in_differences,0.9,0.15,0.5,0.1,0.03,0.004226,0.991,0.0236
prespecified_eval,H2_compound_shift_interaction,difference_in_differences,0.9,0.15,0.7,0.1,0.03,0.003287,0.9988,0.0228
prespecified_eval,H2_compound_shift_interaction,difference_in_differences,0.9,0.15,0.9,0.1,0.03,0.001938,1.0,0.0216
prespecified_eval,H1_risk_transport_gap,cross_institution_unpaired,0.9,0.15,,0.1,0.05,0.004001,1.0,0.0234
prespecified_eval,H2_compound_shift_interaction,difference_in_differences,0.9,0.15,0.5,0.1,0.05,0.004391,1.0,0.0237
prespecified_eval,H2_compound_shift_interaction,difference_in_differences,0.9,0.15,0.7,0.1,0.05,0.003435,1.0,0.0229
prespecified_eval,H2_compound_shift_interaction,difference_in_differences,0.9,0.15,0.9,0.1,0.05,0.002077,1.0,0.0217
prespecified_eval,H1_risk_transport_gap,cross_institution_unpaired,0.9,0.15,,0.1,0.1,0.004032,1.0,0.0234
prespecified_eval,H2_compound_shift_interaction,difference_in_differences,0.9,0.15,0.5,0.1,0.1,0.004766,1.0,0.024
prespecified_eval,H2_compound_shift_interaction,difference_in_differences,0.9,0.15,0.7,0.1,0.1,0.003785,1.0,0.0232
prespecified_eval,H2_compound_shift_interaction,difference_in_differences,0.9,0.15,0.9,0.1,0.1,0.002437,1.0,0.0221
prespecified_eval,H1_risk_transport_gap,cross_institution_unpaired,0.9,0.15,,0.2,0.02,0.005295,0.5,0.0245
prespecified_eval,H2_compound_shift_interaction,difference_in_differences,0.9,0.15,0.5,0.2,0.02,0.005384,0.5,0.0245
prespecified_eval,H2_compound_shift_interaction,difference_in_differences,0.9,0.15,0.7,0.2,0.02,0.004172,0.5,0.0235
prespecified_eval,H2_compound_shift_interaction,difference_in_differences,0.9,0.15,0.9,0.2,0.02,0.002414,0.5,0.022
prespecified_eval,H1_risk_transport_gap,cross_institution_unpaired,0.9,0.15,,0.2,0.03,0.005299,0.9704,0.0245
prespecified_eval,H2_compound_shift_interaction,difference_in_differences,0.9,0.15,0.5,0.2,0.03,0.00543,0.9672,0.0246
prespecified_eval,H2_compound_shift_interaction,difference_in_differences,0.9,0.15,0.7,0.2,0.03,0.00421,0.9912,0.0235
prespecified_eval,H2_compound_shift_interaction,difference_in_differences,0.9,0.15,0.9,0.2,0.03,0.002441,1.0,0.0221
prespecified_eval,H1_risk_transport_gap,cross_institution_unpaired,0.9,0.15,,0.2,0.05,0.005307,1.0,0.0245
prespecified_eval,H2_compound_shift_interaction,difference_in_differences,0.9,0.15,0.5,0.2,0.05,0.005518,1.0,0.0246
prespecified_eval,H2_compound_shift_interaction,difference_in_differences,0.9,0.15,0.7,0.2,0.05,0.004283,1.0,0.0236
prespecified_eval,H2_compound_shift_interaction,difference_in_differences,0.9,0.15,0.9,0.2,0.05,0.002499,1.0,0.0221
prespecified_eval,H1_risk_transport_gap,cross_institution_unpaired,0.9,0.15,,0.2,0.1,0.005323,1.0,0.0245
prespecified_eval,H2_compound_shift_interaction,difference_in_differences,0.9,0.15,0.5,0.2,0.1,0.005711,1.0,0.0248
prespecified_eval,H2_compound_shift_interaction,difference_in_differences,0.9,0.15,0.7,0.2,0.1,0.004451,1.0,0.0237
prespecified_eval,H2_compound_shift_interaction,difference_in_differences,0.9,0.15,0.9,0.2,0.1,0.002645,1.0,0.0222
prespecified_eval,H1_risk_transport_gap,cross_institution_unpaired,0.9,0.15,,0.3,0.02,0.006062,0.5,0.0251
prespecified_eval,H2_compound_shift_interaction,difference_in_differences,0.9,0.15,0.5,0.3,0.02,0.006112,0.5,0.0251
prespecified_eval,H2_compound_shift_interaction,difference_in_differences,0.9,0.15,0.7,0.3,0.02,0.004735,0.5,0.024
prespecified_eval,H2_compound_shift_interaction,difference_in_differences,0.9,0.15,0.9,0.3,0.02,0.002735,0.5,0.0223
prespecified_eval,H1_risk_transport_gap,cross_institution_unpaired,0.9,0.15,,0.3,0.03,0.006064,0.9504,0.0251
prespecified_eval,H2_compound_shift_interaction,difference_in_differences,0.9,0.15,0.5,0.3,0.03,0.006138,0.9484,0.0252
prespecified_eval,H2_compound_shift_interaction,difference_in_differences,0.9,0.15,0.7,0.3,0.03,0.004755,0.9823,0.024
prespecified_eval,H2_compound_shift_interaction,difference_in_differences,0.9,0.15,0.9,0.3,0.03,0.002749,0.9999,0.0223
prespecified_eval,H1_risk_transport_gap,cross_institution_unpaired,0.9,0.15,,0.3,0.05,0.006068,1.0,0.0251
prespecified_eval,H2_compound_shift_interaction,difference_in_differences,0.9,0.15,0.5,0.3,0.05,0.006185,1.0,0.0252
prespecified_eval,H2_compound_shift_interaction,difference_in_differences,0.9,0.15,0.7,0.3,0.05,0.004793,1.0,0.024
prespecified_eval,H2_compound_shift_interaction,difference_in_differences,0.9,0.15,0.9,0.3,0.05,0.002775,1.0,0.0223
prespecified_eval,H1_risk_transport_gap,cross_institution_unpaired,0.9,0.15,,0.3,0.1,0.006076,1.0,0.0251
prespecified_eval,H2_compound_shift_interaction,difference_in_differences,0.9,0.15,0.5,0.3,0.1,0.006277,1.0,0.0253
prespecified_eval,H2_compound_shift_interaction,difference_in_differences,0.9,0.15,0.7,0.3,0.1,0.004869,1.0,0.0241
prespecified_eval,H2_compound_shift_interaction,difference_in_differences,0.9,0.15,0.9,0.3,0.1,0.002832,1.0,0.0224
prespecified_eval,H1_risk_transport_gap,cross_institution_unpaired,0.9,0.3,,0.05,0.02,0.003592,0.5,0.023
prespecified_eval,H2_compound_shift_interaction,difference_in_differences,0.9,0.3,0.5,0.05,0.02,0.00391,0.5,0.0233
prespecified_eval,H2_compound_shift_interaction,difference_in_differences,0.9,0.3,0.7,0.05,0.02,0.003053,0.5,0.0226
prespecified_eval,H2_compound_shift_interaction,difference_in_differences,0.9,0.3,0.9,0.05,0.02,0.001832,0.5,0.0215
prespecified_eval,H1_risk_transport_gap,cross_institution_unpaired,0.9,0.3,,0.05,0.03,0.003603,0.9972,0.023
prespecified_eval,H2_compound_shift_interaction,difference_in_differences,0.9,0.3,0.5,0.05,0.03,0.004077,0.9929,0.0234
prespecified_eval,H2_compound_shift_interaction,difference_in_differences,0.9,0.3,0.7,0.05,0.03,0.003206,0.9991,0.0227
prespecified_eval,H2_compound_shift_interaction,difference_in_differences,0.9,0.3,0.9,0.05,0.03,0.001984,1.0,0.0217
prespecified_eval,H1_risk_transport_gap,cross_institution_unpaired,0.9,0.3,,0.05,0.05,0.003625,1.0,0.0231
prespecified_eval,H2_compound_shift_interaction,difference_in_differences,0.9,0.3,0.5,0.05,0.05,0.004398,1.0,0.0237
prespecified_eval,H2_compound_shift_interaction,difference_in_differences,0.9,0.3,0.7,0.05,0.05,0.003511,1.0,0.023
prespecified_eval,H2_compound_shift_interaction,difference_in_differences,0.9,0.3,0.9,0.05,0.05,0.002305,1.0,0.0219
prespecified_eval,H1_risk_transport_gap,cross_institution_unpaired,0.9,0.3,,0.05,0.1,0.003672,1.0,0.0231
prespecified_eval,H2_compound_shift_interaction,difference_in_differences,0.9,0.3,0.5,0.05,0.1,0.005106,1.0,0.0243
prespecified_eval,H2_compound_shift_interaction,difference_in_differences,0.9,0.3,0.7,0.05,0.1,0.004209,1.0,0.0235
prespecified_eval,H2_compound_shift_interaction,difference_in_differences,0.9,0.3,0.9,0.05,0.1,0.003061,1.0,0.0226
prespecified_eval,H1_risk_transport_gap,cross_institution_unpaired,0.9,0.3,,0.1,0.02,0.004928,0.5,0.0241
prespecified_eval,H2_compound_shift_interaction,difference_in_differences,0.9,0.3,0.5,0.1,0.02,0.00513,0.5,0.0243
prespecified_eval,H2_compound_shift_interaction,difference_in_differences,0.9,0.3,0.7,0.1,0.02,0.003982,0.5,0.0234
prespecified_eval,H2_compound_shift_interaction,difference_in_differences,0.9,0.3,0.9,0.1,0.02,0.002323,0.5,0.022
prespecified_eval,H1_risk_transport_gap,cross_institution_unpaired,0.9,0.3,,0.1,0.03,0.004935,0.9786,0.0242
prespecified_eval,H2_compound_shift_interaction,difference_in_differences,0.9,0.3,0.5,0.1,0.03,0.005236,0.9719,0.0244
prespecified_eval,H2_compound_shift_interaction,difference_in_differences,0.9,0.3,0.7,0.1,0.03,0.004073,0.993,0.0234
prespecified_eval,H2_compound_shift_interaction,difference_in_differences,0.9,0.3,0.9,0.1,0.03,0.002401,1.0,0.022
prespecified_eval,H1_risk_transport_gap,cross_institution_unpaired,0.9,0.3,,0.1,0.05,0.004949,1.0,0.0242
prespecified_eval,H2_compound_shift_interaction,difference_in_differences,0.9,0.3,0.5,0.1,0.05,0.005441,1.0,0.0246
prespecified_eval,H2_compound_shift_interaction,difference_in_differences,0.9,0.3,0.7,0.1,0.05,0.004256,1.0,0.0236
prespecified_eval,H2_compound_shift_interaction,difference_in_differences,0.9,0.3,0.9,0.1,0.05,0.002573,1.0,0.0222
prespecified_eval,H1_risk_transport_gap,cross_institution_unpaired,0.9,0.3,,0.1,0.1,0.004979,1.0,0.0242
prespecified_eval,H2_compound_shift_interaction,difference_in_differences,0.9,0.3,0.5,0.1,0.1,0.005905,1.0,0.025
prespecified_eval,H2_compound_shift_interaction,difference_in_differences,0.9,0.3,0.7,0.1,0.1,0.00469,1.0,0.0239
prespecified_eval,H2_compound_shift_interaction,difference_in_differences,0.9,0.3,0.9,0.1,0.1,0.00302,1.0,0.0225
prespecified_eval,H1_risk_transport_gap,cross_institution_unpaired,0.9,0.3,,0.2,0.02,0.00656,0.5,0.0255
prespecified_eval,H2_compound_shift_interaction,difference_in_differences,0.9,0.3,0.5,0.2,0.02,0.006671,0.5,0.0256
prespecified_eval,H2_compound_shift_interaction,difference_in_differences,0.9,0.3,0.7,0.2,0.02,0.00517,0.5,0.0244
prespecified_eval,H2_compound_shift_interaction,difference_in_differences,0.9,0.3,0.9,0.2,0.02,0.002991,0.5,0.0225
prespecified_eval,H1_risk_transport_gap,cross_institution_unpaired,0.9,0.3,,0.2,0.03,0.006564,0.9362,0.0255
prespecified_eval,H2_compound_shift_interaction,difference_in_differences,0.9,0.3,0.5,0.2,0.03,0.006728,0.9314,0.0257
prespecified_eval,H2_compound_shift_interaction,difference_in_differences,0.9,0.3,0.7,0.2,0.03,0.005216,0.9724,0.0244
prespecified_eval,H2_compound_shift_interaction,difference_in_differences,0.9,0.3,0.9,0.2,0.03,0.003025,0.9995,0.0225
prespecified_eval,H1_risk_transport_gap,cross_institution_unpaired,0.9,0.3,,0.2,0.05,0.006571,1.0,0.0255
prespecified_eval,H2_compound_shift_interaction,difference_in_differences,0.9,0.3,0.5,0.2,0.05,0.006838,1.0,0.0258
prespecified_eval,H2_compound_shift_interaction,difference_in_differences,0.9,0.3,0.7,0.2,0.05,0.005308,1.0,0.0245
prespecified_eval,H2_compound_shift_interaction,difference_in_differences,0.9,0.3,0.9,0.2,0.05,0.003096,1.0,0.0226
prespecified_eval,H1_risk_transport_gap,cross_institution_unpaired,0.9,0.3,,0.2,0.1,0.006587,1.0,0.0255
prespecified_eval,H2_compound_shift_interaction,difference_in_differences,0.9,0.3,0.5,0.2,0.1,0.007077,1.0,0.026
prespecified_eval,H2_compound_shift_interaction,difference_in_differences,0.9,0.3,0.7,0.2,0.1,0.005515,1.0,0.0246
prespecified_eval,H2_compound_shift_interaction,difference_in_differences,0.9,0.3,0.9,0.2,0.1,0.003278,1.0,0.0228
prespecified_eval,H1_risk_transport_gap,cross_institution_unpaired,0.9,0.3,,0.3,0.02,0.00751,0.5,0.0263
prespecified_eval,H2_compound_shift_interaction,difference_in_differences,0.9,0.3,0.5,0.3,0.02,0.007574,0.5,0.0264
prespecified_eval,H2_compound_shift_interaction,difference_in_differences,0.9,0.3,0.7,0.3,0.02,0.005867,0.5,0.0249
prespecified_eval,H2_compound_shift_interaction,difference_in_differences,0.9,0.3,0.9,0.3,0.02,0.003389,0.5,0.0229
prespecified_eval,H1_risk_transport_gap,cross_institution_unpaired,0.9,0.3,,0.3,0.03,0.007512,0.9084,0.0263
prespecified_eval,H2_compound_shift_interaction,difference_in_differences,0.9,0.3,0.5,0.3,0.03,0.007605,0.9057,0.0264
prespecified_eval,H2_compound_shift_interaction,difference_in_differences,0.9,0.3,0.7,0.3,0.03,0.005892,0.9552,0.025
prespecified_eval,H2_compound_shift_interaction,difference_in_differences,0.9,0.3,0.9,0.3,0.03,0.003406,0.9983,0.0229
prespecified_eval,H1_risk_transport_gap,cross_institution_unpaired,0.9,0.3,,0.3,0.05,0.007516,1.0,0.0263
prespecified_eval,H2_compound_shift_interaction,difference_in_differences,0.9,0.3,0.5,0.3,0.05,0.007663,1.0,0.0264
prespecified_eval,H2_compound_shift_interaction,difference_in_differences,0.9,0.3,0.7,0.3,0.05,0.005939,1.0,0.025
prespecified_eval,H2_compound_shift_interaction,difference_in_differences,0.9,0.3,0.9,0.3,0.05,0.003438,1.0,0.0229
prespecified_eval,H1_risk_transport_gap,cross_institution_unpaired,0.9,0.3,,0.3,0.1,0.007524,1.0,0.0263
prespecified_eval,H2_compound_shift_interaction,difference_in_differences,0.9,0.3,0.5,0.3,0.1,0.007778,1.0,0.0265
prespecified_eval,H2_compound_shift_interaction,difference_in_differences,0.9,0.3,0.7,0.3,0.1,0.006033,1.0,0.0251
prespecified_eval,H2_compound_shift_interaction,difference_in_differences,0.9,0.3,0.9,0.3,0.1,0.003509,1.0,0.023
prespecified_eval,H1_risk_transport_gap,cross_institution_unpaired,0.7,0.05,,0.05,0.02,0.002558,0.5,0.0222
prespecified_eval,H2_compound_shift_interaction,difference_in_differences,0.7,0.05,0.5,0.05,0.02,0.00277,0.5,0.0223
prespecified_eval,H2_compound_shift_interaction,difference_in_differences,0.7,0.05,0.7,0.05,0.02,0.002163,0.5,0.0218
prespecified_eval,H2_compound_shift_interaction,difference_in_differences,0.7,0.05,0.9,0.05,0.02,0.001298,0.5,0.0211
prespecified_eval,H1_risk_transport_gap,cross_institution_unpaired,0.7,0.05,,0.05,0.03,0.002571,0.9999,0.0222
prespecified_eval,H2_compound_shift_interaction,difference_in_differences,0.7,0.05,0.5,0.05,0.03,0.002888,0.9997,0.0224
prespecified_eval,H2_compound_shift_interaction,difference_in_differences,0.7,0.05,0.7,0.05,0.03,0.002271,1.0,0.0219
prespecified_eval,H2_compound_shift_interaction,difference_in_differences,0.7,0.05,0.9,0.05,0.03,0.001405,1.0,0.0212
prespecified_eval,H1_risk_transport_gap,cross_institution_unpaired,0.7,0.05,,0.05,0.05,0.002598,1.0,0.0222
prespecified_eval,H2_compound_shift_interaction,difference_in_differences,0.7,0.05,0.5,0.05,0.05,0.003116,1.0,0.0226
prespecified_eval,H2_compound_shift_interaction,difference_in_differences,0.7,0.05,0.7,0.05,0.05,0.002488,1.0,0.0221
prespecified_eval,H2_compound_shift_interaction,difference_in_differences,0.7,0.05,0.9,0.05,0.05,0.001633,1.0,0.0214
prespecified_eval,H1_risk_transport_gap,cross_institution_unpaired,0.7,0.05,,0.05,0.1,0.002657,1.0,0.0222
prespecified_eval,H2_compound_shift_interaction,difference_in_differences,0.7,0.05,0.5,0.05,0.1,0.003617,1.0,0.023
prespecified_eval,H2_compound_shift_interaction,difference_in_differences,0.7,0.05,0.7,0.05,0.1,0.002982,1.0,0.0225
prespecified_eval,H2_compound_shift_interaction,difference_in_differences,0.7,0.05,0.9,0.05,0.1,0.002168,1.0,0.0218
prespecified_eval,H1_risk_transport_gap,cross_institution_unpaired,0.7,0.05,,0.1,0.02,0.003499,0.5,0.0229
prespecified_eval,H2_compound_shift_interaction,difference_in_differences,0.7,0.05,0.5,0.1,0.02,0.003634,0.5,0.0231
prespecified_eval,H2_compound_shift_interaction,difference_in_differences,0.7,0.05,0.7,0.1,0.02,0.002821,0.5,0.0224
prespecified_eval,H2_compound_shift_interaction,difference_in_differences,0.7,0.05,0.9,0.1,0.02,0.001646,0.5,0.0214
prespecified_eval,H1_risk_transport_gap,cross_institution_unpaired,0.7,0.05,,0.1,0.03,0.003508,0.9978,0.023
prespecified_eval,H2_compound_shift_interaction,difference_in_differences,0.7,0.05,0.5,0.1,0.03,0.003709,0.9965,0.0231
prespecified_eval,H2_compound_shift_interaction,difference_in_differences,0.7,0.05,0.7,0.1,0.03,0.002886,0.9997,0.0224
prespecified_eval,H2_compound_shift_interaction,difference_in_differences,0.7,0.05,0.9,0.1,0.03,0.001701,1.0,0.0214
prespecified_eval,H1_risk_transport_gap,cross_institution_unpaired,0.7,0.05,,0.1,0.05,0.003525,1.0,0.023
prespecified_eval,H2_compound_shift_interaction,difference_in_differences,0.7,0.05,0.5,0.1,0.05,0.003855,1.0,0.0232
prespecified_eval,H2_compound_shift_interaction,difference_in_differences,0.7,0.05,0.7,0.1,0.05,0.003015,1.0,0.0225
prespecified_eval,H2_compound_shift_interaction,difference_in_differences,0.7,0.05,0.9,0.1,0.05,0.001823,1.0,0.0215
prespecified_eval,H1_risk_transport_gap,cross_institution_unpaired,0.7,0.05,,0.1,0.1,0.003564,1.0,0.023
prespecified_eval,H2_compound_shift_interaction,difference_in_differences,0.7,0.05,0.5,0.1,0.1,0.004183,1.0,0.0235
prespecified_eval,H2_compound_shift_interaction,difference_in_differences,0.7,0.05,0.7,0.1,0.1,0.003323,1.0,0.0228
prespecified_eval,H2_compound_shift_interaction,difference_in_differences,0.7,0.05,0.9,0.1,0.1,0.002139,1.0,0.0218
prespecified_eval,H1_risk_transport_gap,cross_institution_unpaired,0.7,0.05,,0.2,0.02,0.004652,0.5,0.0239
prespecified_eval,H2_compound_shift_interaction,difference_in_differences,0.7,0.05,0.5,0.2,0.02,0.004726,0.5,0.024
prespecified_eval,H2_compound_shift_interaction,difference_in_differences,0.7,0.05,0.7,0.2,0.02,0.003662,0.5,0.0231
prespecified_eval,H2_compound_shift_interaction,difference_in_differences,0.7,0.05,0.9,0.2,0.02,0.002119,0.5,0.0218
prespecified_eval,H1_risk_transport_gap,cross_institution_unpaired,0.7,0.05,,0.2,0.03,0.004656,0.9841,0.0239
prespecified_eval,H2_compound_shift_interaction,difference_in_differences,0.7,0.05,0.5,0.2,0.03,0.004767,0.982,0.024
prespecified_eval,H2_compound_shift_interaction,difference_in_differences,0.7,0.05,0.7,0.2,0.03,0.003695,0.9966,0.0231
prespecified_eval,H2_compound_shift_interaction,difference_in_differences,0.7,0.05,0.9,0.2,0.03,0.002143,1.0,0.0218
prespecified_eval,H1_risk_transport_gap,cross_institution_unpaired,0.7,0.05,,0.2,0.05,0.004666,1.0,0.0239
prespecified_eval,H2_compound_shift_interaction,difference_in_differences,0.7,0.05,0.5,0.2,0.05,0.004844,1.0,0.0241
prespecified_eval,H2_compound_shift_interaction,difference_in_differences,0.7,0.05,0.7,0.2,0.05,0.00376,1.0,0.0232
prespecified_eval,H2_compound_shift_interaction,difference_in_differences,0.7,0.05,0.9,0.2,0.05,0.002193,1.0,0.0218
prespecified_eval,H1_risk_transport_gap,cross_institution_unpaired,0.7,0.05,,0.2,0.1,0.004686,1.0,0.0239
prespecified_eval,H2_compound_shift_interaction,difference_in_differences,0.7,0.05,0.5,0.2,0.1,0.005013,1.0,0.0242
prespecified_eval,H2_compound_shift_interaction,difference_in_differences,0.7,0.05,0.7,0.2,0.1,0.003907,1.0,0.0233
prespecified_eval,H2_compound_shift_interaction,difference_in_differences,0.7,0.05,0.9,0.2,0.1,0.002322,1.0,0.022
prespecified_eval,H1_risk_transport_gap,cross_institution_unpaired,0.7,0.05,,0.3,0.02,0.005323,0.5,0.0245
prespecified_eval,H2_compound_shift_interaction,difference_in_differences,0.7,0.05,0.5,0.3,0.02,0.005365,0.5,0.0245
prespecified_eval,H2_compound_shift_interaction,difference_in_differences,0.7,0.05,0.7,0.3,0.02,0.004156,0.5,0.0235
prespecified_eval,H2_compound_shift_interaction,difference_in_differences,0.7,0.05,0.9,0.3,0.02,0.002401,0.5,0.022
prespecified_eval,H1_risk_transport_gap,cross_institution_unpaired,0.7,0.05,,0.3,0.03,0.005326,0.9698,0.0245
prespecified_eval,H2_compound_shift_interaction,difference_in_differences,0.7,0.05,0.5,0.3,0.03,0.005388,0.9683,0.0245
prespecified_eval,H2_compound_shift_interaction,difference_in_differences,0.7,0.05,0.7,0.3,0.03,0.004174,0.9917,0.0235
prespecified_eval,H2_compound_shift_interaction,difference_in_differences,0.7,0.05,0.9,0.3,0.03,0.002413,1.0,0.022
prespecified_eval,H1_risk_transport_gap,cross_institution_unpaired,0.7,0.05,,0.3,0.05,0.005331,1.0,0.0245
prespecified_eval,H2_compound_shift_interaction,difference_in_differences,0.7,0.05,0.5,0.3,0.05,0.005429,1.0,0.0246
prespecified_eval,H2_compound_shift_interaction,difference_in_differences,0.7,0.05,0.7,0.3,0.05,0.004207,1.0,0.0235
prespecified_eval,H2_compound_shift_interaction,difference_in_differences,0.7,0.05,0.9,0.3,0.05,0.002436,1.0,0.022
prespecified_eval,H1_risk_transport_gap,cross_institution_unpaired,0.7,0.05,,0.3,0.1,0.005341,1.0,0.0245
prespecified_eval,H2_compound_shift_interaction,difference_in_differences,0.7,0.05,0.5,0.3,0.1,0.00551,1.0,0.0246
prespecified_eval,H2_compound_shift_interaction,difference_in_differences,0.7,0.05,0.7,0.3,0.1,0.004274,1.0,0.0236
prespecified_eval,H2_compound_shift_interaction,difference_in_differences,0.7,0.05,0.9,0.3,0.1,0.002486,1.0,0.0221
prespecified_eval,H1_risk_transport_gap,cross_institution_unpaired,0.7,0.15,,0.05,0.02,0.003073,0.5,0.0226
prespecified_eval,H2_compound_shift_interaction,difference_in_differences,0.7,0.15,0.5,0.05,0.02,0.003335,0.5,0.0228
prespecified_eval,H2_compound_shift_interaction,difference_in_differences,0.7,0.15,0.7,0.05,0.02,0.002604,0.5,0.0222
prespecified_eval,H2_compound_shift_interaction,difference_in_differences,0.7,0.15,0.9,0.05,0.02,0.001562,0.5,0.0213
prespecified_eval,H1_risk_transport_gap,cross_institution_unpaired,0.7,0.15,,0.05,0.03,0.003086,0.9994,0.0226
prespecified_eval,H2_compound_shift_interaction,difference_in_differences,0.7,0.15,0.5,0.05,0.03,0.003478,0.998,0.0229
prespecified_eval,H2_compound_shift_interaction,difference_in_differences,0.7,0.15,0.7,0.05,0.03,0.002735,0.9999,0.0223
prespecified_eval,H2_compound_shift_interaction,difference_in_differences,0.7,0.15,0.9,0.05,0.03,0.001692,1.0,0.0214
prespecified_eval,H1_risk_transport_gap,cross_institution_unpaired,0.7,0.15,,0.05,0.05,0.003112,1.0,0.0226
prespecified_eval,H2_compound_shift_interaction,difference_in_differences,0.7,0.15,0.5,0.05,0.05,0.003752,1.0,0.0232
prespecified_eval,H2_compound_shift_interaction,difference_in_differences,0.7,0.15,0.7,0.05,0.05,0.002995,1.0,0.0225
prespecified_eval,H2_compound_shift_interaction,difference_in_differences,0.7,0.15,0.9,0.05,0.05,0.001966,1.0,0.0217
prespecified_eval,H1_risk_transport_gap,cross_institution_unpaired,0.7,0.15,,0.05,0.1,0.003171,1.0,0.0227
prespecified_eval,H2_compound_shift_interaction,difference_in_differences,0.7,0.15,0.5,0.05,0.1,0.004355,1.0,0.0237
prespecified_eval,H2_compound_shift_interaction,difference_in_differences,0.7,0.15,0.7,0.05,0.1,0.00359,1.0,0.023
prespecified_eval,H2_compound_shift_interaction,difference_in_differences,0.7,0.15,0.9,0.05,0.1,0.002611,1.0,0.0222
prespecified_eval,H1_risk_transport_gap,cross_institution_unpaired,0.7,0.15,,0.1,0.02,0.004209,0.5,0.0235
prespecified_eval,H2_compound_shift_interaction,difference_in_differences,0.7,0.15,0.5,0.1,0.02,0.004376,0.5,0.0237
prespecified_eval,H2_compound_shift_interaction,difference_in_differences,0.7,0.15,0.7,0.1,0.02,0.003397,0.5,0.0229
prespecified_eval,H2_compound_shift_interaction,difference_in_differences,0.7,0.15,0.9,0.1,0.02,0.001982,0.5,0.0217
prespecified_eval,H1_risk_transport_gap,cross_institution_unpaired,0.7,0.15,,0.1,0.03,0.004218,0.9911,0.0235
prespecified_eval,H2_compound_shift_interaction,difference_in_differences,0.7,0.15,0.5,0.1,0.03,0.004466,0.9874,0.0238
prespecified_eval,H2_compound_shift_interaction,difference_in_differences,0.7,0.15,0.7,0.1,0.03,0.003474,0.998,0.0229
prespecified_eval,H2_compound_shift_interaction,difference_in_differences,0.7,0.15,0.9,0.1,0.03,0.002048,1.0,0.0217
prespecified_eval,H1_risk_transport_gap,cross_institution_unpaired,0.7,0.15,,0.1,0.05,0.004235,1.0,0.0236
prespecified_eval,H2_compound_shift_interaction,difference_in_differences,0.7,0.15,0.5,0.1,0.05,0.004641,1.0,0.0239
prespecified_eval,H2_compound_shift_interaction,difference_in_differences,0.7,0.15,0.7,0.1,0.05,0.00363,1.0,0.0231
prespecified_eval,H2_compound_shift_interaction,difference_in_differences,0.7,0.15,0.9,0.1,0.05,0.002195,1.0,0.0218
prespecified_eval,H1_risk_transport_gap,cross_institution_unpaired,0.7,0.15,,0.1,0.1,0.004272,1.0,0.0236
prespecified_eval,H2_compound_shift_interaction,difference_in_differences,0.7,0.15,0.5,0.1,0.1,0.005037,1.0,0.0242
prespecified_eval,H2_compound_shift_interaction,difference_in_differences,0.7,0.15,0.7,0.1,0.1,0.004,1.0,0.0234
prespecified_eval,H2_compound_shift_interaction,difference_in_differences,0.7,0.15,0.9,0.1,0.1,0.002576,1.0,0.0222
prespecified_eval,H1_risk_transport_gap,cross_institution_unpaired,0.7,0.15,,0.2,0.02,0.005598,0.5,0.0247
prespecified_eval,H2_compound_shift_interaction,difference_in_differences,0.7,0.15,0.5,0.2,0.02,0.00569,0.5,0.0248
prespecified_eval,H2_compound_shift_interaction,difference_in_differences,0.7,0.15,0.7,0.2,0.02,0.004409,0.5,0.0237
prespecified_eval,H2_compound_shift_interaction,difference_in_differences,0.7,0.15,0.9,0.2,0.02,0.002551,0.5,0.0221
prespecified_eval,H1_risk_transport_gap,cross_institution_unpaired,0.7,0.15,,0.2,0.03,0.005603,0.9629,0.0247
prespecified_eval,H2_compound_shift_interaction,difference_in_differences,0.7,0.15,0.5,0.2,0.03,0.005739,0.9593,0.0248
prespecified_eval,H2_compound_shift_interaction,difference_in_differences,0.7,0.15,0.7,0.2,0.03,0.004449,0.9877,0.0237
prespecified_eval,H2_compound_shift_interaction,difference_in_differences,0.7,0.15,0.9,0.2,0.03,0.00258,0.9999,0.0222
prespecified_eval,H1_risk_transport_gap,cross_institution_unpaired,0.7,0.15,,0.2,0.05,0.005612,1.0,0.0247
prespecified_eval,H2_compound_shift_interaction,difference_in_differences,0.7,0.15,0.5,0.2,0.05,0.005832,1.0,0.0249
prespecified_eval,H2_compound_shift_interaction,difference_in_differences,0.7,0.15,0.7,0.2,0.05,0.004527,1.0,0.0238
prespecified_eval,H2_compound_shift_interaction,difference_in_differences,0.7,0.15,0.9,0.2,0.05,0.002641,1.0,0.0222
prespecified_eval,H1_risk_transport_gap,cross_institution_unpaired,0.7,0.15,,0.2,0.1,0.005632,1.0,0.0247
prespecified_eval,H2_compound_shift_interaction,difference_in_differences,0.7,0.15,0.5,0.2,0.1,0.006036,1.0,0.0251
prespecified_eval,H2_compound_shift_interaction,difference_in_differences,0.7,0.15,0.7,0.2,0.1,0.004704,1.0,0.024
prespecified_eval,H2_compound_shift_interaction,difference_in_differences,0.7,0.15,0.9,0.2,0.1,0.002796,1.0,0.0224
prespecified_eval,H1_risk_transport_gap,cross_institution_unpaired,0.7,0.15,,0.3,0.02,0.006408,0.5,0.0254
prespecified_eval,H2_compound_shift_interaction,difference_in_differences,0.7,0.15,0.5,0.3,0.02,0.00646,0.5,0.0254
prespecified_eval,H2_compound_shift_interaction,difference_in_differences,0.7,0.15,0.7,0.3,0.02,0.005004,0.5,0.0242
prespecified_eval,H2_compound_shift_interaction,difference_in_differences,0.7,0.15,0.9,0.3,0.02,0.002891,0.5,0.0224
prespecified_eval,H1_risk_transport_gap,cross_institution_unpaired,0.7,0.15,,0.3,0.03,0.00641,0.9406,0.0254
prespecified_eval,H2_compound_shift_interaction,difference_in_differences,0.7,0.15,0.5,0.3,0.03,0.006487,0.9384,0.0255
prespecified_eval,H2_compound_shift_interaction,difference_in_differences,0.7,0.15,0.7,0.3,0.03,0.005026,0.9767,0.0242
prespecified_eval,H2_compound_shift_interaction,difference_in_differences,0.7,0.15,0.9,0.3,0.03,0.002905,0.9997,0.0224
prespecified_eval,H1_risk_transport_gap,cross_institution_unpaired,0.7,0.15,,0.3,0.05,0.006415,1.0,0.0254
prespecified_eval,H2_compound_shift_interaction,difference_in_differences,0.7,0.15,0.5,0.3,0.05,0.006536,1.0,0.0255
prespecified_eval,H2_compound_shift_interaction,difference_in_differences,0.7,0.15,0.7,0.3,0.05,0.005066,1.0,0.0243
prespecified_eval,H2_compound_shift_interaction,difference_in_differences,0.7,0.15,0.9,0.3,0.05,0.002933,1.0,0.0225
prespecified_eval,H1_risk_transport_gap,cross_institution_unpaired,0.7,0.15,,0.3,0.1,0.006425,1.0,0.0254
prespecified_eval,H2_compound_shift_interaction,difference_in_differences,0.7,0.15,0.5,0.3,0.1,0.006634,1.0,0.0256
prespecified_eval,H2_compound_shift_interaction,difference_in_differences,0.7,0.15,0.7,0.3,0.1,0.005146,1.0,0.0243
prespecified_eval,H2_compound_shift_interaction,difference_in_differences,0.7,0.15,0.9,0.3,0.1,0.002993,1.0,0.0225
prespecified_eval,H1_risk_transport_gap,cross_institution_unpaired,0.7,0.3,,0.05,0.02,0.003714,0.5,0.0231
prespecified_eval,H2_compound_shift_interaction,difference_in_differences,0.7,0.3,0.5,0.05,0.02,0.004037,0.5,0.0234
prespecified_eval,H2_compound_shift_interaction,difference_in_differences,0.7,0.3,0.7,0.05,0.02,0.003152,0.5,0.0227
prespecified_eval,H2_compound_shift_interaction,difference_in_differences,0.7,0.3,0.9,0.05,0.02,0.001891,0.5,0.0216
prespecified_eval,H1_risk_transport_gap,cross_institution_unpaired,0.7,0.3,,0.05,0.03,0.003728,0.9963,0.0231
prespecified_eval,H2_compound_shift_interaction,difference_in_differences,0.7,0.3,0.5,0.05,0.03,0.00421,0.9912,0.0235
prespecified_eval,H2_compound_shift_interaction,difference_in_differences,0.7,0.3,0.7,0.05,0.03,0.00331,0.9987,0.0228
prespecified_eval,H2_compound_shift_interaction,difference_in_differences,0.7,0.3,0.9,0.05,0.03,0.002048,1.0,0.0217
prespecified_eval,H1_risk_transport_gap,cross_institution_unpaired,0.7,0.3,,0.05,0.05,0.003754,1.0,0.0232
prespecified_eval,H2_compound_shift_interaction,difference_in_differences,0.7,0.3,0.5,0.05,0.05,0.004541,1.0,0.0238
prespecified_eval,H2_compound_shift_interaction,difference_in_differences,0.7,0.3,0.7,0.05,0.05,0.003625,1.0,0.0231
prespecified_eval,H2_compound_shift_interaction,difference_in_differences,0.7,0.3,0.9,0.05,0.05,0.00238,1.0,0.022
prespecified_eval,H1_risk_transport_gap,cross_institution_unpaired,0.7,0.3,,0.05,0.1,0.003813,1.0,0.0232
prespecified_eval,H2_compound_shift_interaction,difference_in_differences,0.7,0.3,0.5,0.05,0.1,0.005272,1.0,0.0244
prespecified_eval,H2_compound_shift_interaction,difference_in_differences,0.7,0.3,0.7,0.05,0.1,0.004346,1.0,0.0237
prespecified_eval,H2_compound_shift_interaction,difference_in_differences,0.7,0.3,0.9,0.05,0.1,0.00316,1.0,0.0227
prespecified_eval,H1_risk_transport_gap,cross_institution_unpaired,0.7,0.3,,0.1,0.02,0.005091,0.5,0.0243
prespecified_eval,H2_compound_shift_interaction,difference_in_differences,0.7,0.3,0.5,0.1,0.02,0.005297,0.5,0.0245
prespecified_eval,H2_compound_shift_interaction,difference_in_differences,0.7,0.3,0.7,0.1,0.02,0.004112,0.5,0.0235
prespecified_eval,H2_compound_shift_interaction,difference_in_differences,0.7,0.3,0.9,0.1,0.02,0.002399,0.5,0.022
prespecified_eval,H1_risk_transport_gap,cross_institution_unpaired,0.7,0.3,,0.1,0.03,0.0051,0.975,0.0243
prespecified_eval,H2_compound_shift_interaction,difference_in_differences,0.7,0.3,0.5,0.1,0.03,0.005406,0.9678,0.0246
prespecified_eval,H2_compound_shift_interaction,difference_in_differences,0.7,0.3,0.7,0.1,0.03,0.004206,0.9913,0.0235
prespecified_eval,H2_compound_shift_interaction,difference_in_differences,0.7,0.3,0.9,0.1,0.03,0.002479,1.0,0.0221
prespecified_eval,H1_risk_transport_gap,cross_institution_unpaired,0.7,0.3,,0.1,0.05,0.005117,1.0,0.0243
prespecified_eval,H2_compound_shift_interaction,difference_in_differences,0.7,0.3,0.5,0.1,0.05,0.005618,1.0,0.0247
prespecified_eval,H2_compound_shift_interaction,difference_in_differences,0.7,0.3,0.7,0.1,0.05,0.004394,1.0,0.0237
prespecified_eval,H2_compound_shift_interaction,difference_in_differences,0.7,0.3,0.9,0.1,0.05,0.002657,1.0,0.0222
prespecified_eval,H1_risk_transport_gap,cross_institution_unpaired,0.7,0.3,,0.1,0.1,0.005155,1.0,0.0243
prespecified_eval,H2_compound_shift_interaction,difference_in_differences,0.7,0.3,0.5,0.1,0.1,0.006097,1.0,0.0251
prespecified_eval,H2_compound_shift_interaction,difference_in_differences,0.7,0.3,0.7,0.1,0.1,0.004842,1.0,0.0241
prespecified_eval,H2_compound_shift_interaction,difference_in_differences,0.7,0.3,0.9,0.1,0.1,0.003118,1.0,0.0226
prespecified_eval,H1_risk_transport_gap,cross_institution_unpaired,0.7,0.3,,0.2,0.02,0.006774,0.5,0.0257
prespecified_eval,H2_compound_shift_interaction,difference_in_differences,0.7,0.3,0.5,0.2,0.02,0.006888,0.5,0.0258
prespecified_eval,H2_compound_shift_interaction,difference_in_differences,0.7,0.3,0.7,0.2,0.02,0.005337,0.5,0.0245
prespecified_eval,H2_compound_shift_interaction,difference_in_differences,0.7,0.3,0.9,0.2,0.02,0.003088,0.5,0.0226
prespecified_eval,H1_risk_transport_gap,cross_institution_unpaired,0.7,0.3,,0.2,0.03,0.006779,0.9299,0.0257
prespecified_eval,H2_compound_shift_interaction,difference_in_differences,0.7,0.3,0.5,0.2,0.03,0.006947,0.925,0.0258
prespecified_eval,H2_compound_shift_interaction,difference_in_differences,0.7,0.3,0.7,0.2,0.03,0.005386,0.9683,0.0245
prespecified_eval,H2_compound_shift_interaction,difference_in_differences,0.7,0.3,0.9,0.2,0.03,0.003123,0.9993,0.0226
prespecified_eval,H1_risk_transport_gap,cross_institution_unpaired,0.7,0.3,,0.2,0.05,0.006788,1.0,0.0257
prespecified_eval,H2_compound_shift_interaction,difference_in_differences,0.7,0.3,0.5,0.2,0.05,0.00706,1.0,0.0259
prespecified_eval,H2_compound_shift_interaction,difference_in_differences,0.7,0.3,0.7,0.2,0.05,0.00548,1.0,0.0246
prespecified_eval,H2_compound_shift_interaction,difference_in_differences,0.7,0.3,0.9,0.2,0.05,0.003196,1.0,0.0227
prespecified_eval,H1_risk_transport_gap,cross_institution_unpaired,0.7,0.3,,0.2,0.1,0.006808,1.0,0.0257
prespecified_eval,H2_compound_shift_interaction,difference_in_differences,0.7,0.3,0.5,0.2,0.1,0.007307,1.0,0.0261
prespecified_eval,H2_compound_shift_interaction,difference_in_differences,0.7,0.3,0.7,0.2,0.1,0.005694,1.0,0.0248
prespecified_eval,H2_compound_shift_interaction,difference_in_differences,0.7,0.3,0.9,0.2,0.1,0.003384,1.0,0.0228
prespecified_eval,H1_risk_transport_gap,cross_institution_unpaired,0.7,0.3,,0.3,0.02,0.007755,0.5,0.0265
prespecified_eval,H2_compound_shift_interaction,difference_in_differences,0.7,0.3,0.5,0.3,0.02,0.00782,0.5,0.0266
prespecified_eval,H2_compound_shift_interaction,difference_in_differences,0.7,0.3,0.7,0.3,0.02,0.006058,0.5,0.0251
prespecified_eval,H2_compound_shift_interaction,difference_in_differences,0.7,0.3,0.9,0.3,0.02,0.003499,0.5,0.0229
prespecified_eval,H1_risk_transport_gap,cross_institution_unpaired,0.7,0.3,,0.3,0.03,0.007758,0.9013,0.0265
prespecified_eval,H2_compound_shift_interaction,difference_in_differences,0.7,0.3,0.5,0.3,0.03,0.007852,0.8986,0.0266
prespecified_eval,H2_compound_shift_interaction,difference_in_differences,0.7,0.3,0.7,0.3,0.03,0.006084,0.9499,0.0251
prespecified_eval,H2_compound_shift_interaction,difference_in_differences,0.7,0.3,0.9,0.3,0.03,0.003516,0.9978,0.023
prespecified_eval,H1_risk_transport_gap,cross_institution_unpaired,0.7,0.3,,0.3,0.05,0.007763,0.9999,0.0265
prespecified_eval,H2_compound_shift_interaction,difference_in_differences,0.7,0.3,0.5,0.3,0.05,0.007912,0.9999,0.0267
prespecified_eval,H2_compound_shift_interaction,difference_in_differences,0.7,0.3,0.7,0.3,0.05,0.006132,1.0,0.0252
prespecified_eval,H2_compound_shift_interaction,difference_in_differences,0.7,0.3,0.9,0.3,0.05,0.00355,1.0,0.023
prespecified_eval,H1_risk_transport_gap,cross_institution_unpaired,0.7,0.3,,0.3,0.1,0.007772,1.0,0.0265
prespecified_eval,H2_compound_shift_interaction,difference_in_differences,0.7,0.3,0.5,0.3,0.1,0.00803,1.0,0.0268
prespecified_eval,H2_compound_shift_interaction,difference_in_differences,0.7,0.3,0.7,0.3,0.1,0.006229,1.0,0.0252
prespecified_eval,H2_compound_shift_interaction,difference_in_differences,0.7,0.3,0.9,0.3,0.1,0.003623,1.0,0.023
official_test,H1_risk_transport_gap,cross_institution_unpaired,0.8,0.05,,0.05,0.02,0.007122,0.5,0.026
official_test,H2_compound_shift_interaction,difference_in_differences,0.8,0.05,0.5,0.05,0.02,0.007791,0.5,0.0266
official_test,H2_compound_shift_interaction,difference_in_differences,0.8,0.05,0.7,0.05,0.02,0.006084,0.5,0.0251
official_test,H2_compound_shift_interaction,difference_in_differences,0.8,0.05,0.9,0.05,0.02,0.00365,0.5,0.0231
official_test,H1_risk_transport_gap,cross_institution_unpaired,0.8,0.05,,0.05,0.03,0.007126,0.9197,0.026
official_test,H2_compound_shift_interaction,difference_in_differences,0.8,0.05,0.5,0.05,0.03,0.008125,0.8908,0.0268
official_test,H2_compound_shift_interaction,difference_in_differences,0.8,0.05,0.7,0.05,0.03,0.006389,0.9412,0.0254
official_test,H2_compound_shift_interaction,difference_in_differences,0.8,0.05,0.9,0.05,0.03,0.003953,0.9943,0.0233
official_test,H1_risk_transport_gap,cross_institution_unpaired,0.8,0.05,,0.05,0.05,0.007135,1.0,0.026
official_test,H2_compound_shift_interaction,difference_in_differences,0.8,0.05,0.5,0.05,0.05,0.008765,0.9997,0.0274
official_test,H2_compound_shift_interaction,difference_in_differences,0.8,0.05,0.7,0.05,0.05,0.006997,1.0,0.0259
official_test,H2_compound_shift_interaction,difference_in_differences,0.8,0.05,0.9,0.05,0.05,0.004594,1.0,0.0239
official_test,H1_risk_transport_gap,cross_institution_unpaired,0.8,0.05,,0.05,0.1,0.007154,1.0,0.026
official_test,H2_compound_shift_interaction,difference_in_differences,0.8,0.05,0.5,0.05,0.1,0.010174,1.0,0.0286
official_test,H2_compound_shift_interaction,difference_in_differences,0.8,0.05,0.7,0.05,0.1,0.008388,1.0,0.0271
official_test,H2_compound_shift_interaction,difference_in_differences,0.8,0.05,0.9,0.05,0.1,0.006099,1.0,0.0251
official_test,H1_risk_transport_gap,cross_institution_unpaired,0.8,0.05,,0.1,0.02,0.009797,0.5,0.0282
official_test,H2_compound_shift_interaction,difference_in_differences,0.8,0.05,0.5,0.1,0.02,0.010223,0.4986,0.0286
official_test,H2_compound_shift_interaction,difference_in_differences,0.8,0.05,0.7,0.1,0.02,0.007935,0.5,0.0267
official_test,H2_compound_shift_interaction,difference_in_differences,0.8,0.05,0.9,0.1,0.02,0.004629,0.5,0.0239
official_test,H1_risk_transport_gap,cross_institution_unpaired,0.8,0.05,,0.1,0.03,0.0098,0.8462,0.0282
official_test,H2_compound_shift_interaction,difference_in_differences,0.8,0.05,0.5,0.1,0.03,0.010434,0.82,0.0292
official_test,H2_compound_shift_interaction,difference_in_differences,0.8,0.05,0.7,0.1,0.03,0.008117,0.891,0.0268
official_test,H2_compound_shift_interaction,difference_in_differences,0.8,0.05,0.9,0.1,0.03,0.004785,0.9817,0.024
official_test,H1_risk_transport_gap,cross_institution_unpaired,0.8,0.05,,0.1,0.05,0.009805,0.9989,0.0283
official_test,H2_compound_shift_interaction,difference_in_differences,0.8,0.05,0.5,0.1,0.05,0.010843,0.996,0.0304
official_test,H2_compound_shift_interaction,difference_in_differences,0.8,0.05,0.7,0.1,0.05,0.008481,0.9998,0.0271
official_test,H2_compound_shift_interaction,difference_in_differences,0.8,0.05,0.9,0.1,0.05,0.005127,1.0,0.0243
official_test,H1_risk_transport_gap,cross_institution_unpaired,0.8,0.05,,0.1,0.1,0.009817,1.0,0.0283
official_test,H2_compound_shift_interaction,difference_in_differences,0.8,0.05,0.5,0.1,0.1,0.011767,1.0,0.033
official_test,H2_compound_shift_interaction,difference_in_differences,0.8,0.05,0.7,0.1,0.1,0.009346,1.0,0.0279
official_test,H2_compound_shift_interaction,difference_in_differences,0.8,0.05,0.9,0.1,0.1,0.006018,1.0,0.0251
official_test,H1_risk_transport_gap,cross_institution_unpaired,0.8,0.05,,0.2,0.02,0.013058,0.3342,0.0366
official_test,H2_compound_shift_interaction,difference_in_differences,0.8,0.05,0.5,0.2,0.02,0.013293,0.3244,0.0372
official_test,H2_compound_shift_interaction,difference_in_differences,0.8,0.05,0.7,0.2,0.02,0.010301,0.4926,0.0289
official_test,H2_compound_shift_interaction,difference_in_differences,0.8,0.05,0.9,0.2,0.02,0.00596,0.5,0.025
official_test,H1_risk_transport_gap,cross_institution_unpaired,0.8,0.05,,0.2,0.03,0.01306,0.632,0.0366
official_test,H2_compound_shift_interaction,difference_in_differences,0.8,0.05,0.5,0.2,0.03,0.013408,0.6093,0.0376
official_test,H2_compound_shift_interaction,difference_in_differences,0.8,0.05,0.7,0.2,0.03,0.010394,0.8228,0.0291
official_test,H2_compound_shift_interaction,difference_in_differences,0.8,0.05,0.9,0.2,0.03,0.006027,0.9515,0.0251
official_test,H1_risk_transport_gap,cross_institution_unpaired,0.8,0.05,,0.2,0.05,0.013063,0.9691,0.0366
official_test,H2_compound_shift_interaction,difference_in_differences,0.8,0.05,0.5,0.2,0.05,0.013626,0.9563,0.0382
official_test,H2_compound_shift_interaction,difference_in_differences,0.8,0.05,0.7,0.2,0.05,0.010576,0.9972,0.0296
official_test,H2_compound_shift_interaction,difference_in_differences,0.8,0.05,0.9,0.2,0.05,0.006169,1.0,0.0252
official_test,H1_risk_transport_gap,cross_institution_unpaired,0.8,0.05,,0.2,0.1,0.013069,1.0,0.0366
official_test,H2_compound_shift_interaction,difference_in_differences,0.8,0.05,0.5,0.2,0.1,0.014102,1.0,0.0395
official_test,H2_compound_shift_interaction,difference_in_differences,0.8,0.05,0.7,0.2,0.1,0.010989,1.0,0.0308
official_test,H2_compound_shift_interaction,difference_in_differences,0.8,0.05,0.9,0.2,0.1,0.006532,1.0,0.0255
official_test,H1_risk_transport_gap,cross_institution_unpaired,0.8,0.05,,0.3,0.02,0.014958,0.2667,0.0419
official_test,H2_compound_shift_interaction,difference_in_differences,0.8,0.05,0.5,0.3,0.02,0.015092,0.2628,0.0423
official_test,H2_compound_shift_interaction,difference_in_differences,0.8,0.05,0.7,0.3,0.02,0.011692,0.4016,0.0328
official_test,H2_compound_shift_interaction,difference_in_differences,0.8,0.05,0.9,0.3,0.02,0.006754,0.5,0.0257
official_test,H1_risk_transport_gap,cross_institution_unpaired,0.8,0.05,,0.3,0.03,0.014959,0.5182,0.0419
official_test,H2_compound_shift_interaction,difference_in_differences,0.8,0.05,0.5,0.3,0.03,0.015155,0.5078,0.0425
official_test,H2_compound_shift_interaction,difference_in_differences,0.8,0.05,0.7,0.3,0.03,0.011742,0.7241,0.0329
official_test,H2_compound_shift_interaction,difference_in_differences,0.8,0.05,0.9,0.3,0.03,0.006787,0.9297,0.0257
official_test,H1_risk_transport_gap,cross_institution_unpaired,0.8,0.05,,0.3,0.05,0.01496,0.9165,0.0419
official_test,H2_compound_shift_interaction,difference_in_differences,0.8,0.05,0.5,0.3,0.05,0.015271,0.9056,0.0428
official_test,H2_compound_shift_interaction,difference_in_differences,0.8,0.05,0.7,0.3,0.05,0.011835,0.9882,0.0332
official_test,H2_compound_shift_interaction,difference_in_differences,0.8,0.05,0.9,0.3,0.05,0.006851,1.0,0.0258
official_test,H1_risk_transport_gap,cross_institution_unpaired,0.8,0.05,,0.3,0.1,0.014963,1.0,0.0419
official_test,H2_compound_shift_interaction,difference_in_differences,0.8,0.05,0.5,0.3,0.1,0.015498,1.0,0.0434
official_test,H2_compound_shift_interaction,difference_in_differences,0.8,0.05,0.7,0.3,0.1,0.012023,1.0,0.0337
official_test,H2_compound_shift_interaction,difference_in_differences,0.8,0.05,0.9,0.3,0.1,0.006992,1.0,0.0259
official_test,H1_risk_transport_gap,cross_institution_unpaired,0.8,0.15,,0.05,0.02,0.009473,0.5,0.028
official_test,H2_compound_shift_interaction,difference_in_differences,0.8,0.15,0.5,0.05,0.02,0.010368,0.4876,0.029
official_test,H2_compound_shift_interaction,difference_in_differences,0.8,0.15,0.7,0.05,0.02,0.008096,0.5,0.0268
official_test,H2_compound_shift_interaction,difference_in_differences,0.8,0.15,0.9,0.05,0.02,0.004857,0.5,0.0241
official_test,H1_risk_transport_gap,cross_institution_unpaired,0.8,0.15,,0.05,0.03,0.009477,0.8543,0.028
official_test,H2_compound_shift_interaction,difference_in_differences,0.8,0.15,0.5,0.05,0.03,0.010812,0.7924,0.0303
official_test,H2_compound_shift_interaction,difference_in_differences,0.8,0.15,0.7,0.05,0.03,0.008502,0.8802,0.0272
official_test,H2_compound_shift_interaction,difference_in_differences,0.8,0.15,0.9,0.05,0.03,0.005261,0.9713,0.0244
official_test,H1_risk_transport_gap,cross_institution_unpaired,0.8,0.15,,0.05,0.05,0.009485,0.9992,0.028
official_test,H2_compound_shift_interaction,difference_in_differences,0.8,0.15,0.5,0.05,0.05,0.011663,0.99,0.0327
official_test,H2_compound_shift_interaction,difference_in_differences,0.8,0.15,0.7,0.05,0.05,0.009311,0.9994,0.0278
official_test,H2_compound_shift_interaction,difference_in_differences,0.8,0.15,0.9,0.05,0.05,0.006113,1.0,0.0251
official_test,H1_risk_transport_gap,cross_institution_unpaired,0.8,0.15,,0.05,0.1,0.009502,1.0,0.028
official_test,H2_compound_shift_interaction,difference_in_differences,0.8,0.15,0.5,0.05,0.1,0.013539,1.0,0.0379
official_test,H2_compound_shift_interaction,difference_in_differences,0.8,0.15,0.7,0.05,0.1,0.011162,1.0,0.0313
official_test,H2_compound_shift_interaction,difference_in_differences,0.8,0.15,0.9,0.05,0.1,0.008116,1.0,0.0268
official_test,H1_risk_transport_gap,cross_institution_unpaired,0.8,0.15,,0.1,0.02,0.013034,0.3352,0.0365
official_test,H2_compound_shift_interaction,difference_in_differences,0.8,0.15,0.5,0.1,0.02,0.013604,0.3121,0.0381
official_test,H2_compound_shift_interaction,difference_in_differences,0.8,0.15,0.7,0.1,0.02,0.01056,0.4737,0.0296
official_test,H2_compound_shift_interaction,difference_in_differences,0.8,0.15,0.9,0.1,0.02,0.006161,0.5,0.0252
official_test,H1_risk_transport_gap,cross_institution_unpaired,0.8,0.15,,0.1,0.03,0.013037,0.6335,0.0365
official_test,H2_compound_shift_interaction,difference_in_differences,0.8,0.15,0.5,0.1,0.03,0.013885,0.5795,0.0389
official_test,H2_compound_shift_interaction,difference_in_differences,0.8,0.15,0.7,0.1,0.03,0.010801,0.7932,0.0303
official_test,H2_compound_shift_interaction,difference_in_differences,0.8,0.15,0.9,0.1,0.03,0.006368,0.9418,0.0254
official_test,H1_risk_transport_gap,cross_institution_unpaired,0.8,0.15,,0.1,0.05,0.013041,0.9695,0.0365
official_test,H2_compound_shift_interaction,difference_in_differences,0.8,0.15,0.5,0.1,0.05,0.014429,0.9339,0.0404
official_test,H2_compound_shift_interaction,difference_in_differences,0.8,0.15,0.7,0.1,0.05,0.011286,0.9932,0.0316
official_test,H2_compound_shift_interaction,difference_in_differences,0.8,0.15,0.9,0.1,0.05,0.006823,1.0,0.0257
official_test,H1_risk_transport_gap,cross_institution_unpaired,0.8,0.15,,0.1,0.1,0.013052,1.0,0.0366
official_test,H2_compound_shift_interaction,difference_in_differences,0.8,0.15,0.5,0.1,0.1,0.015659,1.0,0.0439
official_test,H2_compound_shift_interaction,difference_in_differences,0.8,0.15,0.7,0.1,0.1,0.012437,1.0,0.0348
official_test,H2_compound_shift_interaction,difference_in_differences,0.8,0.15,0.9,0.1,0.1,0.008008,1.0,0.0267
official_test,H1_risk_transport_gap,cross_institution_unpaired,0.8,0.15,,0.2,0.02,0.017375,0.2093,0.0487
official_test,H2_compound_shift_interaction,difference_in_differences,0.8,0.15,0.5,0.2,0.02,0.01769,0.2035,0.0496
official_test,H2_compound_shift_interaction,difference_in_differences,0.8,0.15,0.7,0.2,0.02,0.013708,0.3082,0.0384
official_test,H2_compound_shift_interaction,difference_in_differences,0.8,0.15,0.9,0.2,0.02,0.00793,0.5,0.0267
official_test,H1_risk_transport_gap,cross_institution_unpaired,0.8,0.15,,0.2,0.03,0.017376,0.4077,0.0487
official_test,H2_compound_shift_interaction,difference_in_differences,0.8,0.15,0.5,0.2,0.03,0.017842,0.3903,0.05
official_test,H2_compound_shift_interaction,difference_in_differences,0.8,0.15,0.7,0.2,0.03,0.013832,0.5827,0.0388
official_test,H2_compound_shift_interaction,difference_in_differences,0.8,0.15,0.9,0.2,0.03,0.00802,0.8938,0.0267
official_test,H1_risk_transport_gap,cross_institution_unpaired,0.8,0.15,,0.2,0.05,0.017379,0.8204,0.0487
official_test,H2_compound_shift_interaction,difference_in_differences,0.8,0.15,0.5,0.2,0.05,0.018132,0.7875,0.0508
official_test,H2_compound_shift_interaction,difference_in_differences,0.8,0.15,0.7,0.2,0.05,0.014074,0.9444,0.0394
official_test,H2_compound_shift_interaction,difference_in_differences,0.8,0.15,0.9,0.2,0.05,0.008209,0.9999,0.0269
official_test,H1_risk_transport_gap,cross_institution_unpaired,0.8,0.15,,0.2,0.1,0.017385,0.9999,0.0487
official_test,H2_compound_shift_interaction,difference_in_differences,0.8,0.15,0.5,0.2,0.1,0.018766,0.9996,0.0526
official_test,H2_compound_shift_interaction,difference_in_differences,0.8,0.15,0.7,0.2,0.1,0.014624,1.0,0.041
official_test,H2_compound_shift_interaction,difference_in_differences,0.8,0.15,0.9,0.2,0.1,0.008692,1.0,0.0273
official_test,H1_risk_transport_gap,cross_institution_unpaired,0.8,0.15,,0.3,0.02,0.019904,0.1698,0.0558
official_test,H2_compound_shift_interaction,difference_in_differences,0.8,0.15,0.5,0.3,0.02,0.020083,0.1675,0.0563
official_test,H2_compound_shift_interaction,difference_in_differences,0.8,0.15,0.7,0.3,0.02,0.015558,0.25,0.0436
official_test,H2_compound_shift_interaction,difference_in_differences,0.8,0.15,0.9,0.3,0.02,0.008987,0.5,0.0276
official_test,H1_risk_transport_gap,cross_institution_unpaired,0.8,0.15,,0.3,0.03,0.019905,0.3254,0.0558
official_test,H2_compound_shift_interaction,difference_in_differences,0.8,0.15,0.5,0.3,0.03,0.020167,0.3183,0.0565
official_test,H2_compound_shift_interaction,difference_in_differences,0.8,0.15,0.7,0.3,0.03,0.015625,0.4841,0.0438
official_test,H2_compound_shift_interaction,difference_in_differences,0.8,0.15,0.9,0.3,0.03,0.009031,0.8659,0.0276
official_test,H1_risk_transport_gap,cross_institution_unpaired,0.8,0.15,,0.3,0.05,0.019906,0.7095,0.0558
official_test,H2_compound_shift_interaction,difference_in_differences,0.8,0.15,0.5,0.3,0.05,0.020321,0.6917,0.0569
official_test,H2_compound_shift_interaction,difference_in_differences,0.8,0.15,0.7,0.3,0.05,0.015749,0.8878,0.0441
official_test,H2_compound_shift_interaction,difference_in_differences,0.8,0.15,0.9,0.3,0.05,0.009117,0.9995,0.0277
official_test,H1_risk_transport_gap,cross_institution_unpaired,0.8,0.15,,0.3,0.1,0.019909,0.9989,0.0558
official_test,H2_compound_shift_interaction,difference_in_differences,0.8,0.15,0.5,0.3,0.1,0.020624,0.9981,0.0578
official_test,H2_compound_shift_interaction,difference_in_differences,0.8,0.15,0.7,0.3,0.1,0.015999,1.0,0.0448
official_test,H2_compound_shift_interaction,difference_in_differences,0.8,0.15,0.9,0.3,0.1,0.009305,1.0,0.0278
official_test,H1_risk_transport_gap,cross_institution_unpaired,0.8,0.3,,0.05,0.02,0.012177,0.3754,0.0341
official_test,H2_compound_shift_interaction,difference_in_differences,0.8,0.3,0.5,0.05,0.02,0.01333,0.3229,0.0373
official_test,H2_compound_shift_interaction,difference_in_differences,0.8,0.3,0.7,0.05,0.02,0.010409,0.4847,0.0292
official_test,H2_compound_shift_interaction,difference_in_differences,0.8,0.3,0.9,0.05,0.02,0.006244,0.5,0.0253
official_test,H1_risk_transport_gap,cross_institution_unpaired,0.8,0.3,,0.05,0.03,0.012181,0.6925,0.0341
official_test,H2_compound_shift_interaction,difference_in_differences,0.8,0.3,0.5,0.05,0.03,0.0139,0.5786,0.0389
official_test,H2_compound_shift_interaction,difference_in_differences,0.8,0.3,0.7,0.05,0.03,0.010931,0.7837,0.0306
official_test,H2_compound_shift_interaction,difference_in_differences,0.8,0.3,0.9,0.05,0.03,0.006763,0.9304,0.0257
official_test,H1_risk_transport_gap,cross_institution_unpaired,0.8,0.3,,0.05,0.05,0.012188,0.9839,0.0341
official_test,H2_compound_shift_interaction,difference_in_differences,0.8,0.3,0.5,0.05,0.05,0.014995,0.9154,0.042
official_test,H2_compound_shift_interaction,difference_in_differences,0.8,0.3,0.7,0.05,0.05,0.011971,0.9867,0.0335
official_test,H2_compound_shift_interaction,difference_in_differences,0.8,0.3,0.9,0.05,0.05,0.007859,0.9999,0.0266
official_test,H1_risk_transport_gap,cross_institution_unpaired,0.8,0.3,,0.05,0.1,0.012204,1.0,0.0342
official_test,H2_compound_shift_interaction,difference_in_differences,0.8,0.3,0.5,0.05,0.1,0.017406,0.9999,0.0488
official_test,H2_compound_shift_interaction,difference_in_differences,0.8,0.3,0.7,0.05,0.1,0.01435,1.0,0.0402
official_test,H2_compound_shift_interaction,difference_in_differences,0.8,0.3,0.9,0.05,0.1,0.010434,1.0,0.0292
official_test,H1_risk_transport_gap,cross_institution_unpaired,0.8,0.3,,0.1,0.02,0.016756,0.2217,0.0469
official_test,H2_compound_shift_interaction,difference_in_differences,0.8,0.3,0.5,0.1,0.02,0.01749,0.2071,0.049
official_test,H2_compound_shift_interaction,difference_in_differences,0.8,0.3,0.7,0.1,0.02,0.013576,0.3132,0.038
official_test,H2_compound_shift_interaction,difference_in_differences,0.8,0.3,0.9,0.1,0.02,0.00792,0.5,0.0267
official_test,H1_risk_transport_gap,cross_institution_unpaired,0.8,0.3,,0.1,0.03,0.016758,0.4326,0.0469
official_test,H2_compound_shift_interaction,difference_in_differences,0.8,0.3,0.5,0.1,0.03,0.017851,0.39,0.05
official_test,H2_compound_shift_interaction,difference_in_differences,0.8,0.3,0.7,0.1,0.03,0.013887,0.5794,0.0389
official_test,H2_compound_shift_interaction,difference_in_differences,0.8,0.3,0.9,0.1,0.03,0.008187,0.8891,0.0269
official_test,H1_risk_transport_gap,cross_institution_unpaired,0.8,0.3,,0.1,0.05,0.016763,0.8468,0.047
official_test,H2_compound_shift_interaction,difference_in_differences,0.8,0.3,0.5,0.1,0.05,0.018551,0.7689,0.052
official_test,H2_compound_shift_interaction,difference_in_differences,0.8,0.3,0.7,0.1,0.05,0.01451,0.9314,0.0407
official_test,H2_compound_shift_interaction,difference_in_differences,0.8,0.3,0.9,0.1,0.05,0.008772,0.9997,0.0274
official_test,H1_risk_transport_gap,cross_institution_unpaired,0.8,0.3,,0.1,0.1,0.016773,1.0,0.047
official_test,H2_compound_shift_interaction,difference_in_differences,0.8,0.3,0.5,0.1,0.1,0.020132,0.9987,0.0564
official_test,H2_compound_shift_interaction,difference_in_differences,0.8,0.3,0.7,0.1,0.1,0.015989,1.0,0.0448
official_test,H2_compound_shift_interaction,difference_in_differences,0.8,0.3,0.9,0.1,0.1,0.010296,1.0,0.0288
official_test,H1_risk_transport_gap,cross_institution_unpaired,0.8,0.3,,0.2,0.02,0.022337,0.1435,0.0626
official_test,H2_compound_shift_interaction,difference_in_differences,0.8,0.3,0.5,0.2,0.02,0.022743,0.1399,0.0637
official_test,H2_compound_shift_interaction,difference_in_differences,0.8,0.3,0.7,0.2,0.02,0.017624,0.2046,0.0494
official_test,H2_compound_shift_interaction,difference_in_differences,0.8,0.3,0.9,0.2,0.02,0.010196,0.5,0.0286
official_test,H1_risk_transport_gap,cross_institution_unpaired,0.8,0.3,,0.2,0.03,0.022339,0.2686,0.0626
official_test,H2_compound_shift_interaction,difference_in_differences,0.8,0.3,0.5,0.2,0.03,0.022938,0.2572,0.0643
official_test,H2_compound_shift_interaction,difference_in_differences,0.8,0.3,0.7,0.2,0.03,0.017783,0.3924,0.0498
official_test,H2_compound_shift_interaction,difference_in_differences,0.8,0.3,0.9,0.2,0.03,0.010311,0.8288,0.0289
official_test,H1_risk_transport_gap,cross_institution_unpaired,0.8,0.3,,0.2,0.05,0.022341,0.6095,0.0626
official_test,H2_compound_shift_interaction,difference_in_differences,0.8,0.3,0.5,0.2,0.05,0.023311,0.5734,0.0653
official_test,H2_compound_shift_interaction,difference_in_differences,0.8,0.3,0.7,0.2,0.05,0.018094,0.7891,0.0507
official_test,H2_compound_shift_interaction,difference_in_differences,0.8,0.3,0.9,0.2,0.05,0.010555,0.9973,0.0296
official_test,H1_risk_transport_gap,cross_institution_unpaired,0.8,0.3,,0.2,0.1,0.022346,0.994,0.0626
official_test,H2_compound_shift_interaction,difference_in_differences,0.8,0.3,0.5,0.2,0.1,0.024126,0.9856,0.0676
official_test,H2_compound_shift_interaction,difference_in_differences,0.8,0.3,0.7,0.2,0.1,0.018801,0.9996,0.0527
official_test,H2_compound_shift_interaction,difference_in_differences,0.8,0.3,0.9,0.2,0.1,0.011175,1.0,0.0313
official_test,H1_risk_transport_gap,cross_institution_unpaired,0.8,0.3,,0.3,0.02,0.025589,0.1193,0.0717
official_test,H2_compound_shift_interaction,difference_in_differences,0.8,0.3,0.5,0.3,0.02,0.02582,0.1179,0.0723
official_test,H2_compound_shift_interaction,difference_in_differences,0.8,0.3,0.7,0.3,0.02,0.020002,0.1685,0.056
official_test,H2_compound_shift_interaction,difference_in_differences,0.8,0.3,0.9,0.3,0.02,0.011554,0.4094,0.0324
official_test,H1_risk_transport_gap,cross_institution_unpaired,0.8,0.3,,0.3,0.03,0.02559,0.2155,0.0717
official_test,H2_compound_shift_interaction,difference_in_differences,0.8,0.3,0.5,0.3,0.03,0.025928,0.211,0.0726
official_test,H2_compound_shift_interaction,difference_in_differences,0.8,0.3,0.7,0.3,0.03,0.020088,0.3204,0.0563
official_test,H2_compound_shift_interaction,difference_in_differences,0.8,0.3,0.9,0.3,0.03,0.011611,0.7336,0.0325
official_test,H1_risk_transport_gap,cross_institution_unpaired,0.8,0.3,,0.3,0.05,0.025591,0.4975,0.0717
official_test,H2_compound_shift_interaction,difference_in_differences,0.8,0.3,0.5,0.3,0.05,0.026126,0.4816,0.0732
official_test,H2_compound_shift_interaction,difference_in_differences,0.8,0.3,0.7,0.3,0.05,0.020248,0.6948,0.0567
official_test,H2_compound_shift_interaction,difference_in_differences,0.8,0.3,0.9,0.3,0.05,0.011721,0.9894,0.0328
official_test,H1_risk_transport_gap,cross_institution_unpaired,0.8,0.3,,0.3,0.1,0.025594,0.9742,0.0717
official_test,H2_compound_shift_interaction,difference_in_differences,0.8,0.3,0.5,0.3,0.1,0.026515,0.965,0.0743
official_test,H2_compound_shift_interaction,difference_in_differences,0.8,0.3,0.7,0.3,0.1,0.020569,0.9981,0.0576
official_test,H2_compound_shift_interaction,difference_in_differences,0.8,0.3,0.9,0.3,0.1,0.011963,1.0,0.0335
official_test,H1_risk_transport_gap,cross_institution_unpaired,0.9,0.05,,0.05,0.02,0.006886,0.5,0.0258
official_test,H2_compound_shift_interaction,difference_in_differences,0.9,0.05,0.5,0.05,0.02,0.007534,0.5,0.0263
official_test,H2_compound_shift_interaction,difference_in_differences,0.9,0.05,0.7,0.05,0.02,0.005883,0.5,0.025
official_test,H2_compound_shift_interaction,difference_in_differences,0.9,0.05,0.9,0.05,0.02,0.003529,0.5,0.023
official_test,H1_risk_transport_gap,cross_institution_unpaired,0.9,0.05,,0.05,0.03,0.00689,0.9267,0.0258
official_test,H2_compound_shift_interaction,difference_in_differences,0.9,0.05,0.5,0.05,0.03,0.007856,0.8985,0.0266
official_test,H2_compound_shift_interaction,difference_in_differences,0.9,0.05,0.7,0.05,0.03,0.006178,0.9472,0.0252
official_test,H2_compound_shift_interaction,difference_in_differences,0.9,0.05,0.9,0.05,0.03,0.003823,0.9956,0.0232
official_test,H1_risk_transport_gap,cross_institution_unpaired,0.9,0.05,,0.05,0.05,0.006898,1.0,0.0258
official_test,H2_compound_shift_interaction,difference_in_differences,0.9,0.05,0.5,0.05,0.05,0.008475,0.9998,0.0271
official_test,H2_compound_shift_interaction,difference_in_differences,0.9,0.05,0.7,0.05,0.05,0.006766,1.0,0.0257
official_test,H2_compound_shift_interaction,difference_in_differences,0.9,0.05,0.9,0.05,0.05,0.004442,1.0,0.0237
official_test,H1_risk_transport_gap,cross_institution_unpaired,0.9,0.05,,0.05,0.1,0.006916,1.0,0.0258
official_test,H2_compound_shift_interaction,difference_in_differences,0.9,0.05,0.5,0.05,0.1,0.009838,1.0,0.0283
official_test,H2_compound_shift_interaction,difference_in_differences,0.9,0.05,0.7,0.05,0.1,0.008111,1.0,0.0268
official_test,H2_compound_shift_interaction,difference_in_differences,0.9,0.05,0.9,0.05,0.1,0.005897,1.0,0.025
official_test,H1_risk_transport_gap,cross_institution_unpaired,0.9,0.05,,0.1,0.02,0.009473,0.5,0.028
official_test,H2_compound_shift_interaction,difference_in_differences,0.9,0.05,0.5,0.1,0.02,0.009885,0.5,0.0283
official_test,H2_compound_shift_interaction,difference_in_differences,0.9,0.05,0.7,0.1,0.02,0.007673,0.5,0.0265
official_test,H2_compound_shift_interaction,difference_in_differences,0.9,0.05,0.9,0.1,0.02,0.004477,0.5,0.0238
official_test,H1_risk_transport_gap,cross_institution_unpaired,0.9,0.05,,0.1,0.03,0.009476,0.8544,0.028
official_test,H2_compound_shift_interaction,difference_in_differences,0.9,0.05,0.5,0.1,0.03,0.010089,0.8392,0.0285
official_test,H2_compound_shift_interaction,difference_in_differences,0.9,0.05,0.7,0.1,0.03,0.007849,0.8987,0.0266
official_test,H2_compound_shift_interaction,difference_in_differences,0.9,0.05,0.9,0.1,0.03,0.004627,0.9847,0.0239
official_test,H1_risk_transport_gap,cross_institution_unpaired,0.9,0.05,,0.1,0.05,0.009481,0.9992,0.028
official_test,H2_compound_shift_interaction,difference_in_differences,0.9,0.05,0.5,0.1,0.05,0.010485,0.9975,0.0294
official_test,H2_compound_shift_interaction,difference_in_differences,0.9,0.05,0.7,0.1,0.05,0.008201,0.9999,0.0269
official_test,H2_compound_shift_interaction,difference_in_differences,0.9,0.05,0.9,0.1,0.05,0.004958,1.0,0.0242
official_test,H1_risk_transport_gap,cross_institution_unpaired,0.9,0.05,,0.1,0.1,0.009492,1.0,0.028
official_test,H2_compound_shift_interaction,difference_in_differences,0.9,0.05,0.5,0.1,0.1,0.011379,1.0,0.0319
official_test,H2_compound_shift_interaction,difference_in_differences,0.9,0.05,0.7,0.1,0.1,0.009037,1.0,0.0276
official_test,H2_compound_shift_interaction,difference_in_differences,0.9,0.05,0.9,0.1,0.1,0.005819,1.0,0.0249
official_test,H1_risk_transport_gap,cross_institution_unpaired,0.9,0.05,,0.2,0.02,0.012627,0.3535,0.0354
official_test,H2_compound_shift_interaction,difference_in_differences,0.9,0.05,0.5,0.2,0.02,0.012854,0.3431,0.036
official_test,H2_compound_shift_interaction,difference_in_differences,0.9,0.05,0.7,0.2,0.02,0.009961,0.5,0.0284
official_test,H2_compound_shift_interaction,difference_in_differences,0.9,0.05,0.9,0.2,0.02,0.005763,0.5,0.0248
official_test,H1_risk_transport_gap,cross_institution_unpaired,0.9,0.05,,0.2,0.03,0.012628,0.6612,0.0354
official_test,H2_compound_shift_interaction,difference_in_differences,0.9,0.05,0.5,0.2,0.03,0.012965,0.6383,0.0363
official_test,H2_compound_shift_interaction,difference_in_differences,0.9,0.05,0.7,0.2,0.03,0.010051,0.8401,0.0285
official_test,H2_compound_shift_interaction,difference_in_differences,0.9,0.05,0.9,0.2,0.03,0.005828,0.9569,0.0249
official_test,H1_risk_transport_gap,cross_institution_unpaired,0.9,0.05,,0.2,0.05,0.012631,0.9772,0.0354
official_test,H2_compound_shift_interaction,difference_in_differences,0.9,0.05,0.5,0.2,0.05,0.013175,0.9667,0.0369
official_test,H2_compound_shift_interaction,difference_in_differences,0.9,0.05,0.7,0.2,0.05,0.010227,0.9983,0.0287
official_test,H2_compound_shift_interaction,difference_in_differences,0.9,0.05,0.9,0.2,0.05,0.005965,1.0,0.025
official_test,H1_risk_transport_gap,cross_institution_unpaired,0.9,0.05,,0.2,0.1,0.012636,1.0,0.0354
official_test,H2_compound_shift_interaction,difference_in_differences,0.9,0.05,0.5,0.2,0.1,0.013636,1.0,0.0382
official_test,H2_compound_shift_interaction,difference_in_differences,0.9,0.05,0.7,0.2,0.1,0.010626,1.0,0.0298
official_test,H2_compound_shift_interaction,difference_in_differences,0.9,0.05,0.9,0.2,0.1,0.006316,1.0,0.0253
official_test,H1_risk_transport_gap,cross_institution_unpaired,0.9,0.05,,0.3,0.02,0.014464,0.2819,0.0405
official_test,H2_compound_shift_interaction,difference_in_differences,0.9,0.05,0.5,0.3,0.02,0.014594,0.2778,0.0409
official_test,H2_compound_shift_interaction,difference_in_differences,0.9,0.05,0.7,0.3,0.02,0.011305,0.4243,0.0317
official_test,H2_compound_shift_interaction,difference_in_differences,0.9,0.05,0.9,0.3,0.02,0.006531,0.5,0.0255
official_test,H1_risk_transport_gap,cross_institution_unpaired,0.9,0.05,,0.3,0.03,0.014465,0.5454,0.0405
official_test,H2_compound_shift_interaction,difference_in_differences,0.9,0.05,0.5,0.3,0.03,0.014654,0.5347,0.0411
official_test,H2_compound_shift_interaction,difference_in_differences,0.9,0.05,0.7,0.3,0.03,0.011354,0.7525,0.0318
official_test,H2_compound_shift_interaction,difference_in_differences,0.9,0.05,0.9,0.3,0.03,0.006562,0.9362,0.0255
official_test,H1_risk_transport_gap,cross_institution_unpaired,0.9,0.05,,0.3,0.05,0.014466,0.9327,0.0405
official_test,H2_compound_shift_interaction,difference_in_differences,0.9,0.05,0.5,0.3,0.05,0.014766,0.9231,0.0414
official_test,H2_compound_shift_interaction,difference_in_differences,0.9,0.05,0.7,0.3,0.05,0.011444,0.992,0.0321
official_test,H2_compound_shift_interaction,difference_in_differences,0.9,0.05,0.9,0.3,0.05,0.006625,1.0,0.0256
official_test,H1_risk_transport_gap,cross_institution_unpaired,0.9,0.05,,0.3,0.1,0.014469,1.0,0.0405
official_test,H2_compound_shift_interaction,difference_in_differences,0.9,0.05,0.5,0.3,0.1,0.014986,1.0,0.042
official_test,H2_compound_shift_interaction,difference_in_differences,0.9,0.05,0.7,0.3,0.1,0.011626,1.0,0.0326
official_test,H2_compound_shift_interaction,difference_in_differences,0.9,0.05,0.9,0.3,0.1,0.006761,1.0,0.0257
official_test,H1_risk_transport_gap,cross_institution_unpaired,0.9,0.15,,0.05,0.02,0.009315,0.5,0.0278
official_test,H2_compound_shift_interaction,difference_in_differences,0.9,0.15,0.5,0.05,0.02,0.010196,0.5,0.0286
official_test,H2_compound_shift_interaction,difference_in_differences,0.9,0.15,0.7,0.05,0.02,0.007961,0.5,0.0267
official_test,H2_compound_shift_interaction,difference_in_differences,0.9,0.15,0.9,0.05,0.02,0.004776,0.5,0.024
official_test,H1_risk_transport_gap,cross_institution_unpaired,0.9,0.15,,0.05,0.03,0.009319,0.8584,0.0278
official_test,H2_compound_shift_interaction,difference_in_differences,0.9,0.15,0.5,0.05,0.03,0.010632,0.8056,0.0298
official_test,H2_compound_shift_interaction,difference_in_differences,0.9,0.15,0.7,0.05,0.03,0.008361,0.8842,0.027
official_test,H2_compound_shift_interaction,difference_in_differences,0.9,0.15,0.9,0.05,0.03,0.005173,0.9734,0.0244
official_test,H1_risk_transport_gap,cross_institution_unpaired,0.9,0.15,,0.05,0.05,0.009326,0.9994,0.0278
official_test,H2_compound_shift_interaction,difference_in_differences,0.9,0.15,0.5,0.05,0.05,0.011469,0.9918,0.0321
official_test,H2_compound_shift_interaction,difference_in_differences,0.9,0.15,0.7,0.05,0.05,0.009156,0.9995,0.0277
official_test,H2_compound_shift_interaction,difference_in_differences,0.9,0.15,0.9,0.05,0.05,0.006011,1.0,0.0251
official_test,H1_risk_transport_gap,cross_institution_unpaired,0.9,0.15,,0.05,0.1,0.009341,1.0,0.0279
official_test,H2_compound_shift_interaction,difference_in_differences,0.9,0.15,0.5,0.05,0.1,0.013314,1.0,0.0373
official_test,H2_compound_shift_interaction,difference_in_differences,0.9,0.15,0.7,0.05,0.1,0.010976,1.0,0.0308
official_test,H2_compound_shift_interaction,difference_in_differences,0.9,0.15,0.9,0.05,0.1,0.007981,1.0,0.0267
official_test,H1_risk_transport_gap,cross_institution_unpaired,0.9,0.15,,0.1,0.02,0.012817,0.3447,0.0359
official_test,H2_compound_shift_interaction,difference_in_differences,0.9,0.15,0.5,0.1,0.02,0.013378,0.321,0.0375
official_test,H2_compound_shift_interaction,difference_in_differences,0.9,0.15,0.7,0.1,0.02,0.010384,0.4865,0.0291
official_test,H2_compound_shift_interaction,difference_in_differences,0.9,0.15,0.9,0.1,0.02,0.006058,0.5,0.0251
official_test,H1_risk_transport_gap,cross_institution_unpaired,0.9,0.15,,0.1,0.03,0.01282,0.6481,0.0359
official_test,H2_compound_shift_interaction,difference_in_differences,0.9,0.15,0.5,0.1,0.03,0.013654,0.5937,0.0383
official_test,H2_compound_shift_interaction,difference_in_differences,0.9,0.15,0.7,0.1,0.03,0.010622,0.8063,0.0298
official_test,H2_compound_shift_interaction,difference_in_differences,0.9,0.15,0.9,0.1,0.03,0.006262,0.9449,0.0253
official_test,H1_risk_transport_gap,cross_institution_unpaired,0.9,0.15,,0.1,0.05,0.012824,0.9738,0.0359
official_test,H2_compound_shift_interaction,difference_in_differences,0.9,0.15,0.5,0.1,0.05,0.014189,0.9411,0.0398
official_test,H2_compound_shift_interaction,difference_in_differences,0.9,0.15,0.7,0.1,0.05,0.011099,0.9945,0.0311
official_test,H2_compound_shift_interaction,difference_in_differences,0.9,0.15,0.9,0.1,0.05,0.00671,1.0,0.0256
official_test,H1_risk_transport_gap,cross_institution_unpaired,0.9,0.15,,0.1,0.1,0.012833,1.0,0.036
official_test,H2_compound_shift_interaction,difference_in_differences,0.9,0.15,0.5,0.1,0.1,0.015399,1.0,0.0431
official_test,H2_compound_shift_interaction,difference_in_differences,0.9,0.15,0.7,0.1,0.1,0.01223,1.0,0.0343
official_test,H2_compound_shift_interaction,difference_in_differences,0.9,0.15,0.9,0.1,0.1,0.007875,1.0,0.0266
official_test,H1_risk_transport_gap,cross_institution_unpaired,0.9,0.15,,0.2,0.02,0.017086,0.2149,0.0479
official_test,H2_compound_shift_interaction,difference_in_differences,0.9,0.15,0.5,0.2,0.02,0.017396,0.2089,0.0487
official_test,H2_compound_shift_interaction,difference_in_differences,0.9,0.15,0.7,0.2,0.02,0.01348,0.3169,0.0378
official_test,H2_compound_shift_interaction,difference_in_differences,0.9,0.15,0.9,0.2,0.02,0.007799,0.5,0.0266
official_test,H1_risk_transport_gap,cross_institution_unpaired,0.9,0.15,,0.2,0.03,0.017087,0.4191,0.0479
official_test,H2_compound_shift_interaction,difference_in_differences,0.9,0.15,0.5,0.2,0.03,0.017545,0.4013,0.0492
official_test,H2_compound_shift_interaction,difference_in_differences,0.9,0.15,0.7,0.2,0.03,0.013602,0.597,0.0381
official_test,H2_compound_shift_interaction,difference_in_differences,0.9,0.15,0.9,0.2,0.03,0.007887,0.8976,0.0266
official_test,H1_risk_transport_gap,cross_institution_unpaired,0.9,0.15,,0.2,0.05,0.01709,0.8329,0.0479
official_test,H2_compound_shift_interaction,difference_in_differences,0.9,0.15,0.5,0.2,0.05,0.01783,0.8007,0.05
official_test,H2_compound_shift_interaction,difference_in_differences,0.9,0.15,0.7,0.2,0.05,0.01384,0.9508,0.0388
official_test,H2_compound_shift_interaction,difference_in_differences,0.9,0.15,0.9,0.2,0.05,0.008073,0.9999,0.0268
official_test,H1_risk_transport_gap,cross_institution_unpaired,0.9,0.15,,0.2,0.1,0.017095,0.9999,0.0479
official_test,H2_compound_shift_interaction,difference_in_differences,0.9,0.15,0.5,0.2,0.1,0.018454,0.9997,0.0517
official_test,H2_compound_shift_interaction,difference_in_differences,0.9,0.15,0.7,0.2,0.1,0.014381,1.0,0.0403
official_test,H2_compound_shift_interaction,difference_in_differences,0.9,0.15,0.9,0.2,0.1,0.008548,1.0,0.0272
official_test,H1_risk_transport_gap,cross_institution_unpaired,0.9,0.15,,0.3,0.02,0.019573,0.1741,0.0548
official_test,H2_compound_shift_interaction,difference_in_differences,0.9,0.15,0.5,0.3,0.02,0.01975,0.1717,0.0553
official_test,H2_compound_shift_interaction,difference_in_differences,0.9,0.15,0.7,0.3,0.02,0.0153,0.257,0.0429
official_test,H2_compound_shift_interaction,difference_in_differences,0.9,0.15,0.9,0.3,0.02,0.008838,0.5,0.0274
official_test,H1_risk_transport_gap,cross_institution_unpaired,0.9,0.15,,0.3,0.03,0.019574,0.3346,0.0548
official_test,H2_compound_shift_interaction,difference_in_differences,0.9,0.15,0.5,0.3,0.03,0.019832,0.3273,0.0556
official_test,H2_compound_shift_interaction,difference_in_differences,0.9,0.15,0.7,0.3,0.03,0.015365,0.497,0.043
official_test,H2_compound_shift_interaction,difference_in_differences,0.9,0.15,0.9,0.3,0.03,0.008881,0.8699,0.0275
official_test,H1_risk_transport_gap,cross_institution_unpaired,0.9,0.15,,0.3,0.05,0.019575,0.7238,0.0548
official_test,H2_compound_shift_interaction,difference_in_differences,0.9,0.15,0.5,0.3,0.05,0.019983,0.7061,0.056
official_test,H2_compound_shift_interaction,difference_in_differences,0.9,0.15,0.7,0.3,0.05,0.015487,0.8977,0.0434
official_test,H2_compound_shift_interaction,difference_in_differences,0.9,0.15,0.9,0.3,0.05,0.008965,0.9996,0.0275
official_test,H1_risk_transport_gap,cross_institution_unpaired,0.9,0.15,,0.3,0.1,0.019578,0.9992,0.0548
official_test,H2_compound_shift_interaction,difference_in_differences,0.9,0.15,0.5,0.3,0.1,0.020281,0.9985,0.0568
official_test,H2_compound_shift_interaction,difference_in_differences,0.9,0.15,0.7,0.3,0.1,0.015733,1.0,0.0441
official_test,H2_compound_shift_interaction,difference_in_differences,0.9,0.15,0.9,0.3,0.1,0.00915,1.0,0.0277
official_test,H1_risk_transport_gap,cross_institution_unpaired,0.9,0.3,,0.05,0.02,0.012075,0.3807,0.0338
official_test,H2_compound_shift_interaction,difference_in_differences,0.9,0.3,0.5,0.05,0.02,0.013219,0.3274,0.037
official_test,H2_compound_shift_interaction,difference_in_differences,0.9,0.3,0.7,0.05,0.02,0.010322,0.4911,0.0289
official_test,H2_compound_shift_interaction,difference_in_differences,0.9,0.3,0.9,0.05,0.02,0.006192,0.5,0.0252
official_test,H1_risk_transport_gap,cross_institution_unpaired,0.9,0.3,,0.05,0.03,0.012078,0.6998,0.0338
official_test,H2_compound_shift_interaction,difference_in_differences,0.9,0.3,0.5,0.05,0.03,0.013785,0.5856,0.0386
official_test,H2_compound_shift_interaction,difference_in_differences,0.9,0.3,0.7,0.05,0.03,0.01084,0.7903,0.0304
official_test,H2_compound_shift_interaction,difference_in_differences,0.9,0.3,0.9,0.05,0.03,0.006707,0.932,0.0256
official_test,H1_risk_transport_gap,cross_institution_unpaired,0.9,0.3,,0.05,0.05,0.012085,0.9853,0.0339
official_test,H2_compound_shift_interaction,difference_in_differences,0.9,0.3,0.5,0.05,0.05,0.01487,0.9196,0.0417
official_test,H2_compound_shift_interaction,difference_in_differences,0.9,0.3,0.7,0.05,0.05,0.011871,0.9878,0.0333
official_test,H2_compound_shift_interaction,difference_in_differences,0.9,0.3,0.9,0.05,0.05,0.007794,0.9999,0.0266
official_test,H1_risk_transport_gap,cross_institution_unpaired,0.9,0.3,,0.05,0.1,0.012099,1.0,0.0339
official_test,H2_compound_shift_interaction,difference_in_differences,0.9,0.3,0.5,0.05,0.1,0.017262,0.9999,0.0484
official_test,H2_compound_shift_interaction,difference_in_differences,0.9,0.3,0.7,0.05,0.1,0.014231,1.0,0.0399
official_test,H2_compound_shift_interaction,difference_in_differences,0.9,0.3,0.9,0.05,0.1,0.010348,1.0,0.029
official_test,H1_risk_transport_gap,cross_institution_unpaired,0.9,0.3,,0.1,0.02,0.016616,0.2247,0.0466
official_test,H2_compound_shift_interaction,difference_in_differences,0.9,0.3,0.5,0.1,0.02,0.017344,0.2099,0.0486
official_test,H2_compound_shift_interaction,difference_in_differences,0.9,0.3,0.7,0.1,0.02,0.013463,0.3176,0.0377
official_test,H2_compound_shift_interaction,difference_in_differences,0.9,0.3,0.9,0.1,0.02,0.007855,0.5,0.0266
official_test,H1_risk_transport_gap,cross_institution_unpaired,0.9,0.3,,0.1,0.03,0.016618,0.4385,0.0466
official_test,H2_compound_shift_interaction,difference_in_differences,0.9,0.3,0.5,0.1,0.03,0.017703,0.3954,0.0496
official_test,H2_compound_shift_interaction,difference_in_differences,0.9,0.3,0.7,0.1,0.03,0.013771,0.5865,0.0386
official_test,H2_compound_shift_interaction,difference_in_differences,0.9,0.3,0.9,0.1,0.03,0.008119,0.891,0.0268
official_test,H1_risk_transport_gap,cross_institution_unpaired,0.9,0.3,,0.1,0.05,0.016622,0.8527,0.0466
official_test,H2_compound_shift_interaction,difference_in_differences,0.9,0.3,0.5,0.1,0.05,0.018397,0.7757,0.0515
official_test,H2_compound_shift_interaction,difference_in_differences,0.9,0.3,0.7,0.1,0.05,0.01439,0.9351,0.0403
official_test,H2_compound_shift_interaction,difference_in_differences,0.9,0.3,0.9,0.1,0.05,0.008699,0.9997,0.0273
official_test,H1_risk_transport_gap,cross_institution_unpaired,0.9,0.3,,0.1,0.1,0.016632,1.0,0.0466
official_test,H2_compound_shift_interaction,difference_in_differences,0.9,0.3,0.5,0.1,0.1,0.019965,0.9989,0.0559
official_test,H2_compound_shift_interaction,difference_in_differences,0.9,0.3,0.7,0.1,0.1,0.015856,1.0,0.0444
official_test,H2_compound_shift_interaction,difference_in_differences,0.9,0.3,0.9,0.1,0.1,0.01021,1.0,0.0286
official_test,H1_risk_transport_gap,cross_institution_unpaired,0.9,0.3,,0.2,0.02,0.022152,0.1452,0.0621
official_test,H2_compound_shift_interaction,difference_in_differences,0.9,0.3,0.5,0.2,0.02,0.022554,0.1416,0.0632
official_test,H2_compound_shift_interaction,difference_in_differences,0.9,0.3,0.7,0.2,0.02,0.017477,0.2074,0.049
official_test,H2_compound_shift_interaction,difference_in_differences,0.9,0.3,0.9,0.2,0.02,0.010111,0.5,0.0285
official_test,H1_risk_transport_gap,cross_institution_unpaired,0.9,0.3,,0.2,0.03,0.022153,0.2723,0.0621
official_test,H2_compound_shift_interaction,difference_in_differences,0.9,0.3,0.5,0.2,0.03,0.022748,0.2607,0.0637
official_test,H2_compound_shift_interaction,difference_in_differences,0.9,0.3,0.7,0.2,0.03,0.017636,0.3979,0.0494
official_test,H2_compound_shift_interaction,difference_in_differences,0.9,0.3,0.9,0.2,0.03,0.010225,0.8349,0.0286
official_test,H1_risk_transport_gap,cross_institution_unpaired,0.9,0.3,,0.2,0.05,0.022155,0.6167,0.0621
official_test,H2_compound_shift_interaction,difference_in_differences,0.9,0.3,0.5,0.2,0.05,0.023118,0.5804,0.0648
official_test,H2_compound_shift_interaction,difference_in_differences,0.9,0.3,0.7,0.2,0.05,0.017944,0.7957,0.0503
official_test,H2_compound_shift_interaction,difference_in_differences,0.9,0.3,0.9,0.2,0.05,0.010467,0.9976,0.0293
official_test,H1_risk_transport_gap,cross_institution_unpaired,0.9,0.3,,0.2,0.1,0.02216,0.9947,0.0621
official_test,H2_compound_shift_interaction,difference_in_differences,0.9,0.3,0.5,0.2,0.1,0.023926,0.9868,0.067
official_test,H2_compound_shift_interaction,difference_in_differences,0.9,0.3,0.7,0.2,0.1,0.018645,0.9997,0.0522
official_test,H2_compound_shift_interaction,difference_in_differences,0.9,0.3,0.9,0.2,0.1,0.011082,1.0,0.031
official_test,H1_risk_transport_gap,cross_institution_unpaired,0.9,0.3,,0.3,0.02,0.025377,0.1206,0.0711
official_test,H2_compound_shift_interaction,difference_in_differences,0.9,0.3,0.5,0.3,0.02,0.025606,0.1192,0.0717
official_test,H2_compound_shift_interaction,difference_in_differences,0.9,0.3,0.7,0.3,0.02,0.019836,0.1706,0.0556
official_test,H2_compound_shift_interaction,difference_in_differences,0.9,0.3,0.9,0.3,0.02,0.011458,0.4151,0.0321
official_test,H1_risk_transport_gap,cross_institution_unpaired,0.9,0.3,,0.3,0.03,0.025377,0.2183,0.0711
official_test,H2_compound_shift_interaction,difference_in_differences,0.9,0.3,0.5,0.3,0.03,0.025713,0.2138,0.072
official_test,H2_compound_shift_interaction,difference_in_differences,0.9,0.3,0.7,0.3,0.03,0.019921,0.3249,0.0558
official_test,H2_compound_shift_interaction,difference_in_differences,0.9,0.3,0.9,0.3,0.03,0.011514,0.7407,0.0323
official_test,H1_risk_transport_gap,cross_institution_unpaired,0.9,0.3,,0.3,0.05,0.025378,0.5041,0.0711
official_test,H2_compound_shift_interaction,difference_in_differences,0.9,0.3,0.5,0.3,0.05,0.025909,0.488,0.0726
official_test,H2_compound_shift_interaction,difference_in_differences,0.9,0.3,0.7,0.3,0.05,0.02008,0.702,0.0563
official_test,H2_compound_shift_interaction,difference_in_differences,0.9,0.3,0.9,0.3,0.05,0.011624,0.9904,0.0326
official_test,H1_risk_transport_gap,cross_institution_unpaired,0.9,0.3,,0.3,0.1,0.025381,0.9762,0.0711
official_test,H2_compound_shift_interaction,difference_in_differences,0.9,0.3,0.5,0.3,0.1,0.026295,0.9673,0.0737
official_test,H2_compound_shift_interaction,difference_in_differences,0.9,0.3,0.7,0.3,0.1,0.020398,0.9984,0.0571
official_test,H2_compound_shift_interaction,difference_in_differences,0.9,0.3,0.9,0.3,0.1,0.011863,1.0,0.0332
official_test,H1_risk_transport_gap,cross_institution_unpaired,0.7,0.05,,0.05,0.02,0.007414,0.5,0.0262
official_test,H2_compound_shift_interaction,difference_in_differences,0.7,0.05,0.5,0.05,0.02,0.00811,0.5,0.0268
official_test,H2_compound_shift_interaction,difference_in_differences,0.7,0.05,0.7,0.05,0.02,0.006333,0.5,0.0253
official_test,H2_compound_shift_interaction,difference_in_differences,0.7,0.05,0.9,0.05,0.02,0.003799,0.5,0.0232
official_test,H1_risk_transport_gap,cross_institution_unpaired,0.7,0.05,,0.05,0.03,0.007419,0.9112,0.0262
official_test,H2_compound_shift_interaction,difference_in_differences,0.7,0.05,0.5,0.05,0.03,0.008457,0.8815,0.0271
official_test,H2_compound_shift_interaction,difference_in_differences,0.7,0.05,0.7,0.05,0.03,0.006651,0.9337,0.0256
official_test,H2_compound_shift_interaction,difference_in_differences,0.7,0.05,0.9,0.05,0.03,0.004115,0.9925,0.0235
official_test,H1_risk_transport_gap,cross_institution_unpaired,0.7,0.05,,0.05,0.05,0.007428,1.0,0.0263
official_test,H2_compound_shift_interaction,difference_in_differences,0.7,0.05,0.5,0.05,0.05,0.009123,0.9995,0.0277
official_test,H2_compound_shift_interaction,difference_in_differences,0.7,0.05,0.7,0.05,0.05,0.007283,1.0,0.0261
official_test,H2_compound_shift_interaction,difference_in_differences,0.7,0.05,0.9,0.05,0.05,0.004782,1.0,0.024
official_test,H1_risk_transport_gap,cross_institution_unpaired,0.7,0.05,,0.05,0.1,0.007449,1.0,0.0263
official_test,H2_compound_shift_interaction,difference_in_differences,0.7,0.05,0.5,0.05,0.1,0.010591,1.0,0.0297
official_test,H2_compound_shift_interaction,difference_in_differences,0.7,0.05,0.7,0.05,0.1,0.008731,1.0,0.0273
official_test,H2_compound_shift_interaction,difference_in_differences,0.7,0.05,0.9,0.05,0.1,0.006349,1.0,0.0253
official_test,H1_risk_transport_gap,cross_institution_unpaired,0.7,0.05,,0.1,0.02,0.010198,0.5,0.0286
official_test,H2_compound_shift_interaction,difference_in_differences,0.7,0.05,0.5,0.1,0.02,0.010641,0.4679,0.0298
official_test,H2_compound_shift_interaction,difference_in_differences,0.7,0.05,0.7,0.1,0.02,0.00826,0.5,0.027
official_test,H2_compound_shift_interaction,difference_in_differences,0.7,0.05,0.9,0.1,0.02,0.004819,0.5,0.0241
official_test,H1_risk_transport_gap,cross_institution_unpaired,0.7,0.05,,0.1,0.03,0.010201,0.8365,0.0286
official_test,H2_compound_shift_interaction,difference_in_differences,0.7,0.05,0.5,0.1,0.03,0.010861,0.7888,0.0304
official_test,H2_compound_shift_interaction,difference_in_differences,0.7,0.05,0.7,0.1,0.03,0.008449,0.8817,0.0271
official_test,H2_compound_shift_interaction,difference_in_differences,0.7,0.05,0.9,0.1,0.03,0.004981,0.9777,0.0242
official_test,H1_risk_transport_gap,cross_institution_unpaired,0.7,0.05,,0.1,0.05,0.010207,0.9984,0.0286
official_test,H2_compound_shift_interaction,difference_in_differences,0.7,0.05,0.5,0.1,0.05,0.011287,0.9932,0.0316
official_test,H2_compound_shift_interaction,difference_in_differences,0.7,0.05,0.7,0.1,0.05,0.008828,0.9997,0.0274
official_test,H2_compound_shift_interaction,difference_in_differences,0.7,0.05,0.9,0.1,0.05,0.005337,1.0,0.0245
official_test,H1_risk_transport_gap,cross_institution_unpaired,0.7,0.05,,0.1,0.1,0.01022,1.0,0.0286
official_test,H2_compound_shift_interaction,difference_in_differences,0.7,0.05,0.5,0.1,0.1,0.012249,1.0,0.0343
official_test,H2_compound_shift_interaction,difference_in_differences,0.7,0.05,0.7,0.1,0.1,0.009728,1.0,0.0282
official_test,H2_compound_shift_interaction,difference_in_differences,0.7,0.05,0.9,0.1,0.1,0.006264,1.0,0.0253
official_test,H1_risk_transport_gap,cross_institution_unpaired,0.7,0.05,,0.2,0.02,0.013593,0.3126,0.0381
official_test,H2_compound_shift_interaction,difference_in_differences,0.7,0.05,0.5,0.2,0.02,0.013838,0.3034,0.0388
official_test,H2_compound_shift_interaction,difference_in_differences,0.7,0.05,0.7,0.2,0.02,0.010723,0.4622,0.03
official_test,H2_compound_shift_interaction,difference_in_differences,0.7,0.05,0.9,0.2,0.02,0.006203,0.5,0.0252
official_test,H1_risk_transport_gap,cross_institution_unpaired,0.7,0.05,,0.2,0.03,0.013594,0.5975,0.0381
official_test,H2_compound_shift_interaction,difference_in_differences,0.7,0.05,0.5,0.2,0.03,0.013957,0.5752,0.0391
official_test,H2_compound_shift_interaction,difference_in_differences,0.7,0.05,0.7,0.2,0.03,0.01082,0.7918,0.0303
official_test,H2_compound_shift_interaction,difference_in_differences,0.7,0.05,0.9,0.2,0.03,0.006274,0.9445,0.0253
official_test,H1_risk_transport_gap,cross_institution_unpaired,0.7,0.05,,0.2,0.05,0.013598,0.957,0.0381
official_test,H2_compound_shift_interaction,difference_in_differences,0.7,0.05,0.5,0.2,0.05,0.014183,0.9412,0.0397
official_test,H2_compound_shift_interaction,difference_in_differences,0.7,0.05,0.7,0.2,0.05,0.011009,0.9951,0.0308
official_test,H2_compound_shift_interaction,difference_in_differences,0.7,0.05,0.9,0.2,0.05,0.006422,1.0,0.0254
official_test,H1_risk_transport_gap,cross_institution_unpaired,0.7,0.05,,0.2,0.1,0.013605,1.0,0.0381
official_test,H2_compound_shift_interaction,difference_in_differences,0.7,0.05,0.5,0.2,0.1,0.014679,1.0,0.0411
official_test,H2_compound_shift_interaction,difference_in_differences,0.7,0.05,0.7,0.2,0.1,0.011439,1.0,0.032
official_test,H2_compound_shift_interaction,difference_in_differences,0.7,0.05,0.9,0.2,0.1,0.006799,1.0,0.0257
official_test,H1_risk_transport_gap,cross_institution_unpaired,0.7,0.05,,0.3,0.02,0.01557,0.2497,0.0436
official_test,H2_compound_shift_interaction,difference_in_differences,0.7,0.05,0.5,0.3,0.02,0.01571,0.2461,0.044
official_test,H2_compound_shift_interaction,difference_in_differences,0.7,0.05,0.7,0.3,0.02,0.01217,0.3758,0.0341
official_test,H2_compound_shift_interaction,difference_in_differences,0.7,0.05,0.9,0.3,0.02,0.00703,0.5,0.0259
official_test,H1_risk_transport_gap,cross_institution_unpaired,0.7,0.05,,0.3,0.03,0.015571,0.4867,0.0436
official_test,H2_compound_shift_interaction,difference_in_differences,0.7,0.05,0.5,0.3,0.03,0.015775,0.4768,0.0442
official_test,H2_compound_shift_interaction,difference_in_differences,0.7,0.05,0.7,0.3,0.03,0.012222,0.6896,0.0342
official_test,H2_compound_shift_interaction,difference_in_differences,0.7,0.05,0.9,0.3,0.03,0.007064,0.9215,0.0259
official_test,H1_risk_transport_gap,cross_institution_unpaired,0.7,0.05,,0.3,0.05,0.015573,0.8945,0.0436
official_test,H2_compound_shift_interaction,difference_in_differences,0.7,0.05,0.5,0.3,0.05,0.015896,0.8821,0.0445
official_test,H2_compound_shift_interaction,difference_in_differences,0.7,0.05,0.7,0.3,0.05,0.012319,0.9821,0.0345
official_test,H2_compound_shift_interaction,difference_in_differences,0.7,0.05,0.9,0.3,0.05,0.007132,1.0,0.026
official_test,H1_risk_transport_gap,cross_institution_unpaired,0.7,0.05,,0.3,0.1,0.015576,1.0,0.0436
official_test,H2_compound_shift_interaction,difference_in_differences,0.7,0.05,0.5,0.3,0.1,0.016133,1.0,0.0452
official_test,H2_compound_shift_interaction,difference_in_differences,0.7,0.05,0.7,0.3,0.1,0.012515,1.0,0.0351
official_test,H2_compound_shift_interaction,difference_in_differences,0.7,0.05,0.9,0.3,0.1,0.007279,1.0,0.0261
official_test,H1_risk_transport_gap,cross_institution_unpaired,0.7,0.15,,0.05,0.02,0.009673,0.5,0.0281
official_test,H2_compound_shift_interaction,difference_in_differences,0.7,0.15,0.5,0.05,0.02,0.010586,0.4719,0.0297
official_test,H2_compound_shift_interaction,difference_in_differences,0.7,0.15,0.7,0.05,0.02,0.008266,0.5,0.027
official_test,H2_compound_shift_interaction,difference_in_differences,0.7,0.15,0.9,0.05,0.02,0.004959,0.5,0.0242
official_test,H1_risk_transport_gap,cross_institution_unpaired,0.7,0.15,,0.05,0.03,0.009677,0.8493,0.0281
official_test,H2_compound_shift_interaction,difference_in_differences,0.7,0.15,0.5,0.05,0.03,0.011038,0.7757,0.0309
official_test,H2_compound_shift_interaction,difference_in_differences,0.7,0.15,0.7,0.05,0.03,0.00868,0.8753,0.0273
official_test,H2_compound_shift_interaction,difference_in_differences,0.7,0.15,0.9,0.05,0.03,0.005371,0.9687,0.0245
official_test,H1_risk_transport_gap,cross_institution_unpaired,0.7,0.15,,0.05,0.05,0.009685,0.999,0.0282
official_test,H2_compound_shift_interaction,difference_in_differences,0.7,0.15,0.5,0.05,0.05,0.011908,0.9874,0.0334
official_test,H2_compound_shift_interaction,difference_in_differences,0.7,0.15,0.7,0.05,0.05,0.009506,0.9992,0.028
official_test,H2_compound_shift_interaction,difference_in_differences,0.7,0.15,0.9,0.05,0.05,0.006241,1.0,0.0253
official_test,H1_risk_transport_gap,cross_institution_unpaired,0.7,0.15,,0.05,0.1,0.009704,1.0,0.0282
official_test,H2_compound_shift_interaction,difference_in_differences,0.7,0.15,0.5,0.05,0.1,0.013823,1.0,0.0387
official_test,H2_compound_shift_interaction,difference_in_differences,0.7,0.15,0.7,0.05,0.1,0.011396,1.0,0.0319
official_test,H2_compound_shift_interaction,difference_in_differences,0.7,0.15,0.9,0.05,0.1,0.008286,1.0,0.027
official_test,H1_risk_transport_gap,cross_institution_unpaired,0.7,0.15,,0.1,0.02,0.013308,0.3238,0.0373
official_test,H2_compound_shift_interaction,difference_in_differences,0.7,0.15,0.5,0.1,0.02,0.013889,0.3015,0.0389
official_test,H2_compound_shift_interaction,difference_in_differences,0.7,0.15,0.7,0.1,0.02,0.010781,0.4583,0.0302
official_test,H2_compound_shift_interaction,difference_in_differences,0.7,0.15,0.9,0.1,0.02,0.00629,0.5,0.0253
official_test,H1_risk_transport_gap,cross_institution_unpaired,0.7,0.15,,0.1,0.03,0.013311,0.6156,0.0373
official_test,H2_compound_shift_interaction,difference_in_differences,0.7,0.15,0.5,0.1,0.03,0.014176,0.5621,0.0397
official_test,H2_compound_shift_interaction,difference_in_differences,0.7,0.15,0.7,0.1,0.03,0.011028,0.7765,0.0309
official_test,H2_compound_shift_interaction,difference_in_differences,0.7,0.15,0.9,0.1,0.03,0.006501,0.938,0.0255
official_test,H1_risk_transport_gap,cross_institution_unpaired,0.7,0.15,,0.1,0.05,0.013316,0.9637,0.0373
official_test,H2_compound_shift_interaction,difference_in_differences,0.7,0.15,0.5,0.1,0.05,0.014731,0.9242,0.0413
official_test,H2_compound_shift_interaction,difference_in_differences,0.7,0.15,0.7,0.1,0.05,0.011523,0.9913,0.0323
official_test,H2_compound_shift_interaction,difference_in_differences,0.7,0.15,0.9,0.1,0.05,0.006966,1.0,0.0259
official_test,H1_risk_transport_gap,cross_institution_unpaired,0.7,0.15,,0.1,0.1,0.013328,1.0,0.0373
official_test,H2_compound_shift_interaction,difference_in_differences,0.7,0.15,0.5,0.1,0.1,0.015987,1.0,0.0448
official_test,H2_compound_shift_interaction,difference_in_differences,0.7,0.15,0.7,0.1,0.1,0.012697,1.0,0.0356
official_test,H2_compound_shift_interaction,difference_in_differences,0.7,0.15,0.9,0.1,0.1,0.008176,1.0,0.0269
official_test,H1_risk_transport_gap,cross_institution_unpaired,0.7,0.15,,0.2,0.02,0.01774,0.2026,0.0497
official_test,H2_compound_shift_interaction,difference_in_differences,0.7,0.15,0.5,0.2,0.02,0.01806,0.1969,0.0506
official_test,H2_compound_shift_interaction,difference_in_differences,0.7,0.15,0.7,0.2,0.02,0.013995,0.2977,0.0392
official_test,H2_compound_shift_interaction,difference_in_differences,0.7,0.15,0.9,0.2,0.02,0.008097,0.5,0.0268
official_test,H1_risk_transport_gap,cross_institution_unpaired,0.7,0.15,,0.2,0.03,0.017741,0.394,0.0497
official_test,H2_compound_shift_interaction,difference_in_differences,0.7,0.15,0.5,0.2,0.03,0.018216,0.3771,0.051
official_test,H2_compound_shift_interaction,difference_in_differences,0.7,0.15,0.7,0.2,0.03,0.014122,0.5653,0.0396
official_test,H2_compound_shift_interaction,difference_in_differences,0.7,0.15,0.9,0.2,0.03,0.008188,0.889,0.0269
official_test,H1_risk_transport_gap,cross_institution_unpaired,0.7,0.15,,0.2,0.05,0.017744,0.8045,0.0497
official_test,H2_compound_shift_interaction,difference_in_differences,0.7,0.15,0.5,0.2,0.05,0.018512,0.7707,0.0519
official_test,H2_compound_shift_interaction,difference_in_differences,0.7,0.15,0.7,0.2,0.05,0.014369,0.9357,0.0403
official_test,H2_compound_shift_interaction,difference_in_differences,0.7,0.15,0.9,0.2,0.05,0.008382,0.9998,0.0271
official_test,H1_risk_transport_gap,cross_institution_unpaired,0.7,0.15,,0.2,0.1,0.01775,0.9999,0.0497
official_test,H2_compound_shift_interaction,difference_in_differences,0.7,0.15,0.5,0.2,0.1,0.019159,0.9994,0.0537
official_test,H2_compound_shift_interaction,difference_in_differences,0.7,0.15,0.7,0.2,0.1,0.01493,1.0,0.0418
official_test,H2_compound_shift_interaction,difference_in_differences,0.7,0.15,0.9,0.2,0.1,0.008874,1.0,0.0275
official_test,H1_risk_transport_gap,cross_institution_unpaired,0.7,0.15,,0.3,0.02,0.020321,0.1646,0.0569
official_test,H2_compound_shift_interaction,difference_in_differences,0.7,0.15,0.5,0.3,0.02,0.020504,0.1624,0.0574
official_test,H2_compound_shift_interaction,difference_in_differences,0.7,0.15,0.7,0.3,0.02,0.015884,0.2417,0.0445
official_test,H2_compound_shift_interaction,difference_in_differences,0.7,0.15,0.9,0.3,0.02,0.009176,0.5,0.0277
official_test,H1_risk_transport_gap,cross_institution_unpaired,0.7,0.15,,0.3,0.03,0.020322,0.3143,0.0569
official_test,H2_compound_shift_interaction,difference_in_differences,0.7,0.15,0.5,0.3,0.03,0.02059,0.3075,0.0577
official_test,H2_compound_shift_interaction,difference_in_differences,0.7,0.15,0.7,0.3,0.03,0.015952,0.4684,0.0447
official_test,H2_compound_shift_interaction,difference_in_differences,0.7,0.15,0.9,0.3,0.03,0.00922,0.8609,0.0278
official_test,H1_risk_transport_gap,cross_institution_unpaired,0.7,0.15,,0.3,0.05,0.020324,0.6915,0.0569
official_test,H2_compound_shift_interaction,difference_in_differences,0.7,0.15,0.5,0.3,0.05,0.020747,0.6737,0.0581
official_test,H2_compound_shift_interaction,difference_in_differences,0.7,0.15,0.7,0.3,0.05,0.016079,0.8749,0.045
official_test,H2_compound_shift_interaction,difference_in_differences,0.7,0.15,0.9,0.3,0.05,0.009308,0.9994,0.0278
official_test,H1_risk_transport_gap,cross_institution_unpaired,0.7,0.15,,0.3,0.1,0.020327,0.9985,0.0569
official_test,H2_compound_shift_interaction,difference_in_differences,0.7,0.15,0.5,0.3,0.1,0.021056,0.9974,0.059
official_test,H2_compound_shift_interaction,difference_in_differences,0.7,0.15,0.7,0.3,0.1,0.016334,1.0,0.0458
official_test,H2_compound_shift_interaction,difference_in_differences,0.7,0.15,0.9,0.3,0.1,0.0095,1.0,0.028
official_test,H1_risk_transport_gap,cross_institution_unpaired,0.7,0.3,,0.05,0.02,0.012307,0.3689,0.0345
official_test,H2_compound_shift_interaction,difference_in_differences,0.7,0.3,0.5,0.05,0.02,0.013471,0.3173,0.0377
official_test,H2_compound_shift_interaction,difference_in_differences,0.7,0.3,0.7,0.05,0.02,0.010519,0.4766,0.0295
official_test,H2_compound_shift_interaction,difference_in_differences,0.7,0.3,0.9,0.05,0.02,0.00631,0.5,0.0253
official_test,H1_risk_transport_gap,cross_institution_unpaired,0.7,0.3,,0.05,0.03,0.012311,0.6833,0.0345
official_test,H2_compound_shift_interaction,difference_in_differences,0.7,0.3,0.5,0.05,0.03,0.014047,0.5697,0.0394
official_test,H2_compound_shift_interaction,difference_in_differences,0.7,0.3,0.7,0.05,0.03,0.011046,0.7751,0.0309
official_test,H2_compound_shift_interaction,difference_in_differences,0.7,0.3,0.9,0.05,0.03,0.006835,0.9283,0.0258
official_test,H1_risk_transport_gap,cross_institution_unpaired,0.7,0.3,,0.05,0.05,0.012319,0.9821,0.0345
official_test,H2_compound_shift_interaction,difference_in_differences,0.7,0.3,0.5,0.05,0.05,0.015153,0.9098,0.0425
official_test,H2_compound_shift_interaction,difference_in_differences,0.7,0.3,0.7,0.05,0.05,0.012097,0.9851,0.0339
official_test,H2_compound_shift_interaction,difference_in_differences,0.7,0.3,0.9,0.05,0.05,0.007942,0.9999,0.0267
official_test,H1_risk_transport_gap,cross_institution_unpaired,0.7,0.3,,0.05,0.1,0.012337,1.0,0.0346
official_test,H2_compound_shift_interaction,difference_in_differences,0.7,0.3,0.5,0.05,0.1,0.01759,0.9999,0.0493
official_test,H2_compound_shift_interaction,difference_in_differences,0.7,0.3,0.7,0.05,0.1,0.014502,1.0,0.0406
official_test,H2_compound_shift_interaction,difference_in_differences,0.7,0.3,0.9,0.05,0.1,0.010545,1.0,0.0295
official_test,H1_risk_transport_gap,cross_institution_unpaired,0.7,0.3,,0.1,0.02,0.016934,0.218,0.0474
official_test,H2_compound_shift_interaction,difference_in_differences,0.7,0.3,0.5,0.1,0.02,0.017675,0.2037,0.0495
official_test,H2_compound_shift_interaction,difference_in_differences,0.7,0.3,0.7,0.1,0.02,0.01372,0.3078,0.0384
official_test,H2_compound_shift_interaction,difference_in_differences,0.7,0.3,0.9,0.1,0.02,0.008004,0.5,0.0267
official_test,H1_risk_transport_gap,cross_institution_unpaired,0.7,0.3,,0.1,0.03,0.016936,0.4252,0.0474
official_test,H2_compound_shift_interaction,difference_in_differences,0.7,0.3,0.5,0.1,0.03,0.01804,0.3832,0.0505
official_test,H2_compound_shift_interaction,difference_in_differences,0.7,0.3,0.7,0.1,0.03,0.014034,0.5705,0.0393
official_test,H2_compound_shift_interaction,difference_in_differences,0.7,0.3,0.9,0.1,0.03,0.008273,0.8866,0.027
official_test,H1_risk_transport_gap,cross_institution_unpaired,0.7,0.3,,0.1,0.05,0.016941,0.8393,0.0475
official_test,H2_compound_shift_interaction,difference_in_differences,0.7,0.3,0.5,0.1,0.05,0.018747,0.7603,0.0525
official_test,H2_compound_shift_interaction,difference_in_differences,0.7,0.3,0.7,0.1,0.05,0.014664,0.9265,0.0411
official_test,H2_compound_shift_interaction,difference_in_differences,0.7,0.3,0.9,0.1,0.05,0.008865,0.9996,0.0275
official_test,H1_risk_transport_gap,cross_institution_unpaired,0.7,0.3,,0.1,0.1,0.016953,1.0,0.0475
official_test,H2_compound_shift_interaction,difference_in_differences,0.7,0.3,0.5,0.1,0.1,0.020345,0.9984,0.057
official_test,H2_compound_shift_interaction,difference_in_differences,0.7,0.3,0.7,0.1,0.1,0.016158,1.0,0.0453
official_test,H2_compound_shift_interaction,difference_in_differences,0.7,0.3,0.9,0.1,0.1,0.010405,1.0,0.0291
official_test,H1_risk_transport_gap,cross_institution_unpaired,0.7,0.3,,0.2,0.02,0.022574,0.1414,0.0632
official_test,H2_compound_shift_interaction,difference_in_differences,0.7,0.3,0.5,0.2,0.02,0.022983,0.1379,0.0644
official_test,H2_compound_shift_interaction,difference_in_differences,0.7,0.3,0.7,0.2,0.02,0.01781,0.2013,0.0499
official_test,H2_compound_shift_interaction,difference_in_differences,0.7,0.3,0.9,0.2,0.02,0.010304,0.4925,0.0289
official_test,H1_risk_transport_gap,cross_institution_unpaired,0.7,0.3,,0.2,0.03,0.022575,0.264,0.0632
official_test,H2_compound_shift_interaction,difference_in_differences,0.7,0.3,0.5,0.2,0.03,0.023181,0.2528,0.0649
official_test,H2_compound_shift_interaction,difference_in_differences,0.7,0.3,0.7,0.2,0.03,0.017971,0.3857,0.0503
official_test,H2_compound_shift_interaction,difference_in_differences,0.7,0.3,0.9,0.2,0.03,0.01042,0.821,0.0292
official_test,H1_risk_transport_gap,cross_institution_unpaired,0.7,0.3,,0.2,0.05,0.022578,0.6005,0.0633
official_test,H2_compound_shift_interaction,difference_in_differences,0.7,0.3,0.5,0.2,0.05,0.023558,0.5645,0.066
official_test,H2_compound_shift_interaction,difference_in_differences,0.7,0.3,0.7,0.2,0.05,0.018286,0.7807,0.0512
official_test,H2_compound_shift_interaction,difference_in_differences,0.7,0.3,0.9,0.2,0.05,0.010666,0.9968,0.0299
official_test,H1_risk_transport_gap,cross_institution_unpaired,0.7,0.3,,0.2,0.1,0.022584,0.9932,0.0633
official_test,H2_compound_shift_interaction,difference_in_differences,0.7,0.3,0.5,0.2,0.1,0.024381,0.9839,0.0683
official_test,H2_compound_shift_interaction,difference_in_differences,0.7,0.3,0.7,0.2,0.1,0.019,0.9995,0.0532
official_test,H2_compound_shift_interaction,difference_in_differences,0.7,0.3,0.9,0.2,0.1,0.011293,1.0,0.0316
official_test,H1_risk_transport_gap,cross_institution_unpaired,0.7,0.3,,0.3,0.02,0.02586,0.1177,0.0724
official_test,H2_compound_shift_interaction,difference_in_differences,0.7,0.3,0.5,0.3,0.02,0.026093,0.1163,0.0731
official_test,H2_compound_shift_interaction,difference_in_differences,0.7,0.3,0.7,0.3,0.02,0.020214,0.1659,0.0566
official_test,H2_compound_shift_interaction,difference_in_differences,0.7,0.3,0.9,0.3,0.02,0.011677,0.4024,0.0327
official_test,H1_risk_transport_gap,cross_institution_unpaired,0.7,0.3,,0.3,0.03,0.025861,0.2119,0.0725
official_test,H2_compound_shift_interaction,difference_in_differences,0.7,0.3,0.5,0.3,0.03,0.026202,0.2075,0.0734
official_test,H2_compound_shift_interaction,difference_in_differences,0.7,0.3,0.7,0.3,0.03,0.020301,0.3148,0.0569
official_test,H2_compound_shift_interaction,difference_in_differences,0.7,0.3,0.9,0.3,0.03,0.011733,0.7247,0.0329
official_test,H1_risk_transport_gap,cross_institution_unpaired,0.7,0.3,,0.3,0.05,0.025862,0.4894,0.0725
official_test,H2_compound_shift_interaction,difference_in_differences,0.7,0.3,0.5,0.3,0.05,0.026402,0.4736,0.074
official_test,H2_compound_shift_interaction,difference_in_differences,0.7,0.3,0.7,0.3,0.05,0.020462,0.6857,0.0573
official_test,H2_compound_shift_interaction,difference_in_differences,0.7,0.3,0.9,0.3,0.05,0.011845,0.9881,0.0332
official_test,H1_risk_transport_gap,cross_institution_unpaired,0.7,0.3,,0.3,0.1,0.025865,0.9717,0.0725
official_test,H2_compound_shift_interaction,difference_in_differences,0.7,0.3,0.5,0.3,0.1,0.026796,0.9618,0.0751
official_test,H2_compound_shift_interaction,difference_in_differences,0.7,0.3,0.7,0.3,0.1,0.020786,0.9978,0.0582
official_test,H2_compound_shift_interaction,difference_in_differences,0.7,0.3,0.9,0.3,0.1,0.012089,1.0,0.0339
